hitop_156;hitop_157;hitop_158;hitop_160;hitop_161;ext_154;ext_227;ext_263;ext_308;ext_369;ext_37;ext_415;ext_488;hitop_197;hitop_198;hitop_199;hitop_87;hitop_92;hitop_93;hitop_449;hitop_450;hitop_451;hitop_452;hitop_455;hitop_456;hitop_105;hitop_206;hitop_96;hitop_99;hitop_208;hitop_210;hitop_211;hitop_212;hitop_213;ext_103;ext_127;ext_212;ext_367;ext_402;ext_5;hitop_214;hitop_215;hitop_216;hitop_218;hitop_219;hitop_221;hitop_222;hitop_223;hitop_224;hitop_226;hitop_228;ext_300;ext_64;hitop_230;hitop_231;hitop_543;hitop_458;hitop_460;hitop_461;hitop_462;hitop_463;hitop_464;hitop_467;hitop_233;hitop_234;hitop_235;hitop_237;hitop_238;hitop_107;hitop_109;hitop_110;hitop_111;hitop_114;hitop_397;hitop_398;hitop_442;hitop_471;hitop_474;hitop_478;hitop_479;ext_303;ext_395;ext_432;ext_444;ext_101;ext_22;ext_262;ext_38;ext_13;ext_320;ext_361;ext_374;ext_429;ext_442;ext_97;hitop_469;hitop_547;hitop_552;hitop_554;hitop_557;hitop_558;hitop_173;hitop_508;hitop_8;hitop_187;hitop_190;hitop_191;exp12;exp14;exp8;exp9;exp17;exp18;exp19;hitop_333;hitop_334;hitop_336;ext_50;hitop_17;hitop_18;hitop_19;hitop_21;hitop_23;hitop_560;hitop_562;hitop_564;hitop_566;hitop_567;hitop_570;hitop_571;hitop_572;ext_193;ext_323;ext_514;ext_89;exp4;exp5;exp6;exp7;ext_136;ext_175;ext_216;ext_255;ext_370;ext_381;hitop_115;hitop_116;hitop_120;hitop_121;hitop_123;hitop_246;hitop_247;hitop_248;hitop_11;hitop_16;hitop_577;hitop_581;hitop_9;hitop_582;hitop_583;hitop_584;hitop_585;hitop_586;hitop_588;hitop_77;hitop_78;hitop_81;hitop_85;ext_20;ext_210;ext_26;ext_261;ext_269;ext_135;ext_350;ext_45;ext_65;ext_219;ext_380;ext_41;catch_1;catch_2;catch_3;ext_43;ext_441;ext_498;hitop_483;hitop_487;hitop_488;hitop_490;exp24;exp25;hitop_256;hitop_258;hitop_259;hitop_261;ext_145;ext_189;ext_291;ext_35;ext_438;ext_457;hitop_367;hitop_368;hitop_369;hitop_371;hitop_372;hitop_54;hitop_270;hitop_271;hitop_273;hitop_274;hitop_403;hitop_404;hitop_406;hitop_399;hitop_400;hitop_432;hitop_239;hitop_241;hitop_243;hitop_244;hitop_262;hitop_265;hitop_645;ext_198;ext_279;ext_448;ext_79;ext_58;hitop_56;hitop_661;hitop_662;hitop_128;hitop_129;hitop_131;hitop_132;hitop_133;hitop_275;hitop_278;hitop_279;ext_11;ext_197;ext_256;ext_257;ext_297;ext_102;ext_166;ext_264;ext_476;ext_56;ext_152;ext_266;ext_468;hitop_281;hitop_282;hitop_286;ext_121;ext_230;ext_280;ext_310;ext_396;ext_512;hitop_288;hitop_289;hitop_290;hitop_295;hitop_299;ext_205;hitop_407;hitop_408;hitop_409;hitop_410;ext_104;ext_500;hitop_300;hitop_301;hitop_302;exp22;exp23;hitop_414;hitop_415;ext_238;ext_281;ext_384;ext_407;hitop_153;hitop_154;hitop_155;hitop_527;hitop_531;hitop_532;hitop_533;hitop_534;hitop_594;catch_4;catch_5;hitop_595;hitop_596;hitop_601;hitop_606;hitop_608;ext_229;ext_352;ext_418;ext_460;hitop_310;ext_403;hitop_29;hitop_31;hitop_610;hitop_618;hitop_147;hitop_148;hitop_150;hitop_151;ext_73;hitop_305;hitop_306;hitop_307;hitop_309;ext_165;ext_515;hitop_34;hitop_35;hitop_37;hitop_39;ext_425;ext_495;hitop_62;hitop_63;ext_114;ext_172;ext_70;hitop_322;hitop_42;hitop_44;hitop_624;hitop_625;hitop_634;hitop_419;hitop_424;hitop_426;hitop_427;hitop_428;hitop_429;hitop_430;hitop_431;hitop_433;hitop_444;hitop_445;ext_171;ext_173;ext_400;ext_420;ext_67;ext_74;hitop_50;hitop_626;hitop_649;hitop_657;hitop_659;hitop_344;hitop_345;hitop_348;hitop_349;hitop_355;hitop_491;hitop_492;hitop_493;hitop_494;hitop_498;hitop_181;hitop_182;hitop_183;hitop_184;hitop_185;hitop_200;hitop_201;hitop_202;hitop_339;hitop_340;hitop_341;hitop_342;exp26;exp27;hitop_69;hitop_71;hitop_356;hitop_358;hitop_360;hitop_361;hitop_364;hitop_365;hitop_374;hitop_375;hitop_378;hitop_383;hitop_384;hitop_385;hitop_389;hitop_392;hitop_393;hitop_395;hitop_632;ext_131;ext_278;ext_371;ext_397;ext_99;sud012;sud018;sud020;sud013;exp30;exp31;exp32;sud040;sud041;sud043;sud044;sud058;sud084;sud096;sud100;sud035;sud047;sud049;exp33;sud070;sud071;sud072;exp28;exp29;catch_6;catch_7;ATTENTION CHECK;Age;country_born;country_residence;PT_residence_years;PT_lang;PT_residence_region;freguesia;urbanicity;race_1;race_2;race_3;race_4;race_5;race_6;race_9;gender;sex;education;employment;socioeconomic;income;marital_status;household_adults;household_children;spirituality;mental_diagnosis;mental_diagnosis_conv;mental_treatment_1;mental_treatment_2;mental_treatment_3;mental_treatment_4;mental_treatment_5;mental_treatment_9;mental_med;treatment_access;insurance;absenteeism;presenteeism;life_events_1;life_events_2;life_events_3;life_events_4;life_events_5;life_events_6;life_events_7;life_events_8;life_events_10;life_events_11;life_events_12;life_events_13;life_events_9;life_events_0;social_support;alc;can;nic;stimulant;inal;aluc;opiod;medicines;life_alc;life_can;life_nic;life_ilicdrugs;life_medicines
1;1;1;1;1;1;1;1;1;1;1;1;1;1;1;1;1;2;3;1;1;1;2;1;1;1;1;1;1;2;2;1;1;1;2;2;2;1;2;1;2;2;1;1;1;1;1;1;1;2;1;1;1;1;2;1;1;1;1;1;1;1;1;1;1;2;1;1;2;2;1;2;3;1;1;1;1;1;1;1;1;1;1;1;1;1;1;2;1;1;1;1;1;1;1;1;1;1;1;1;1;2;1;1;1;1;1;1;1;1;1;1;1;1;1;1;1;2;2;1;1;2;1;1;2;1;1;1;2;2;1;1;1;2;1;2;2;1;2;1;2;1;1;2;1;1;1;1;2;1;1;1;1;1;1;1;1;2;1;1;1;1;1;1;1;1;2;1;2;1;1;1;1;1;1;1;1;1;2;1;1;1;1;2;1;3;1;1;1;1;1;1;1;1;1;1;1;3;1;1;2;2;1;1;1;1;1;1;1;1;2;1;1;1;1;1;1;1;1;1;1;1;1;2;1;3;2;2;3;1;2;2;2;2;2;1;2;2;1;1;1;1;1;1;1;1;1;3;1;1;1;1;1;1;1;1;1;1;2;1;1;1;1;1;1;1;1;1;1;2;1;1;1;1;1;1;2;2;3;2;1;2;1;1;1;1;1;1;1;1;1;1;1;1;1;1;1;1;1;1;1;1;1;1;1;1;1;3;2;2;1;2;1;1;1;1;2;1;3;3;1;3;2;3;1;2;1;1;1;1;1;1;1;1;1;1;1;1;1;1;2;1;1;1;1;1;1;1;1;1;1;2;1;2;1;1;1;2;1;1;2;2;1;1;1;1;1;2;1;3;2;2;1;1;1;1;1;1;1;1;1;1;1;1;1;1;1;1;1;1;1;1;1;1;1;1;1;1;1;1;2;2;2;2;3;1;1;1;1;1;2;2;3;2;1;1;1;2;1;1;1;1;2;1;2;1;1;1;1;1;2;1;1;1;1;1;;37;Portugal;Portugal;Toda a vida;Sim;Norte;Senhora da Hora (MATOSINHOS);Urbano;Branca;;;;;;;Cisgénero (identifica-se com o sexo atribuído à nascença);Masculino;Ensino Secundário concluído (10º, 11º, 12º ano);Empregado/a;Médio-baixo;1 801 - 2800 €;Casado/a ou em União de Facto;2;Sim, tenho 1 filho/a;Nada Importante;Não, nunca tive;0;Não;;;;;;;Não procurei ajuda porque não precisei;Tenho seguro de saúde que cobre despesas relacionadas com saúde mental;Não;Não, nunca ou raramente.;;;;;;;;;;;;;;Não experienciei nenhuma destas situações;5 ou mais pessoas;Uso semanal (pelo menos 1 vez por semana);Nunca;Uso mensal (pelo menos 1 vez por mês);Nunca;Nunca;Nunca;Nunca;Nunca;Uso semanal (pelo menos 1 vez por semana);Nunca;Uso mensal (em média 1 vez por mês);Nunca;Nunca
1;1;1;1;1;1;1;1;1;1;1;1;1;3;1;2;1;1;2;1;3;1;2;1;1;1;2;1;1;2;4;2;3;3;3;3;3;3;3;4;1;4;2;2;1;1;1;1;1;2;1;2;1;1;1;1;1;1;1;2;1;1;1;3;1;3;1;1;4;3;1;4;1;3;2;2;1;1;1;1;2;3;3;1;1;3;1;2;2;1;1;1;1;1;1;1;1;1;1;1;4;3;1;2;1;3;3;2;3;2;2;3;3;4;1;2;1;4;4;4;3;4;3;1;2;3;1;3;4;2;2;2;1;1;1;3;3;2;4;3;3;4;3;3;4;1;1;1;1;1;1;1;1;4;2;1;1;1;2;1;1;1;1;2;1;1;2;1;1;1;1;1;1;4;3;3;3;3;3;4;1;1;1;3;3;3;1;2;3;1;1;4;1;1;1;1;4;3;2;3;4;3;2;3;2;3;3;1;1;1;3;1;2;3;1;1;1;2;1;3;4;1;1;1;1;1;3;4;4;1;1;3;1;3;2;1;3;1;1;1;1;1;1;3;3;2;1;2;1;1;2;1;1;1;1;1;1;1;2;1;2;3;2;1;1;4;1;1;2;1;1;1;1;2;1;1;3;3;1;2;2;3;1;1;1;1;1;1;1;1;4;3;1;2;1;1;1;1;1;1;1;1;1;1;1;1;2;4;3;2;3;4;2;1;1;1;4;3;4;4;3;2;2;4;1;3;1;4;2;1;3;1;4;1;1;1;1;1;1;1;1;1;1;1;3;4;2;2;1;1;1;1;1;2;1;1;1;3;2;3;2;4;2;1;1;2;2;2;1;2;1;1;1;1;2;1;3;1;1;1;1;2;3;1;1;3;2;1;1;1;1;1;2;4;1;1;2;1;1;1;4;4;3;3;4;2;1;4;3;2;1;1;3;1;1;1;1;1;1;1;3;1;1;1;1;1;1;2;1;1;1;1;1;1;1;1;;20;Portugal;Portugal;Toda a vida;Sim;Norte;São Félix da Marinha (VILA NOVA DE GAIA);Urbano;Branca;;;;;;;Cisgénero (identifica-se com o sexo atribuído à nascença);Masculino;Ensino Secundário concluído (10º, 11º, 12º ano);Estudante;Médio-alto;1 801 - 2800 €;Solteiro/a;3;Não;Mais ou menos Importante;Não, nunca tive;0;;;;;;;;Sim;Não tenho a certeza;Não;Por vezes;;;;;;;Conflitos familiares ou relacionais persistentes;;;;;;;;2-4 pessoas;Uso mensal (pelo menos 1 vez por mês);Nunca;Nunca;Nunca;Nunca;Nunca;Nunca;Nunca;Uso mensal (em média 1 vez por mês);Nunca;Só para experimentar (1-3 vezes na vida);Nunca;Nunca
1;1;1;1;1;1;1;1;1;1;1;1;1;2;1;2;2;2;2;2;2;3;2;1;1;1;2;3;3;3;2;1;2;2;3;3;3;3;3;3;1;2;2;2;1;2;1;1;1;1;2;2;2;2;2;2;1;1;2;1;1;1;1;1;1;1;1;1;3;3;3;3;3;2;1;2;1;1;1;1;2;2;2;3;1;2;1;1;1;1;1;1;3;2;2;1;2;2;1;1;1;2;3;3;2;3;2;3;3;2;3;2;2;2;1;2;2;3;1;1;1;2;2;2;1;3;2;2;1;1;1;2;2;2;1;2;2;2;2;3;2;2;2;2;3;1;1;1;1;1;1;1;1;3;2;2;2;2;1;1;2;2;1;1;1;2;3;1;4;4;3;2;1;2;1;2;1;3;3;3;1;1;1;2;2;2;1;1;1;1;1;2;1;1;1;3;2;2;2;2;2;3;2;2;2;1;2;1;2;1;3;2;2;1;1;2;2;1;2;2;2;2;1;1;2;1;2;2;2;1;2;2;2;3;3;1;2;1;1;1;1;1;2;2;3;2;2;2;2;2;3;1;1;1;1;1;1;1;1;2;2;1;1;1;1;2;1;1;1;1;1;1;2;1;1;1;1;1;1;1;1;2;1;1;1;1;1;1;1;1;1;1;1;1;1;1;1;2;1;1;1;1;1;1;1;2;1;4;4;3;2;3;1;2;3;2;2;2;3;2;2;3;3;3;3;4;4;2;1;2;2;1;1;1;1;4;1;1;1;1;1;1;1;1;1;4;3;1;1;1;1;3;2;2;1;2;2;3;2;3;3;3;2;1;2;2;1;1;2;1;3;1;2;1;1;1;1;1;1;1;1;2;1;1;2;1;2;1;1;1;1;1;1;3;1;1;1;1;1;1;3;4;3;3;3;1;1;1;1;1;1;2;1;1;1;2;2;1;2;1;2;1;3;1;1;2;2;1;1;1;2;1;1;1;1;1;;19;Portugal;Portugal;Toda a vida;Sim;Grande Lisboa;Algés, Linda-a-Velha e Cruz Quebrada-Dafundo (OEIRAS);Urbano;Branca;;;;;;;Cisgénero (identifica-se com o sexo atribuído à nascença);Masculino;Ensino pós-secundário não superior (cursos técnico-profissionais, cursos de especialização, formação técnica);Estudante;Médio-alto;4001 - 6000 €;Solteiro/a;4;Não;Mais ou menos Importante;Não, nunca tive;0;Não;;;;;;N/A;Sim;Tenho seguro de saúde que cobre despesas relacionadas com saúde mental;Não;Por vezes;;;;;;;;;;;;;;Não experienciei nenhuma destas situações;5 ou mais pessoas;Uso mensal (pelo menos 1 vez por mês);Ocasionalmente (1 - 10 vezes em todo o ano);Uso mensal (pelo menos 1 vez por mês);Nunca;Nunca;Nunca;Nunca;Nunca;Uso mensal (em média 1 vez por mês);Ocasionalmente (menos de 1 vez por mês);Uso mensal (em média 1 vez por mês);Nunca;Nunca
1;1;1;1;1;1;1;1;1;1;1;1;1;2;1;1;1;1;3;2;2;1;2;2;1;2;1;3;3;1;4;2;3;3;2;2;1;2;1;2;1;2;1;3;1;1;1;1;1;2;1;1;2;4;3;2;1;1;1;1;1;1;1;1;1;1;3;1;3;3;1;3;2;2;2;2;1;1;1;1;2;3;3;2;1;1;1;1;2;1;1;3;3;1;2;1;1;1;1;1;1;1;2;1;2;4;1;2;2;2;3;1;1;3;2;2;2;2;1;2;1;2;2;1;1;1;2;3;1;1;1;2;2;1;1;2;2;1;1;2;1;2;2;1;2;1;1;1;3;1;1;1;1;2;1;1;3;1;1;1;3;2;1;1;2;2;1;1;2;1;1;1;1;1;2;1;1;2;2;2;1;1;1;3;2;2;2;2;3;2;1;2;1;2;1;2;3;3;3;2;4;3;1;1;1;1;1;1;2;1;1;1;1;1;1;1;1;1;1;1;2;1;1;1;1;1;1;1;3;1;1;1;1;4;3;3;3;2;1;1;1;1;2;2;3;1;2;2;2;1;2;2;1;1;1;1;1;1;1;2;2;1;2;1;2;2;1;1;1;1;1;1;1;1;2;1;1;2;2;2;2;2;2;1;1;1;1;1;1;1;1;1;1;1;1;1;1;1;1;2;1;1;1;1;1;1;1;3;2;1;2;1;1;1;1;1;2;2;3;4;1;2;3;3;2;3;1;2;1;2;1;1;1;1;1;1;1;2;1;1;1;1;1;1;1;2;1;1;1;1;1;2;1;1;1;1;1;2;2;3;3;4;3;4;4;4;3;1;1;2;2;1;1;4;1;2;1;1;1;1;1;3;1;1;1;1;1;1;1;1;1;1;1;2;1;1;2;1;1;2;3;3;3;3;3;1;1;1;2;1;1;3;1;1;1;1;2;1;1;1;2;1;1;1;1;1;1;1;1;1;1;1;1;1;1;1;;22;Portugal;Portugal;Toda a vida;Sim;Grande Lisboa;Penha de França (LISBOA);Semiurbano;Branca;;;;;;;Cisgénero (identifica-se com o sexo atribuído à nascença);Masculino;Ensino Secundário concluído (10º, 11º, 12º ano);Estudante;Médio;1 801 - 2800 €;Solteiro/a;2;Não;Pouco Importante;Não, nunca tive;0;Não;;;;;;não tomo medicação;Sim, mas com algumas dificuldades;Não tenho a certeza;Não;Por vezes;;;;;;;;;Luto;;;;;;5 ou mais pessoas;Uso mensal (pelo menos 1 vez por mês);Nunca;Nunca;Nunca;Nunca;Nunca;Nunca;Nunca;Uso semanal (pelo menos 1 vez por semana);Só para experimentar (1-3 vezes na vida);Nunca;Nunca;Nunca
1;1;1;1;1;1;1;3;1;1;1;1;1;3;1;2;2;2;3;3;2;1;3;1;3;2;4;4;4;4;1;3;2;2;2;3;2;4;2;4;3;3;3;3;3;2;1;1;3;2;3;2;3;3;3;1;1;1;1;1;1;1;1;1;1;1;2;1;3;3;2;3;3;1;1;2;1;1;1;1;2;2;3;3;1;2;2;1;2;3;3;1;3;1;2;1;4;4;4;2;3;3;3;4;1;2;3;2;4;4;3;3;3;4;3;3;3;1;1;1;1;2;2;3;3;4;4;2;4;3;2;4;3;2;3;3;3;2;3;2;2;3;3;1;2;1;1;1;1;1;1;1;1;1;1;1;1;1;3;1;2;4;4;4;3;3;3;2;2;1;1;3;1;1;2;2;1;1;1;4;1;1;1;1;1;1;1;1;2;1;1;3;1;2;1;3;3;4;1;3;3;3;1;2;1;4;1;1;2;1;4;2;1;1;2;2;1;1;1;3;3;2;2;3;3;3;3;2;3;1;1;2;2;2;1;2;2;1;1;1;1;1;2;1;3;2;3;4;3;3;2;1;1;1;1;1;1;2;4;3;4;4;3;1;1;2;1;1;1;1;1;1;1;1;2;2;3;2;2;2;2;2;2;1;3;1;1;1;1;1;1;1;2;2;3;1;1;3;2;3;2;1;2;2;3;1;3;4;4;4;4;4;1;3;1;1;3;1;4;3;3;1;3;2;1;1;2;2;2;3;2;1;2;2;1;4;4;4;2;2;1;1;1;1;1;2;2;2;1;1;1;3;1;4;2;2;4;4;3;4;4;4;1;1;1;1;1;2;2;2;1;1;4;1;1;2;2;1;1;1;2;1;1;2;1;1;1;1;4;2;2;1;1;3;1;1;2;1;1;3;2;3;3;2;3;2;1;2;1;1;2;2;2;1;2;1;1;1;1;1;1;1;2;2;3;1;1;1;1;1;1;1;1;1;1;1;;28;Portugal;Portugal;Toda a vida;Sim;Grande Lisboa;Loures (LOURES);Urbano;;Negra;;;;;;Cisgénero (identifica-se com o sexo atribuído à nascença);Masculino;Ensino pós-secundário não superior (cursos técnico-profissionais, cursos de especialização, formação técnica);Empregado/a;Médio;1 201 - 1 500 €;Solteiro/a;2;Não;Mais ou menos Importante;Não, nunca tive;0;Não;;;;;;nada;Não procurei ajuda porque não precisei;Não tenho a certeza;Não;Bastantes vezes;;;Insegurança laboral (salários em atraso, contratos precários ou temporários, sem proteção social em caso de despedimento, ou outros);Insegurança física (nos trajetos do dia-a-dia e locais que costuma frequentar);;Sobrecarga de cuidados a crianças, idosos ou pessoas dependentes;;;;;;;;;Nenhuma;Uso mensal (pelo menos 1 vez por mês);Ocasionalmente (1 - 10 vezes em todo o ano);Nunca;Nunca;Nunca;Nunca;Ocasionalmente (1 - 10 vezes em todo o ano);Nunca;Uso mensal (em média 1 vez por mês);Só para experimentar (1-3 vezes na vida);Nunca;Nunca;Nunca
2;2;4;1;1;1;1;1;1;1;1;1;1;1;1;1;2;3;2;2;3;1;3;1;4;1;1;3;3;1;3;1;1;1;2;2;2;1;2;1;3;2;2;4;1;3;1;2;3;1;1;2;1;2;2;1;1;2;1;1;1;1;1;1;1;1;2;1;1;2;3;1;1;1;2;1;1;1;1;1;1;4;4;2;1;1;2;2;1;1;1;2;3;1;3;1;1;1;1;1;1;1;2;2;1;2;4;2;1;3;3;1;2;4;1;2;2;2;2;2;2;3;1;1;2;1;1;1;1;1;1;3;3;2;3;3;3;3;3;1;2;2;1;2;2;1;1;1;1;1;1;1;1;2;2;1;1;1;1;1;2;1;1;1;1;4;4;1;1;2;1;1;1;1;3;3;2;2;2;2;1;1;1;2;1;2;2;3;2;3;1;1;1;1;1;2;2;2;1;2;2;2;1;3;1;4;3;2;3;2;3;3;1;1;1;2;2;1;1;2;1;1;1;1;1;1;2;3;3;1;2;2;1;1;1;2;1;1;1;1;1;2;2;2;2;2;1;2;2;2;1;1;1;1;1;1;1;1;3;2;1;1;2;1;1;2;1;1;1;2;1;1;1;1;1;1;1;1;1;3;2;2;1;2;1;1;1;1;1;1;1;1;1;1;1;1;1;1;1;1;1;1;1;1;1;1;1;3;2;2;2;2;1;2;2;1;1;1;3;2;2;2;2;3;1;3;2;1;1;1;1;1;1;1;1;2;2;3;2;2;1;1;1;1;2;2;1;2;1;1;1;1;1;2;1;1;1;4;3;3;4;4;2;1;2;1;3;1;1;1;1;1;2;1;2;2;1;1;1;1;1;3;2;1;1;1;2;1;4;1;1;1;3;3;1;1;1;1;1;1;3;2;2;2;3;2;3;3;1;1;1;2;1;1;1;2;2;3;1;1;1;1;3;1;3;1;1;1;1;1;1;1;1;1;1;1;;36;Portugal;Portugal;Toda a vida;Sim;Grande Lisboa;Olivais (LISBOA);Rural;Branca;;;;;;;Cisgénero (identifica-se com o sexo atribuído à nascença);Masculino;Ensino Secundário concluído (10º, 11º, 12º ano);Empregado/a;Médio;1 801 - 2800 €;Casado/a ou em União de Facto;2;Sim, tenho 2 filhos/as;Nada Importante;Não, nunca tive;0;Não;;;;;;não aplicável;Sim;Tenho seguro de saúde que cobre despesas relacionadas com saúde mental;Não;Por vezes;;;;;;Sobrecarga de cuidados a crianças, idosos ou pessoas dependentes;;;;;;;;;1 pessoa;Uso semanal (pelo menos 1 vez por semana);Nunca;Nunca;Nunca;Nunca;Nunca;Nunca;Nunca;Uso semanal (pelo menos 1 vez por semana);Só para experimentar (1-3 vezes na vida);Ocasionalmente (menos de 1 vez por mês);Nunca;Nunca
2;1;1;1;1;1;1;1;1;1;1;1;1;1;1;2;1;2;2;1;3;2;3;2;2;2;2;2;1;1;2;1;2;1;2;2;2;1;2;2;2;4;2;2;3;1;1;1;1;1;3;2;3;3;3;2;1;1;1;2;1;1;1;1;1;1;1;1;2;1;1;3;1;2;2;3;1;2;1;1;2;2;2;1;1;2;2;1;2;4;2;1;4;1;2;1;1;2;1;1;2;2;2;2;2;3;2;2;2;2;3;2;3;3;2;3;1;3;1;2;2;3;1;2;2;2;2;1;2;3;3;3;1;1;1;3;3;3;3;2;1;2;2;1;2;1;1;2;1;2;1;1;1;2;3;2;1;2;2;1;1;2;2;2;1;2;1;2;1;1;1;1;1;3;3;4;3;2;2;3;1;1;1;3;2;2;1;2;2;2;2;1;1;1;1;2;2;3;1;2;2;3;2;2;2;3;4;2;2;2;2;2;1;2;1;1;1;2;1;2;2;1;2;2;2;2;3;1;3;1;2;3;1;2;3;2;2;1;2;1;1;2;3;2;2;2;3;2;2;2;2;1;1;1;1;2;1;1;1;2;2;1;3;2;3;3;2;1;1;1;1;1;1;1;2;1;1;2;2;4;2;2;1;1;2;1;1;1;1;1;1;1;1;1;1;1;1;1;1;1;1;1;2;2;2;1;2;3;2;2;1;3;1;1;1;1;2;2;2;2;2;2;2;2;2;2;1;2;2;1;1;1;1;2;1;2;2;3;1;1;1;1;1;1;3;3;2;3;1;2;1;2;1;1;1;1;2;2;2;2;2;3;2;1;1;4;2;2;2;1;2;1;1;1;1;1;1;1;2;1;1;2;1;2;1;2;2;1;2;1;2;1;1;3;1;2;1;1;2;1;3;3;3;3;2;1;2;1;2;1;1;1;1;1;1;1;1;2;1;1;1;1;1;1;1;1;1;1;1;1;1;1;1;1;1;1;;22;Portugal;Portugal;Toda a vida;Sim;Grande Lisboa;Mafra (MAFRA);Semiurbano;Branca;;;;;;;Cisgénero (identifica-se com o sexo atribuído à nascença);Masculino;Ensino pós-secundário não superior (cursos técnico-profissionais, cursos de especialização, formação técnica);Estudante;Médio-alto;4001 - 6000 €;Solteiro/a;4;Não;Muito Importante;Não, nunca tive;0;Não;;;;;;0;Sim;Não tenho a certeza;Não;Bastantes vezes;;;;;;;Conflitos familiares ou relacionais persistentes;;Luto;;;;;;2-4 pessoas;Nunca;Nunca;Nunca;Nunca;Nunca;Nunca;Nunca;Nunca;Uso mensal (em média 1 vez por mês);Nunca;Nunca;Nunca;Nunca
1;1;1;1;1;1;1;1;1;1;1;1;1;1;1;1;2;2;1;1;1;1;1;2;1;1;1;1;1;2;2;1;1;1;2;2;1;2;2;3;3;3;3;4;1;1;1;1;1;1;2;3;2;4;3;4;1;1;1;1;1;1;1;1;1;1;1;1;2;1;1;1;1;3;2;4;1;3;1;1;1;1;1;1;1;1;1;2;2;1;1;3;4;1;3;1;1;3;2;1;2;1;2;1;1;2;1;1;2;1;2;1;2;3;1;1;1;1;1;1;1;1;3;2;3;2;2;2;2;2;2;2;1;1;1;1;1;1;1;3;1;4;3;1;1;1;1;1;3;1;1;1;1;3;3;2;1;1;1;4;1;1;1;1;1;1;1;1;1;1;1;1;1;1;1;1;1;2;3;4;1;1;1;3;2;2;1;2;2;1;1;1;1;1;1;1;2;2;1;2;2;1;2;1;1;1;2;1;1;1;1;1;1;2;2;1;1;1;4;1;2;1;1;3;1;1;1;3;1;1;2;1;1;1;1;1;2;1;1;1;1;2;2;2;3;2;1;2;3;1;1;1;1;1;1;1;1;1;4;2;1;2;2;1;1;1;2;1;1;2;2;2;2;1;2;1;2;1;2;1;1;3;1;1;1;1;1;1;1;1;1;1;3;1;2;1;1;1;2;3;2;1;1;1;4;3;4;1;2;4;1;2;1;1;1;1;1;1;1;3;2;1;3;1;1;2;1;4;4;4;2;1;2;1;2;3;2;4;4;1;2;1;1;1;2;2;1;1;1;1;1;2;1;2;1;1;1;2;2;1;1;1;1;2;3;1;3;4;3;3;3;2;1;1;1;1;1;1;1;1;1;1;1;1;1;1;2;1;1;1;1;1;1;1;1;1;1;1;1;1;3;4;4;3;3;1;1;2;2;1;2;3;3;3;2;1;2;3;1;1;2;1;1;1;2;2;1;1;1;1;1;2;1;2;1;1;;22;Portugal;Portugal;Toda a vida;Sim;Grande Lisboa;São Domingos de Rana (CASCAIS);Semiurbano;Branca;;;;;;;Cisgénero (identifica-se com o sexo atribuído à nascença);Masculino;Ensino Secundário concluído (10º, 11º, 12º ano);Desempregado/a;Médio-alto;2 801 - 4 000 €;Solteiro/a;3;Não;Mais ou menos Importante;Não, nunca tive;0;Não;;;;;;NA;Sim;Tenho seguro de saúde que cobre despesas relacionadas com saúde mental;Não;Não, nunca ou raramente.;;;;;Desemprego;;;;;;;;;;2-4 pessoas;Uso semanal (pelo menos 1 vez por semana);Uso mensal (pelo menos 1 vez por mês);Ocasionalmente (1 - 10 vezes em todo o ano);Nunca;Nunca;Ocasionalmente (1 - 10 vezes em todo o ano);Nunca;Ocasionalmente (1 - 10 vezes em todo o ano);Uso semanal (pelo menos 1 vez por semana);Ocasionalmente (menos de 1 vez por mês);Ocasionalmente (menos de 1 vez por mês);Só para experimentar (1-3 vezes na vida);Nunca
1;1;1;1;3;1;1;1;1;1;1;1;1;4;2;3;1;1;1;2;3;1;1;2;2;1;3;2;1;2;2;1;2;1;1;1;4;2;2;3;4;4;4;4;4;1;1;1;1;2;1;3;4;4;3;4;1;1;1;2;1;1;1;1;4;4;4;4;2;2;1;3;1;4;1;4;1;2;1;1;3;3;3;2;1;1;1;1;1;2;3;2;2;3;4;1;3;1;1;1;4;3;3;3;3;4;4;3;4;4;3;4;4;4;1;3;2;1;1;1;3;3;1;2;3;2;1;1;2;2;1;3;1;2;2;4;3;4;3;2;1;2;1;1;1;1;1;1;1;1;4;4;4;1;2;1;1;1;4;2;3;3;3;4;3;3;2;3;1;1;1;1;1;1;1;2;3;2;1;1;1;1;1;1;1;2;3;4;4;2;1;1;1;1;1;2;3;3;2;4;4;3;2;3;3;2;2;3;4;4;4;4;4;4;3;4;4;2;1;2;1;1;1;2;1;3;2;3;3;3;2;2;2;1;1;2;1;1;1;1;2;3;4;3;4;3;3;3;3;2;2;1;1;3;1;2;1;2;1;1;2;1;2;2;1;2;1;1;1;4;1;1;2;2;1;2;3;3;1;1;1;1;1;2;1;1;1;1;1;1;1;1;1;1;2;1;1;1;1;2;3;1;2;2;3;2;3;3;3;3;1;3;4;1;1;1;1;2;2;3;3;3;2;4;3;3;2;3;1;1;2;1;1;2;1;4;4;2;2;3;1;1;1;1;4;3;3;3;3;1;2;1;1;2;2;1;1;2;4;3;2;4;2;2;2;1;4;1;2;1;1;1;1;1;2;1;1;2;1;3;1;1;2;4;1;4;3;2;2;1;3;1;1;3;2;1;2;1;1;1;2;2;1;2;2;3;3;4;1;3;1;1;1;1;1;1;1;1;1;1;1;1;1;1;1;1;1;1;1;1;1;1;1;1;1;1;;23;Portugal;Portugal;Toda a vida;Sim;Norte;Gualtar (BRAGA);Rural;Branca;;;;;;;Cisgénero (identifica-se com o sexo atribuído à nascença);Feminino;Ensino Secundário concluído (10º, 11º, 12º ano);Estudante;Médio;2 801 - 4 000 €;Solteiro/a;4;Não;Mais ou menos Importante;Não, nunca tive;0;Não;;;;;;Victan em SOS, mas foi no ultimo mês que usei por 2 vezes;Sim, mas com algumas dificuldades;Tenho seguro de saúde que cobre despesas relacionadas com saúde mental;Sim, mais de 15 dias;Frequentemente ou Sempre;;;;;;Sobrecarga de cuidados a crianças, idosos ou pessoas dependentes;Conflitos familiares ou relacionais persistentes;Deficiência física, doença crónica ou problema de saúde grave (do próprio ou de pessoa próxima) com impacto na vida diária;Luto;;;;;;2-4 pessoas;Uso mensal (pelo menos 1 vez por mês);Nunca;Nunca;Nunca;Nunca;Nunca;Nunca;Nunca;Uso mensal (em média 1 vez por mês);Nunca;Nunca;Nunca;Nunca
1;1;1;1;1;1;1;2;1;1;1;1;1;2;2;2;2;4;3;2;2;1;4;2;1;1;2;3;2;2;3;2;3;1;1;2;2;4;2;2;4;3;4;4;2;2;1;2;4;4;1;2;2;3;2;2;1;1;2;2;1;1;1;1;1;2;1;2;2;2;1;2;2;4;3;2;2;3;1;1;2;2;2;1;1;1;3;2;2;2;2;2;3;4;1;2;1;2;1;2;1;2;2;1;1;4;4;4;2;2;4;2;4;2;1;4;4;2;1;1;1;2;2;1;1;1;1;4;4;3;3;4;4;4;2;4;4;4;4;4;1;2;3;1;2;1;1;1;2;1;1;1;1;2;2;2;1;2;2;2;2;2;3;1;4;3;3;2;2;1;1;1;2;1;1;2;1;1;2;4;1;1;1;4;1;2;2;3;2;2;1;2;1;2;1;2;2;2;2;2;2;2;1;4;2;1;2;2;4;2;4;4;3;3;4;4;4;4;1;1;1;1;1;1;1;3;2;2;4;4;3;2;3;2;1;1;1;1;2;2;4;2;2;2;2;2;4;4;4;2;2;1;1;1;1;1;1;2;4;1;4;4;3;4;1;2;2;1;1;1;1;1;1;1;3;1;2;1;1;1;1;3;2;2;2;1;1;1;1;1;1;1;1;1;1;1;1;2;1;1;1;1;2;1;2;1;2;2;2;2;2;2;2;1;2;1;4;2;4;4;4;4;2;2;3;2;3;1;1;1;1;1;1;1;1;2;2;1;1;2;1;1;1;1;4;3;2;4;3;2;3;2;1;2;1;1;1;3;3;3;3;4;1;4;1;1;2;4;2;4;3;2;1;1;2;1;1;1;1;1;2;2;2;1;1;2;2;1;2;1;1;1;4;2;3;2;2;1;1;1;4;4;3;4;2;2;2;1;2;1;1;1;1;2;1;1;2;1;1;1;1;1;1;1;1;1;1;1;1;1;1;1;1;1;1;1;;36;Suécia;Portugal;A maior parte da minha vida;Sim;Algarve;Silves (SILVES);Semiurbano;Branca;;;;;;;Cisgénero (identifica-se com o sexo atribuído à nascença);Feminino;Ensino Secundário concluído (10º, 11º, 12º ano);Empregado/a;Médio;1 801 - 2800 €;Casado/a ou em União de Facto;2;Sim, tenho 1 filho/a;Pouco Importante;Não, nunca tive;0;Não;;;;;;nao tomo medicaçao;Sim;Tenho seguro de saúde que cobre despesas relacionadas com saúde mental;Não;Não, nunca ou raramente.;;;;;;;;;;;;;;Não experienciei nenhuma destas situações;1 pessoa;Nunca;Nunca;Nunca;Nunca;Nunca;Nunca;Nunca;Nunca;Uso quase diário ou diário;Nunca;Nunca;Nunca;Nunca
1;1;1;1;1;1;1;1;1;1;1;1;1;2;1;1;3;2;2;1;2;1;2;1;3;2;3;3;4;1;2;3;2;3;1;1;1;1;1;1;2;3;4;1;1;2;1;1;1;2;1;1;2;2;3;3;1;1;1;1;1;1;1;1;1;1;2;1;3;2;1;3;2;3;1;2;1;1;1;1;1;2;1;1;1;1;1;2;1;1;1;2;2;1;1;1;1;1;1;1;1;2;2;2;1;3;4;2;3;2;3;1;2;4;1;2;1;1;1;2;1;3;1;1;1;1;1;1;3;2;2;3;4;2;1;3;3;4;3;2;2;1;1;3;2;1;1;1;1;4;1;1;1;1;1;1;1;1;1;1;1;2;1;1;1;1;1;1;1;1;1;1;1;1;1;1;1;2;2;2;1;1;1;2;1;3;2;1;2;1;2;2;1;2;1;2;2;3;2;2;3;3;1;2;2;2;2;2;3;3;3;2;4;2;3;4;4;2;1;1;1;1;1;2;1;3;1;1;2;1;1;1;2;1;1;3;2;1;1;1;1;1;2;2;4;2;2;2;3;1;2;1;1;1;1;1;1;1;2;1;1;1;1;1;1;2;1;1;1;1;1;1;1;2;2;3;4;3;2;3;2;2;2;2;1;1;1;1;1;1;1;1;1;1;1;1;1;1;1;1;1;1;2;2;1;1;3;3;1;1;1;2;1;1;1;1;2;1;3;4;2;2;3;4;3;3;3;1;1;1;1;1;1;1;1;1;2;2;1;2;1;1;1;1;3;3;2;3;2;2;2;1;1;1;1;1;1;3;2;2;2;2;1;1;2;1;2;2;3;3;2;3;1;1;2;2;4;1;2;1;1;1;1;1;2;2;2;1;2;1;1;1;1;1;1;1;1;1;1;1;4;4;2;3;3;1;3;2;1;2;1;1;1;1;1;1;2;1;1;1;1;1;1;1;1;1;1;1;1;1;1;1;1;1;1;1;;55;Alemanha;Portugal;A maior parte da minha vida;Sim;Centro;Sandim (VILA NOVA DE GAIA);Semiurbano;Branca;;;;;;;Cisgénero (identifica-se com o sexo atribuído à nascença);Feminino;Ensino pós-secundário não superior (cursos técnico-profissionais, cursos de especialização, formação técnica);Desempregado/a;Médio;1 801 - 2800 €;Casado/a ou em União de Facto;2;Sim, tenho 2 filhos/as;Pouco Importante;Não, nunca tive;0;Não;;;;;;não tomo qualquer medicação, porque não anda em qualuer tratamento psicologico;Não procurei ajuda porque não precisei;Tenho seguro de saúde, mas não cobre despesas relacionadas com saúde mental;Não;Não, nunca ou raramente.;;;Insegurança laboral (salários em atraso, contratos precários ou temporários, sem proteção social em caso de despedimento, ou outros);Insegurança física (nos trajetos do dia-a-dia e locais que costuma frequentar);Desemprego;Sobrecarga de cuidados a crianças, idosos ou pessoas dependentes;;Deficiência física, doença crónica ou problema de saúde grave (do próprio ou de pessoa próxima) com impacto na vida diária;;;;;;;2-4 pessoas;Uso mensal (pelo menos 1 vez por mês);Nunca;Nunca;Nunca;Nunca;Nunca;Nunca;Nunca;Uso mensal (em média 1 vez por mês);Nunca;Nunca;Nunca;Nunca
2;1;1;1;1;1;1;2;1;1;1;1;1;2;1;1;1;1;1;2;2;2;1;2;2;1;1;2;1;1;1;1;1;1;2;2;1;2;1;2;1;2;1;1;3;1;1;1;1;1;1;2;2;2;2;1;1;1;1;2;1;1;1;1;1;1;1;1;1;2;1;2;1;1;2;1;1;2;1;1;2;2;1;2;1;1;2;1;1;1;1;2;3;1;2;2;2;1;1;1;1;4;2;2;4;3;3;3;3;4;4;2;2;4;1;2;2;1;1;1;1;2;2;1;1;1;1;2;2;2;3;3;3;2;2;3;3;3;2;3;1;1;1;1;2;1;1;1;1;1;1;1;1;1;1;1;1;1;1;1;1;2;1;1;1;1;1;1;1;1;1;1;1;1;1;1;1;1;1;2;1;1;1;2;1;1;1;1;3;2;1;1;1;1;1;2;2;2;2;2;2;2;4;3;1;2;1;1;4;2;3;2;2;3;3;1;1;3;1;1;1;1;1;2;1;3;4;2;3;1;2;2;2;1;1;1;1;1;1;2;2;2;2;2;2;4;2;2;2;1;2;1;1;1;1;1;1;2;3;2;2;2;2;2;1;4;3;1;2;1;1;1;1;1;2;1;3;4;3;3;2;1;1;1;1;1;1;1;1;1;1;1;1;1;1;1;1;1;1;1;1;1;1;1;1;1;1;3;2;2;1;2;1;2;3;1;1;2;3;3;2;1;2;2;2;2;2;1;2;1;1;1;1;3;1;1;1;1;1;1;1;1;1;1;2;3;3;2;1;3;1;2;1;2;2;1;1;2;2;3;2;2;1;1;1;1;1;1;1;2;2;2;1;1;1;1;1;1;1;1;2;1;1;1;1;1;1;2;2;1;1;1;1;3;2;1;2;1;1;1;2;2;2;2;2;3;4;2;1;4;1;2;1;1;1;1;1;1;1;1;1;1;1;1;1;1;1;1;1;1;1;1;1;1;1;1;;51;Portugal;Portugal;Toda a vida;Sim;Região Autónoma dos Açores;Horta (Matriz) (HORTA);Urbano;Branca;;;;;;;Cisgénero (identifica-se com o sexo atribuído à nascença);Masculino;Ensino Secundário concluído (10º, 11º, 12º ano);Empregado/a;Médio-baixo;1 051 - 1 201 €;Casado/a ou em União de Facto;2;Não;Nada Importante;Não, nunca tive;0;Não;;;;;;NA;Sim, mas com algumas dificuldades;Tenho seguro de saúde, mas não cobre despesas relacionadas com saúde mental;Não;Bastantes vezes;;;;;;;Conflitos familiares ou relacionais persistentes;;Luto;Separação/divórcio;;;;;2-4 pessoas;Ocasionalmente (1 - 10 vezes em todo o ano);Nunca;Nunca;Nunca;Nunca;Nunca;Nunca;Ocasionalmente (1 - 10 vezes em todo o ano);Ocasionalmente (menos de 1 vez por mês);Ocasionalmente (menos de 1 vez por mês);Uso quase diário ou diário;Nunca;Só para experimentar (1-3 vezes na vida)
1;1;1;1;1;3;1;1;1;1;1;1;1;1;1;1;1;1;1;1;2;2;3;2;2;2;2;2;2;3;3;1;3;1;1;1;1;1;1;1;2;4;1;1;1;1;1;1;1;2;1;1;1;4;1;1;1;1;1;2;1;3;1;1;1;1;1;1;1;1;1;2;1;1;2;2;1;1;1;4;1;2;1;2;2;1;1;1;1;2;1;1;1;1;1;1;1;1;1;1;1;1;2;1;2;1;1;4;2;1;2;1;2;3;1;2;2;1;1;1;1;2;2;1;2;2;1;2;2;2;2;2;1;1;1;1;1;1;3;1;2;2;1;1;1;1;1;1;1;2;1;2;4;2;1;1;1;1;2;1;2;1;2;1;2;1;1;1;1;1;1;1;1;2;2;2;1;2;1;4;1;1;1;2;2;3;1;1;1;1;1;1;1;1;1;1;1;1;1;1;1;1;1;1;1;1;2;1;1;2;1;2;1;1;1;2;2;2;1;1;1;3;3;1;1;1;2;1;2;1;2;2;1;4;1;1;2;1;1;1;1;1;2;1;3;1;2;1;1;2;1;2;1;2;2;1;1;1;1;1;1;1;3;1;1;1;1;2;1;2;1;1;1;2;2;1;1;1;1;1;1;1;1;1;1;1;2;2;1;1;1;1;1;1;1;1;1;1;1;1;1;1;1;1;2;1;1;1;4;2;1;2;1;1;1;1;2;1;1;2;1;2;2;1;1;1;1;1;1;1;1;1;1;1;1;1;1;1;2;1;2;2;1;1;1;1;2;1;1;1;1;2;1;1;1;1;1;1;1;1;2;3;1;2;1;1;2;1;1;1;2;2;1;1;1;1;1;1;1;1;1;2;2;1;1;1;1;1;3;1;1;1;2;1;2;2;1;1;1;1;2;1;1;1;3;1;2;1;1;1;1;1;1;1;1;1;1;1;2;1;1;1;1;1;1;1;1;1;1;1;1;1;1;1;1;1;;25;Portugal;Portugal;Toda a vida;Sim;Centro;Batalha (BATALHA);Semiurbano;;;;;;;Prefiro não responder;Outro/prefiro não responder;Masculino;Ensino Secundário concluído (10º, 11º, 12º ano);Outro/Prefiro não responder;Prefiro não responder;Não sei/prefiro não responder;Solteiro/a;Prefiro não responder;Não;Nada Importante;Não, nunca tive;0;Não;;;;;;nao tenho;Sim;Não tenho seguro de saúde;Não;Não, nunca ou raramente.;;;;;;;;;;;;;Prefiro não responder;;5 ou mais pessoas;Nunca;Nunca;Nunca;Nunca;Nunca;Nunca;Nunca;Nunca;Nunca;Nunca;Nunca;Nunca;Nunca
1;3;1;3;1;1;1;1;1;1;1;1;1;1;1;2;2;1;2;2;2;1;1;2;3;1;1;1;1;2;1;1;2;1;3;2;3;3;2;3;1;2;2;2;3;1;1;1;1;1;1;2;2;3;3;2;1;1;1;1;1;1;1;3;1;4;1;1;1;1;2;1;1;1;1;1;1;1;1;1;2;2;2;1;1;1;1;1;1;2;2;3;3;2;4;2;1;2;2;1;3;2;3;1;1;2;2;1;2;1;2;1;2;2;1;2;2;2;2;2;2;2;1;3;1;3;3;3;1;1;3;1;1;1;2;1;2;2;2;2;1;2;1;1;1;1;1;1;1;1;1;1;1;2;1;2;1;1;1;2;1;1;1;1;2;2;2;1;1;1;1;1;1;2;3;2;1;2;1;2;1;1;1;1;3;2;1;1;2;1;4;1;3;2;1;4;2;3;2;3;3;3;1;1;1;3;4;3;2;1;2;2;1;2;1;1;2;2;2;1;2;2;2;2;3;2;2;2;3;1;2;2;2;2;1;1;1;1;2;1;1;2;3;3;3;2;2;4;2;2;2;2;1;1;1;1;1;2;4;2;3;4;3;1;1;1;1;1;1;1;3;1;3;3;2;3;3;2;3;2;3;3;1;2;2;1;1;1;1;1;1;1;1;1;1;1;1;1;1;1;1;1;3;2;2;2;2;3;3;3;4;3;4;2;1;1;3;2;3;2;2;1;2;1;2;1;1;2;3;3;3;1;1;2;1;2;2;1;1;1;1;1;1;1;1;1;1;1;1;1;1;2;1;2;1;1;1;4;3;3;2;4;3;4;2;3;2;1;2;2;1;1;1;1;1;1;1;1;1;1;1;2;2;1;2;1;3;2;1;1;1;1;1;3;1;1;1;1;1;1;2;3;2;2;2;1;2;1;1;2;1;1;1;1;1;1;1;1;1;1;1;1;1;1;1;1;1;1;1;1;1;1;1;1;1;1;;25;Portugal;Portugal;Toda a vida;Sim;Norte;São Brás de Alportel (SÃO BRÁS DE ALPORTEL);Rural;Branca;;;;Hispânica/Latina;;;Cisgénero (identifica-se com o sexo atribuído à nascença);Masculino;Ensino pós-secundário não superior (cursos técnico-profissionais, cursos de especialização, formação técnica);Empregado/a;Médio;1 801 - 2800 €;Casado/a ou em União de Facto;2;Não;Nada Importante;Não, nunca tive;0;Não;;;;;;nenhuma;Não procurei ajuda porque não precisei;Não tenho a certeza;Não;Por vezes;;;;;;;;;;;;;;Não experienciei nenhuma destas situações;2-4 pessoas;Nunca;Nunca;Nunca;Nunca;Nunca;Nunca;Nunca;Nunca;Só para experimentar (1-3 vezes na vida);Nunca;Nunca;Nunca;Nunca
3;3;4;4;4;1;1;1;1;1;1;1;1;3;1;4;1;1;3;3;3;3;4;3;4;1;1;3;4;1;1;1;1;1;2;3;3;1;3;2;2;3;2;4;3;1;1;1;1;2;1;4;4;3;4;3;1;1;1;3;1;2;1;1;1;3;1;1;2;1;1;1;3;4;1;4;1;3;1;1;3;1;1;1;1;1;1;1;2;3;1;3;3;3;4;1;3;3;1;1;3;4;4;3;4;3;4;3;3;4;4;2;4;4;2;3;3;1;2;3;1;2;1;1;1;1;1;1;3;2;1;4;3;3;2;3;4;3;4;2;1;2;1;1;1;1;1;1;1;1;1;1;1;2;3;2;1;1;3;1;3;2;1;1;4;1;1;3;1;1;1;1;1;1;2;1;1;1;2;2;1;1;1;1;2;1;3;2;3;2;1;3;1;2;1;3;3;4;3;3;4;4;3;2;3;4;4;1;4;4;4;4;4;3;3;4;4;4;1;1;1;1;1;1;1;3;4;3;4;2;3;4;4;1;1;1;1;1;2;2;3;4;2;3;3;4;2;3;2;1;2;2;1;1;1;1;1;1;4;1;2;1;1;3;1;3;2;2;1;1;1;1;1;1;2;2;1;2;1;2;1;1;1;1;1;1;1;1;1;1;1;1;1;1;1;1;1;1;2;1;1;2;1;1;2;1;2;2;3;3;3;4;1;3;2;1;2;1;2;2;1;4;4;4;4;3;3;2;1;1;1;1;1;1;1;4;4;2;3;1;1;1;1;1;4;3;4;3;3;4;2;1;1;3;1;1;1;4;3;4;3;4;3;4;4;3;4;1;1;1;1;1;1;2;1;3;1;1;1;1;3;3;4;1;2;3;2;2;3;1;1;1;2;4;1;3;1;1;1;1;1;2;1;1;2;1;1;1;1;1;1;1;1;1;1;1;1;1;1;1;1;1;1;1;1;1;1;1;1;1;1;1;1;1;1;1;;35;Portugal;Portugal;Toda a vida;Sim;Centro;Nazaré (NAZARÉ);Semiurbano;Branca;;;;;;;Cisgénero (identifica-se com o sexo atribuído à nascença);Feminino;Ensino Secundário concluído (10º, 11º, 12º ano);Desempregado/a;Médio-baixo;1 051 - 1 201 €;Casado/a ou em União de Facto;2;Sim, tenho 2 filhos/as;Pouco Importante;Não, nunca tive;0;Não;;;;;;Não tomo.;Não procurei ajuda, apesar de ter precisado;Tenho seguro de saúde, mas não cobre despesas relacionadas com saúde mental;Não aplicável (não trabalho e não estudo);Por vezes;Dificuldades económicas recorrentes para pagar despesas essenciais (contas de luz, água, aquecimento, alimentação, etc);;;Insegurança física (nos trajetos do dia-a-dia e locais que costuma frequentar);Desemprego;Sobrecarga de cuidados a crianças, idosos ou pessoas dependentes;Conflitos familiares ou relacionais persistentes;;;;;;;;2-4 pessoas;Uso semanal (pelo menos 1 vez por semana);Nunca;Nunca;Nunca;Nunca;Nunca;Nunca;Nunca;Uso semanal (pelo menos 1 vez por semana);Nunca;Nunca;Nunca;Nunca
2;2;2;2;2;2;1;1;1;1;1;1;1;1;1;1;1;1;1;1;1;2;2;1;1;4;2;2;4;1;1;1;1;3;3;1;3;2;1;1;1;1;1;1;1;1;2;2;1;1;2;1;1;1;1;1;2;1;2;1;1;1;1;1;1;1;1;1;1;1;1;1;1;1;1;1;1;1;2;1;3;2;1;1;3;3;2;1;2;3;1;4;1;1;2;2;1;1;1;2;2;2;1;1;1;1;2;4;1;1;2;1;1;1;2;3;3;2;1;2;2;2;3;2;1;2;1;2;2;2;1;1;2;3;1;1;1;1;2;4;1;1;2;2;2;1;2;3;1;2;2;1;1;2;1;1;1;2;2;2;1;2;3;1;2;2;1;1;1;1;1;1;1;2;3;1;2;2;1;1;1;1;1;1;1;1;2;1;2;3;1;1;2;3;2;4;2;1;1;2;1;1;1;1;2;2;2;1;1;1;3;1;2;3;1;1;1;2;1;2;1;2;2;3;1;1;3;1;1;1;1;1;2;1;1;1;1;1;2;2;2;2;2;2;1;4;1;3;1;1;2;3;1;2;1;1;2;1;1;3;1;1;1;1;1;1;2;3;3;4;1;3;2;1;1;2;1;1;4;2;4;1;1;2;3;1;1;2;1;1;1;2;1;1;1;1;1;2;2;2;2;1;1;1;1;1;1;1;2;2;1;1;1;1;1;2;1;1;1;2;1;2;1;1;2;2;1;1;1;1;2;1;3;3;3;1;1;2;2;1;1;1;1;1;1;1;2;3;1;3;1;2;2;1;1;1;3;2;2;1;1;1;1;1;3;1;1;2;1;1;1;2;1;1;1;1;1;1;1;1;1;4;1;2;1;1;1;2;3;1;1;1;1;1;2;1;2;2;1;1;2;1;3;2;3;1;1;1;1;3;2;1;2;1;1;1;1;1;1;1;1;2;1;1;1;1;1;1;1;1;1;1;2;1;1;1;;27;Portugal;Portugal;Toda a vida;Sim;Centro;Castelo Branco (CASTELO BRANCO);Urbano;Branca;;;;;;;Cisgénero (identifica-se com o sexo atribuído à nascença);Masculino;Ensino pós-secundário não superior (cursos técnico-profissionais, cursos de especialização, formação técnica);Empregado/a;Médio;1 801 - 2800 €;Solteiro/a;1, sou só eu;Não;Nada Importante;Não, nunca tive;0;Não;;;;;;NA;Sim, mas com algumas dificuldades;Tenho seguro de saúde, mas não cobre despesas relacionadas com saúde mental;Não;Não, nunca ou raramente.;Dificuldades económicas recorrentes para pagar despesas essenciais (contas de luz, água, aquecimento, alimentação, etc);Insegurança habitacional (atraso no pagamento de renda ou conta, risco de perda, sobrelotação, ou outros);;Insegurança física (nos trajetos do dia-a-dia e locais que costuma frequentar);;;;;;;;;;;2-4 pessoas;Ocasionalmente (1 - 10 vezes em todo o ano);Nunca;Nunca;Nunca;Nunca;Nunca;Nunca;Nunca;Só para experimentar (1-3 vezes na vida);Nunca;Só para experimentar (1-3 vezes na vida);Nunca;Nunca
1;1;1;1;1;1;1;1;1;1;1;2;1;2;1;2;2;2;2;2;2;1;2;2;2;2;1;2;3;1;1;2;1;2;1;2;1;2;1;2;2;3;2;1;2;1;1;1;2;4;1;2;2;2;3;3;1;1;1;1;1;1;1;2;1;2;2;1;2;2;2;2;3;3;1;3;1;1;1;1;2;2;2;1;1;1;1;3;2;2;1;2;3;1;2;2;1;2;2;1;2;1;1;1;1;3;2;2;2;1;2;1;2;3;1;2;2;1;1;1;1;1;1;1;2;3;2;2;2;2;3;2;2;1;1;2;2;2;2;2;3;2;1;1;1;1;1;1;1;1;1;1;1;1;2;1;1;1;2;1;2;2;2;1;1;2;1;1;1;1;1;1;1;1;1;1;1;2;3;4;1;1;1;2;2;2;2;2;2;2;3;2;2;2;1;2;2;2;3;2;3;2;2;1;1;1;2;2;3;2;3;3;2;2;2;2;2;1;4;3;2;2;2;2;2;2;2;2;2;1;2;2;1;2;1;2;1;1;2;2;2;2;2;1;2;2;3;2;4;1;2;1;1;1;1;1;1;1;2;1;2;1;2;2;2;2;2;1;1;1;1;1;1;3;1;2;3;2;1;1;1;1;2;2;1;2;1;1;1;1;1;1;1;1;1;1;1;2;1;2;2;2;2;2;2;1;2;2;1;2;1;1;1;2;3;1;2;1;2;2;1;1;2;1;1;1;1;2;3;3;3;1;1;1;1;1;1;1;1;1;2;1;1;2;1;2;1;2;2;2;1;2;1;2;2;1;1;2;1;2;2;3;2;2;2;1;3;2;2;1;1;1;1;2;1;1;2;1;1;1;1;1;1;1;1;1;1;1;3;1;1;1;1;2;2;2;2;1;2;1;4;4;4;3;4;2;2;2;3;3;1;1;1;1;1;1;1;2;1;1;1;1;2;1;2;1;1;1;1;1;1;1;1;1;1;1;;34;Portugal;Portugal;A maior parte da minha vida;Sim;Região Autónoma da Madeira;Gaula (SANTA CRUZ);Semiurbano;Branca;;;;;;;Cisgénero (identifica-se com o sexo atribuído à nascença);Feminino;Ensino pós-secundário não superior (cursos técnico-profissionais, cursos de especialização, formação técnica);Empregado/a;Médio;1 801 - 2800 €;Casado/a ou em União de Facto;2;Não;Pouco Importante;Não, nunca tive;0;Não;;;;;;Nada ;Não procurei ajuda porque não precisei;Não tenho seguro de saúde;Não;Não, nunca ou raramente.;Dificuldades económicas recorrentes para pagar despesas essenciais (contas de luz, água, aquecimento, alimentação, etc);;;;;;;;Luto;;Migração ou mudança de residência forçada;;;;5 ou mais pessoas;Uso semanal (pelo menos 1 vez por semana);Ocasionalmente (1 - 10 vezes em todo o ano);Nunca;Nunca;Nunca;Nunca;Nunca;Nunca;Uso mensal (em média 1 vez por mês);Ocasionalmente (menos de 1 vez por mês);Só para experimentar (1-3 vezes na vida);Nunca;Nunca
1;1;1;1;1;1;1;1;1;1;1;1;1;2;2;2;2;3;2;2;4;2;2;1;1;2;1;2;3;2;3;1;2;1;3;1;3;2;2;2;2;2;2;2;2;1;1;1;1;1;1;2;2;2;2;2;1;1;1;1;1;1;1;1;1;1;1;1;2;1;1;2;1;1;1;1;1;2;1;1;2;2;2;2;2;1;2;2;1;1;1;2;3;2;3;1;2;2;1;1;1;1;2;1;2;2;2;2;2;2;2;2;2;2;1;2;2;2;3;4;3;2;2;2;2;2;2;2;1;2;2;2;2;2;2;2;2;2;2;2;3;2;2;2;2;2;1;2;3;2;1;1;1;2;1;2;1;1;1;1;2;2;2;2;1;3;2;1;1;1;1;1;1;1;3;2;2;2;1;3;1;1;1;2;1;4;1;1;2;1;1;2;1;1;1;2;4;3;1;2;3;3;1;3;1;2;3;1;2;3;3;3;1;2;2;2;2;2;2;2;2;2;3;2;1;2;3;2;3;1;2;2;2;3;2;2;2;2;2;1;1;2;2;2;3;2;2;2;2;1;2;2;1;2;1;1;1;2;4;2;2;2;3;1;1;2;1;1;1;1;1;1;1;1;1;2;2;2;2;3;2;2;1;1;2;1;1;1;1;1;1;1;1;1;2;1;1;2;2;2;2;2;4;1;1;2;1;2;2;2;2;2;2;2;2;1;3;1;2;4;2;2;2;1;1;2;1;2;3;3;3;1;3;1;2;2;1;1;1;2;1;1;1;1;2;2;2;2;1;1;1;3;1;3;2;1;2;2;2;2;2;4;2;2;1;1;1;2;2;1;1;1;1;1;1;1;2;1;1;1;1;1;1;2;2;1;1;1;2;1;2;1;1;1;1;1;1;1;1;1;2;3;2;3;2;1;2;1;1;2;1;2;1;1;1;1;1;2;1;1;1;1;1;1;1;1;1;1;1;1;1;1;1;1;1;1;;26;Portugal;Portugal;A maior parte da minha vida;Sim;Norte;Rio Tinto (GONDOMAR);Urbano;Branca;;;;;;;Cisgénero (identifica-se com o sexo atribuído à nascença);Masculino;Ensino Secundário concluído (10º, 11º, 12º ano);Empregado/a;Médio-baixo;2 801 - 4 000 €;Solteiro/a;3;Não;Pouco Importante;Não, nunca tive;0;Não;;;;;;0, nada;Não procurei ajuda porque não precisei;Tenho seguro de saúde que cobre despesas relacionadas com saúde mental;Sim, 1-5 dias;Por vezes;;;;;;;;;;;;;;Não experienciei nenhuma destas situações;2-4 pessoas;Uso mensal (pelo menos 1 vez por mês);Ocasionalmente (1 - 10 vezes em todo o ano);Ocasionalmente (1 - 10 vezes em todo o ano);Nunca;Nunca;Nunca;Nunca;Nunca;Uso mensal (em média 1 vez por mês);Só para experimentar (1-3 vezes na vida);Ocasionalmente (menos de 1 vez por mês);Só para experimentar (1-3 vezes na vida);Só para experimentar (1-3 vezes na vida)
1;1;2;1;1;1;1;1;1;1;1;1;1;2;1;3;2;3;2;2;1;2;1;1;1;2;3;3;2;2;2;2;2;2;1;1;1;1;2;2;2;3;2;2;2;2;1;1;2;2;2;1;2;2;1;2;1;1;1;1;1;1;1;1;2;1;2;1;2;2;2;2;2;2;2;2;1;1;1;1;1;2;2;1;1;2;3;3;3;3;1;2;2;1;2;1;2;1;1;1;1;2;2;3;2;3;3;2;3;3;3;2;2;3;2;4;2;1;2;1;2;1;2;2;2;3;1;2;4;2;1;3;2;2;1;3;3;3;2;2;3;2;1;3;2;1;1;1;1;1;1;1;1;2;2;2;2;1;1;2;2;3;2;1;1;2;1;2;2;2;1;2;1;1;2;2;2;1;1;2;1;1;1;2;1;2;2;1;2;2;1;2;1;2;2;2;2;2;2;4;3;4;1;2;1;2;1;2;3;2;2;3;1;2;2;1;1;1;2;3;2;1;1;2;2;4;3;1;2;3;3;4;2;2;1;2;1;1;2;1;2;2;1;1;2;2;2;2;3;2;2;1;2;2;1;2;1;1;3;2;2;2;2;1;1;2;1;2;1;1;1;1;1;1;3;2;2;3;2;4;2;2;3;2;2;1;1;1;1;1;2;1;1;1;1;1;1;1;1;1;1;1;2;1;1;1;2;3;2;2;1;4;1;3;2;1;1;3;3;1;1;2;3;2;2;2;2;2;1;2;2;1;4;3;2;2;1;2;2;3;1;1;1;1;2;3;2;3;1;1;1;3;1;4;2;1;2;1;2;2;1;2;2;2;1;2;2;2;2;2;2;2;2;1;1;1;2;1;1;1;1;3;1;1;2;2;3;2;2;1;1;1;2;3;2;2;2;1;1;1;2;3;3;2;2;2;2;2;1;1;2;3;2;2;2;2;3;1;2;1;2;3;2;2;1;2;1;1;1;1;1;1;1;2;1;1;;32;Portugal;Portugal;Toda a vida;Sim;Norte;Oliveira do Douro (VILA NOVA DE GAIA);Urbano;Branca;;;;;;;Cisgénero (identifica-se com o sexo atribuído à nascença);Masculino;Ensino pós-secundário não superior (cursos técnico-profissionais, cursos de especialização, formação técnica);Empregado/a;Médio-baixo;1 201 - 1 500 €;Solteiro/a;3;Não;Mais ou menos Importante;Não, nunca tive;0;Não;;;;;;Não tomo medicação ;Não procurei ajuda porque não precisei;Tenho seguro de saúde, mas não cobre despesas relacionadas com saúde mental;Não;Por vezes;;;;;;;;;Luto;;;;;;2-4 pessoas;Ocasionalmente (1 - 10 vezes em todo o ano);Nunca;Uso diário ou quase diário;Nunca;Nunca;Nunca;Nunca;Nunca;Uso mensal (em média 1 vez por mês);Nunca;Uso quase diário ou diário;Nunca;Nunca
1;1;1;1;1;1;1;1;1;1;1;1;1;1;1;1;1;3;2;2;2;1;2;2;2;1;2;1;1;1;3;2;3;2;1;1;1;1;1;1;2;3;3;2;1;2;1;1;1;2;1;3;2;3;1;2;1;1;1;1;1;1;1;1;1;1;1;1;1;1;1;1;1;1;1;2;1;1;1;1;1;2;2;1;1;1;1;1;2;1;1;1;4;1;3;1;1;1;1;1;1;2;3;3;4;3;3;3;4;4;4;3;3;3;1;4;4;1;1;1;1;1;1;2;2;2;2;1;1;1;1;1;1;1;1;2;2;2;3;1;2;1;1;2;1;1;1;1;1;1;1;1;1;1;1;2;2;3;3;1;3;3;3;1;1;2;2;1;1;1;1;1;1;1;1;1;1;1;2;3;1;1;1;3;1;2;1;1;2;1;2;1;1;1;1;1;3;3;2;3;4;4;1;2;1;1;2;1;4;4;4;4;1;2;2;1;1;1;2;1;1;1;1;2;1;1;1;1;1;1;1;1;1;1;1;1;1;1;4;3;3;3;2;3;2;3;1;1;1;1;1;1;1;1;1;1;1;1;1;2;1;2;1;2;1;2;1;1;1;1;1;1;1;1;4;1;3;3;1;1;1;1;1;1;1;1;1;1;1;1;1;1;1;1;1;1;1;2;1;2;1;1;1;1;1;2;2;3;2;1;1;2;1;1;1;1;1;3;2;1;2;2;2;3;1;1;2;2;1;1;1;1;1;1;1;1;1;1;1;1;1;1;1;1;1;2;1;2;1;1;1;2;1;1;1;1;1;3;2;3;1;2;4;3;3;1;3;2;2;3;1;2;1;1;3;1;1;1;1;1;1;1;1;1;1;2;2;2;3;1;2;1;3;2;3;2;3;1;1;1;1;2;2;2;2;1;1;1;1;1;1;3;2;1;3;1;3;1;1;1;1;2;3;2;1;1;1;1;1;3;1;2;3;3;1;1;;43;Portugal;Portugal;Toda a vida;Sim;Península de Setúbal;Barreiro e Lavradio (BARREIRO);Urbano;Branca;;;;;;;Cisgénero (identifica-se com o sexo atribuído à nascença);Masculino;Ensino Secundário concluído (10º, 11º, 12º ano);Empregado/a;Médio-baixo;1 051 - 1 201 €;Solteiro/a;2;Não;Nada Importante;Não, nunca tive;0;Não;;;;;;nada;Não procurei ajuda, apesar de ter precisado;Não tenho seguro de saúde;Não;Por vezes;;;;;;;;;;;;;;Não experienciei nenhuma destas situações;2-4 pessoas;Nunca;Ocasionalmente (1 - 10 vezes em todo o ano);Uso semanal (pelo menos 1 vez por semana);Nunca;Nunca;Nunca;Nunca;Nunca;Uso semanal (pelo menos 1 vez por semana);Ocasionalmente (menos de 1 vez por mês);Uso quase diário ou diário;Nunca;Nunca
1;1;1;2;1;1;1;1;1;1;1;1;1;1;1;1;4;3;2;2;2;2;2;3;3;1;2;2;3;2;4;1;4;1;3;3;2;2;3;4;2;2;3;3;1;1;2;2;3;3;2;2;2;4;2;2;1;1;1;2;1;1;1;1;1;1;1;1;4;4;3;4;3;1;1;1;1;1;1;1;2;2;2;2;1;1;1;2;2;1;1;2;3;1;2;1;1;2;1;1;1;2;4;3;2;4;4;2;1;3;4;2;2;3;1;1;1;3;3;3;3;3;4;1;2;1;1;1;1;1;1;4;4;4;3;4;4;4;4;3;3;3;3;3;1;1;2;2;1;2;1;1;2;1;2;1;1;2;4;1;2;2;2;1;1;1;1;1;1;1;1;1;1;1;1;1;1;3;3;3;1;1;1;3;2;2;3;3;3;3;3;2;1;2;1;4;2;2;2;2;3;2;1;4;1;2;3;4;3;4;4;4;2;1;1;1;4;1;1;2;4;1;1;1;1;4;3;4;4;1;3;3;4;3;1;2;2;1;3;2;3;3;3;2;3;3;3;1;4;1;2;1;1;1;1;1;1;2;3;1;3;1;3;1;2;4;2;1;2;4;1;1;1;1;2;3;3;3;4;4;4;4;1;2;1;1;1;1;1;1;2;2;1;1;1;1;1;2;1;1;2;1;3;2;3;1;2;3;3;2;3;2;1;1;1;1;3;3;4;3;3;3;4;4;3;3;3;3;2;1;1;1;1;4;1;2;1;1;3;2;1;1;1;1;2;4;1;2;1;1;1;1;1;1;1;1;2;4;3;3;3;3;2;2;4;1;3;1;4;2;3;3;1;1;1;1;1;1;1;1;4;2;4;1;1;1;3;2;2;1;1;1;2;2;2;1;2;1;1;1;3;2;3;3;3;3;2;2;2;2;3;4;4;4;4;2;4;2;1;1;1;4;4;3;4;1;2;1;1;3;1;4;2;2;1;1;;42;Portugal;Portugal;A maior parte da minha vida;Sim;Norte;Oliveira do Douro (VILA NOVA DE GAIA);Semiurbano;Branca;;;;;;;Cisgénero (identifica-se com o sexo atribuído à nascença);Masculino;Ensino Superior concluído (Licenciatura/bacharelato, mestrado, doutoramento);Empregado/a;Médio;4001 - 6000 €;Casado/a ou em União de Facto;2;Sim, tenho 2 filhos/as;Pouco Importante;Não, nunca tive;0;Não;;;;;;nenhuma;Não procurei ajuda, apesar de ter precisado;Tenho seguro de saúde que cobre despesas relacionadas com saúde mental;Não;Bastantes vezes;;;;;;Sobrecarga de cuidados a crianças, idosos ou pessoas dependentes;;;;;;;;;2-4 pessoas;Uso diário ou quase diário;Nunca;Nunca;Nunca;Nunca;Nunca;Nunca;Nunca;Uso semanal (pelo menos 1 vez por semana);Nunca;Ocasionalmente (menos de 1 vez por mês);Nunca;Nunca
1;1;1;1;1;1;1;1;1;1;1;1;1;1;1;1;1;2;2;2;1;2;3;1;2;2;2;2;2;2;3;1;4;1;1;1;2;1;1;1;3;3;2;3;1;1;1;1;1;1;1;2;2;2;2;3;1;1;1;1;1;1;1;1;1;1;1;1;3;4;3;4;4;1;1;1;1;1;1;1;1;1;1;1;1;1;1;2;1;1;2;1;2;1;1;1;1;1;1;1;1;2;2;1;4;3;3;1;1;1;2;1;1;2;2;2;1;2;2;3;2;3;2;1;1;1;1;1;2;2;1;2;2;2;1;2;2;3;2;2;3;3;1;3;1;1;1;1;3;4;1;1;1;1;2;2;1;1;1;1;1;1;1;1;2;2;3;1;1;1;1;1;1;1;1;1;1;2;2;2;1;1;1;2;2;3;3;3;4;2;1;1;2;1;1;1;3;3;2;2;3;4;2;4;2;2;2;2;3;3;3;3;1;1;1;1;2;1;1;3;1;3;1;2;1;2;1;1;2;1;1;3;1;3;3;3;3;1;1;1;1;1;1;1;2;1;2;1;2;2;1;1;1;1;1;1;1;1;1;1;2;1;1;1;1;1;2;2;1;1;1;1;1;2;1;2;2;3;1;2;1;1;1;1;2;1;1;1;1;1;1;1;1;1;1;1;1;1;1;1;1;1;2;2;2;2;2;2;2;1;1;3;1;1;1;1;2;2;2;1;1;3;3;2;1;1;3;1;2;1;1;1;1;1;1;1;1;1;1;1;1;1;1;1;1;1;1;1;1;1;1;2;1;1;1;1;1;2;2;3;2;3;2;1;2;1;2;3;2;4;1;2;1;1;1;1;1;1;1;1;3;1;1;1;1;2;2;1;2;1;1;1;1;1;2;1;2;1;1;1;3;3;2;2;3;2;2;3;2;2;1;3;2;1;2;1;2;1;1;1;1;1;2;2;2;2;2;2;1;1;3;2;1;1;1;1;;40;Brasil;Brasil;Nunca;Sim;Não aplicável;Não Aplicável;Urbano;Branca;;;;;;;Cisgénero (identifica-se com o sexo atribuído à nascença);Masculino;Ensino Superior concluído (Licenciatura/bacharelato, mestrado, doutoramento);Empregado/a;Alto;Mais de 6 000 €;Casado/a ou em União de Facto;2;Sim, tenho 2 filhos/as;Pouco Importante;Não, nunca tive;0;Não;;;;;;Não aplicável;Sim;Tenho seguro de saúde que cobre despesas relacionadas com saúde mental;Não;Por vezes;;;;;;Sobrecarga de cuidados a crianças, idosos ou pessoas dependentes;;;;;;;;;2-4 pessoas;Uso mensal (pelo menos 1 vez por mês);Nunca;Uso semanal (pelo menos 1 vez por semana);Nunca;Nunca;Nunca;Nunca;Ocasionalmente (1 - 10 vezes em todo o ano);Uso semanal (pelo menos 1 vez por semana);Nunca;Uso quase diário ou diário;Nunca;Só para experimentar (1-3 vezes na vida)
1;2;3;1;1;1;1;1;1;1;1;1;1;2;1;2;2;2;1;2;1;1;1;1;2;1;2;1;3;2;3;2;2;3;2;1;1;2;1;2;1;2;2;3;3;4;1;1;1;2;1;1;1;2;3;2;2;1;1;1;1;1;1;1;1;1;1;1;3;3;1;3;3;1;1;1;1;3;1;1;2;1;1;2;1;1;1;3;1;2;1;3;3;1;3;1;1;1;1;1;2;1;1;1;2;2;2;2;1;1;1;1;1;2;1;2;1;3;3;2;2;3;2;1;1;1;1;1;1;1;1;1;1;1;1;2;2;2;2;2;3;3;2;2;2;1;1;1;1;2;1;2;1;2;2;2;2;2;2;1;1;3;2;1;1;1;1;1;1;1;1;1;1;1;1;2;1;3;3;4;1;1;1;3;3;4;2;3;2;2;2;1;1;1;1;2;3;1;3;4;3;3;1;1;1;3;2;2;2;2;2;2;1;1;1;1;1;1;2;2;1;1;2;3;2;1;2;1;3;2;2;1;1;3;2;1;1;1;1;1;1;1;2;2;2;1;2;2;2;2;1;1;1;1;1;1;1;1;3;1;2;1;1;1;1;1;1;1;1;1;1;1;1;2;2;2;3;3;4;1;1;1;1;1;2;1;1;1;1;1;1;3;1;3;1;1;1;1;1;1;1;1;2;1;1;2;2;2;2;2;1;2;1;1;1;1;2;1;1;1;2;2;3;3;1;3;2;1;2;1;1;1;1;1;1;1;1;1;1;1;1;1;1;1;1;1;1;1;1;1;1;1;1;1;1;1;1;3;1;2;3;3;3;1;2;2;1;3;2;2;2;2;3;4;2;3;3;1;1;1;1;3;3;1;1;1;2;2;3;1;1;1;3;3;1;2;1;1;3;1;3;3;4;3;4;2;2;2;3;1;1;1;1;1;1;1;1;1;1;1;1;1;1;1;1;1;1;1;1;1;1;1;1;1;1;1;;41;Portugal;Portugal;Toda a vida;Sim;Oeste e Vale do Tejo;Coruche (CORUCHE);Semiurbano;Branca;;;;;;;Cisgénero (identifica-se com o sexo atribuído à nascença);Feminino;Ensino Superior concluído (Licenciatura/bacharelato, mestrado, doutoramento);Empregado/a;Médio;2 801 - 4 000 €;Casado/a ou em União de Facto;2;Sim, tenho 3 filhos/as;Muito Importante;Não, nunca tive;0;Não;;;;;;Não tomo nada;Sim;Não tenho a certeza;Não;Frequentemente ou Sempre;;;;;;Sobrecarga de cuidados a crianças, idosos ou pessoas dependentes;;;Luto;;;;;;5 ou mais pessoas;Nunca;Nunca;Nunca;Nunca;Nunca;Nunca;Nunca;Nunca;Só para experimentar (1-3 vezes na vida);Nunca;Só para experimentar (1-3 vezes na vida);Nunca;Nunca
1;1;1;1;1;1;1;1;1;1;1;1;1;1;1;1;1;1;1;1;1;1;1;1;1;1;1;2;3;1;2;1;1;1;1;1;1;2;1;1;1;1;1;1;1;1;1;2;1;1;1;1;1;1;1;1;1;1;1;1;1;1;1;1;1;1;1;1;2;2;1;2;2;1;1;1;1;1;1;1;1;1;1;1;1;2;2;1;1;1;1;1;3;1;2;1;1;1;1;1;1;1;1;1;1;2;1;1;1;1;1;1;1;1;1;1;1;1;1;1;2;1;1;1;1;1;1;1;1;1;1;1;1;1;1;1;1;1;1;1;1;1;1;1;1;1;1;1;1;1;1;1;1;1;1;1;1;1;1;1;1;1;2;1;1;1;1;1;1;1;1;1;1;1;1;2;1;2;2;2;1;1;1;3;2;1;1;1;1;1;1;1;1;1;1;2;1;1;1;1;1;1;1;1;1;1;1;1;1;1;1;1;1;1;1;1;1;1;1;1;1;1;1;1;1;1;1;1;1;1;1;1;1;1;1;1;1;1;1;1;1;1;1;1;1;1;1;1;1;1;1;1;1;1;1;1;1;1;1;1;1;1;1;1;1;1;1;1;1;1;1;1;1;1;1;1;1;1;1;2;1;1;1;1;1;1;1;1;1;1;1;1;1;1;1;1;1;1;1;1;1;1;1;1;1;1;1;1;1;1;1;1;1;1;1;1;1;1;1;1;1;1;2;2;1;2;1;1;1;1;1;1;1;1;1;1;1;1;1;1;1;1;1;1;1;1;1;1;1;1;1;1;1;1;1;1;1;1;1;1;1;1;1;1;1;1;1;1;1;1;1;1;1;1;1;1;1;1;1;1;1;1;1;1;1;1;1;1;1;1;1;1;1;1;1;1;1;1;1;1;3;3;3;3;1;1;1;1;1;1;1;1;1;1;1;1;1;1;1;1;1;1;1;1;1;1;1;1;1;1;1;1;1;1;1;1;;50;Estados Unidos da América;Portugal;A maior parte da minha vida;Sim;Norte;Vila Verde e Barbudo (VILA VERDE);Semiurbano;Branca;;;;;;;Cisgénero (identifica-se com o sexo atribuído à nascença);Masculino;Ensino Superior concluído (Licenciatura/bacharelato, mestrado, doutoramento);Empregado/a;Médio-alto;4001 - 6000 €;Casado/a ou em União de Facto;2;Sim, tenho 2 filhos/as;Nada Importante;Não, nunca tive;0;Não;;;;;;Nenhuma;Sim;Tenho seguro de saúde que cobre despesas relacionadas com saúde mental;Não;Não, nunca ou raramente.;;;;;;;;;;;;;;Não experienciei nenhuma destas situações;5 ou mais pessoas;Uso semanal (pelo menos 1 vez por semana);Ocasionalmente (1 - 10 vezes em todo o ano);Nunca;Nunca;Nunca;Nunca;Nunca;Nunca;Uso semanal (pelo menos 1 vez por semana);Ocasionalmente (menos de 1 vez por mês);Só para experimentar (1-3 vezes na vida);Nunca;Nunca
1;1;1;1;1;1;1;1;1;1;1;1;1;2;1;1;1;1;1;1;2;1;1;1;1;1;1;1;1;1;1;1;2;1;2;1;2;1;2;1;2;1;1;2;1;1;1;1;2;1;1;1;1;1;1;1;1;1;1;1;1;1;1;1;1;1;1;1;3;1;1;3;1;1;1;1;1;1;1;1;1;1;1;1;1;1;1;1;1;1;2;1;2;1;1;1;1;1;1;1;1;1;1;1;1;1;1;1;1;1;2;2;2;2;1;1;1;3;2;2;2;3;1;1;1;1;1;1;1;1;1;1;2;1;1;1;1;1;2;1;2;3;1;1;1;1;2;1;1;1;1;1;1;1;2;1;1;2;2;1;1;1;1;1;1;2;2;1;1;1;1;1;1;1;2;1;1;2;3;3;1;1;1;3;1;3;1;1;1;1;1;1;1;1;1;1;3;3;2;4;4;3;1;1;1;2;2;2;1;1;1;1;1;1;1;1;3;1;1;1;1;2;1;1;3;2;2;1;3;2;2;2;1;1;3;3;1;1;1;1;1;4;2;2;2;1;1;2;1;1;1;1;1;1;1;1;1;1;2;1;1;1;1;1;1;1;1;1;1;1;1;1;1;2;1;1;2;3;2;1;1;1;1;1;2;1;1;1;1;1;1;1;1;1;1;1;1;1;1;1;1;1;1;1;1;1;1;1;1;1;1;1;1;1;1;1;2;1;3;3;1;3;3;4;1;2;2;1;1;1;1;1;1;1;1;1;1;2;1;1;1;1;1;1;1;1;1;1;1;1;1;1;1;1;1;1;1;2;1;1;2;2;1;1;1;1;1;1;1;1;1;1;1;1;1;1;1;1;2;1;1;1;2;1;1;1;1;1;1;1;1;1;1;3;1;1;1;1;1;1;3;4;1;4;1;2;2;2;3;2;1;1;1;1;1;1;1;1;1;1;1;1;1;1;1;1;1;1;1;1;1;1;1;1;1;1;;60;Brasil;Brasil;Toda a vida;Sim;Não aplicável;Não Aplicável;Urbano;;;;;Hispânica/Latina;;;Cisgénero (identifica-se com o sexo atribuído à nascença);Masculino;Ensino Secundário concluído (10º, 11º, 12º ano);Empregado/a;Médio;Até 1 050€;Separado/a ou Divorciado/a;2;Sim, tenho 1 filho/a;Muito Importante;Não, nunca tive;0;Não;;;;;;0;Não procurei ajuda porque não precisei;Não tenho a certeza;Não;Não, nunca ou raramente.;;;;;;;;;;Separação/divórcio;;;;;Nenhuma;Nunca;Nunca;Nunca;Nunca;Nunca;Nunca;Nunca;Nunca;Só para experimentar (1-3 vezes na vida);Nunca;Só para experimentar (1-3 vezes na vida);Nunca;Nunca
1;1;1;1;2;1;1;1;1;1;1;1;1;1;1;1;1;1;1;2;1;3;2;1;1;1;4;3;3;2;3;2;4;2;1;1;4;2;1;1;3;4;1;4;2;4;1;1;2;1;3;1;2;2;3;4;1;1;1;1;1;1;1;1;1;1;1;1;2;4;1;3;1;1;1;3;1;1;1;1;1;1;1;1;1;1;1;1;1;2;2;1;1;3;2;1;1;1;1;1;1;2;1;2;3;3;3;4;1;1;2;2;2;4;1;1;2;4;1;3;4;3;2;1;1;1;1;1;3;3;1;1;2;1;1;1;2;1;2;1;3;3;1;1;1;1;1;1;1;1;1;1;1;2;2;1;1;3;2;1;1;1;1;1;1;1;2;1;1;1;1;1;1;1;1;1;1;3;4;4;1;1;1;3;4;1;2;2;4;3;1;1;1;1;1;3;2;4;3;4;4;3;1;2;3;3;3;2;3;3;2;3;2;2;2;2;3;2;1;1;1;1;2;1;3;3;2;1;4;3;1;2;1;4;3;4;2;1;2;2;2;2;2;2;4;2;2;3;1;4;1;1;1;1;1;1;1;3;2;1;1;1;1;1;1;2;1;1;1;1;1;1;1;2;3;1;4;4;2;1;1;1;1;3;2;1;1;1;1;1;1;1;1;1;1;1;1;3;1;1;2;1;1;1;1;1;1;2;2;1;1;2;1;1;1;1;1;1;4;4;1;2;4;4;1;4;3;1;1;1;1;1;1;1;1;1;1;3;1;3;1;1;1;1;1;1;3;2;1;2;1;1;1;1;1;1;1;4;2;2;3;1;1;1;1;1;4;4;2;4;2;2;2;2;2;1;2;1;1;1;2;2;1;1;1;1;1;1;1;1;1;1;1;4;1;2;1;1;3;1;4;3;3;2;3;1;4;3;3;2;1;1;1;1;1;1;1;1;1;1;1;1;1;1;1;1;1;1;1;1;1;1;1;1;1;1;;40;Brasil;Brasil;Nunca;Sim;Não aplicável;Não Aplicável;Urbano;;;;;;Outra;;Cisgénero (identifica-se com o sexo atribuído à nascença);Feminino;Ensino Superior concluído (Licenciatura/bacharelato, mestrado, doutoramento);Empregado/a;Médio;1 801 - 2800 €;Casado/a ou em União de Facto;5;Sim, tenho 3 filhos/as;Pouco Importante;Não, nunca tive;0;Não;;;;;;NA;Não procurei ajuda porque não precisei;Tenho seguro de saúde que cobre despesas relacionadas com saúde mental;Não;Não, nunca ou raramente.;;;;;;Sobrecarga de cuidados a crianças, idosos ou pessoas dependentes;;;;;;;;;1 pessoa;Ocasionalmente (1 - 10 vezes em todo o ano);Ocasionalmente (1 - 10 vezes em todo o ano);Nunca;Nunca;Nunca;Nunca;Nunca;Nunca;Uso mensal (em média 1 vez por mês);Ocasionalmente (menos de 1 vez por mês);Só para experimentar (1-3 vezes na vida);Nunca;Nunca
1;1;1;1;1;1;1;1;1;1;1;1;1;1;1;2;1;2;2;2;2;2;2;1;1;1;2;2;2;2;2;1;1;1;2;2;2;2;1;2;1;2;1;2;1;2;2;1;1;1;2;1;1;2;1;1;1;1;1;1;1;1;1;1;1;1;1;1;1;2;2;1;2;2;2;2;1;1;1;1;2;2;2;2;2;1;1;2;1;2;1;2;2;1;2;1;1;1;1;1;1;1;2;1;2;4;3;1;2;2;2;2;2;3;1;2;2;2;2;2;3;2;2;1;2;1;1;2;1;2;2;2;2;2;1;2;2;2;2;2;1;2;2;1;2;1;1;1;1;1;1;1;1;2;2;2;1;2;1;1;1;1;1;1;1;2;2;1;1;1;1;1;1;1;2;1;1;2;1;3;1;1;1;2;2;2;1;2;2;2;1;1;1;1;1;2;2;3;2;3;2;3;1;2;1;2;2;2;2;2;2;2;1;1;1;2;2;1;1;1;1;1;1;1;1;2;2;2;2;2;2;2;2;1;1;2;1;1;2;1;2;2;2;2;2;2;2;2;2;2;1;1;1;1;1;1;1;2;2;2;2;2;2;2;2;2;2;2;1;1;1;1;1;2;2;2;2;2;2;2;2;2;1;1;1;1;1;1;1;1;1;1;1;1;1;1;1;1;1;1;1;2;1;1;1;1;1;2;2;1;1;2;1;3;2;1;2;1;3;2;2;1;2;2;2;2;1;2;2;2;1;2;2;2;2;1;1;2;2;1;1;1;1;1;1;2;1;2;1;1;1;3;2;2;1;1;2;2;1;2;1;2;2;1;1;1;2;2;2;1;2;2;1;1;2;1;1;1;1;1;1;2;1;1;2;2;1;1;1;1;1;1;1;1;1;1;2;1;1;1;2;3;3;2;2;1;2;1;2;1;2;2;2;2;1;2;2;2;2;1;2;1;2;1;2;1;1;1;1;1;1;1;1;1;1;1;;41;Portugal;Portugal;A maior parte da minha vida;Sim;Centro;Olho Marinho (ÓBIDOS);Urbano;Branca;;;;;;;Cisgénero (identifica-se com o sexo atribuído à nascença);Masculino;Ensino Superior concluído (Licenciatura/bacharelato, mestrado, doutoramento);Empregado/a;Médio;1 801 - 2800 €;Separado/a ou Divorciado/a;1, sou só eu;Sim, tenho 1 filho/a;Pouco Importante;Não, nunca tive;0;Não;;;;;;N.A.;Sim;Tenho seguro de saúde que cobre despesas relacionadas com saúde mental;Não;Não, nunca ou raramente.;;;;;;;Conflitos familiares ou relacionais persistentes;;;;;;;;2-4 pessoas;Ocasionalmente (1 - 10 vezes em todo o ano);Nunca;Uso mensal (pelo menos 1 vez por mês);Nunca;Nunca;Nunca;Nunca;Nunca;Uso semanal (pelo menos 1 vez por semana);Só para experimentar (1-3 vezes na vida);Uso semanal (pelo menos 1 vez por semana);Nunca;Ocasionalmente (menos de 1 vez por mês)
1;1;1;1;1;1;1;1;1;1;1;1;1;3;1;3;2;3;3;2;1;2;1;1;2;3;4;3;4;2;3;2;3;1;1;2;2;2;2;1;3;3;2;3;1;2;1;1;1;1;1;3;2;2;2;2;1;1;1;1;1;1;1;1;1;1;2;2;2;2;2;3;4;4;2;4;2;2;1;1;1;2;2;2;1;1;1;3;2;2;3;2;2;1;2;1;1;1;1;1;1;2;2;2;2;3;3;3;2;2;3;2;2;3;1;2;2;3;3;4;3;3;4;1;2;1;1;1;2;2;2;3;2;3;1;3;3;2;3;2;2;3;1;2;3;1;1;1;1;2;1;1;1;3;2;2;2;2;2;1;2;2;2;1;1;2;3;1;1;1;1;1;1;1;1;1;1;2;4;3;1;1;1;2;4;2;1;1;2;1;1;1;1;1;1;3;3;3;2;2;2;2;1;3;2;2;2;1;1;1;2;2;4;3;3;4;4;3;1;2;2;2;1;1;2;3;1;2;2;2;2;2;1;2;2;2;1;1;3;1;3;2;2;2;2;2;2;2;2;2;2;1;1;1;1;2;1;1;1;2;1;1;1;1;1;2;1;1;1;3;1;1;1;2;2;3;3;3;2;1;2;2;1;1;1;1;1;1;1;1;1;1;1;1;1;1;1;1;1;2;1;1;1;1;1;1;2;3;2;3;2;3;1;2;2;2;2;1;2;3;2;2;4;3;2;3;2;1;1;1;1;1;1;2;1;2;2;2;2;2;1;1;1;1;4;3;3;3;1;2;2;2;1;2;1;1;1;2;3;2;2;2;2;2;2;2;2;2;2;4;2;2;1;1;1;1;1;1;1;1;1;1;1;1;1;2;1;1;2;1;1;1;2;2;2;1;2;1;1;1;3;3;4;3;3;2;1;3;2;2;1;2;2;1;2;2;2;3;2;1;1;1;1;1;2;1;1;1;1;1;2;1;1;1;1;1;;43;Brasil;Brasil;Nunca;Sim;Não aplicável;Não Aplicável;Urbano;Branca;;;;Hispânica/Latina;;;Cisgénero (identifica-se com o sexo atribuído à nascença);Feminino;Ensino Superior concluído (Licenciatura/bacharelato, mestrado, doutoramento);Empregado/a;Médio;2 801 - 4 000 €;Casado/a ou em União de Facto;2;Não;Mais ou menos Importante;Não, nunca tive;0;Não;;;;;;Não se aplica;Sim;Tenho seguro de saúde que cobre despesas relacionadas com saúde mental;Não;Por vezes;;;;Insegurança física (nos trajetos do dia-a-dia e locais que costuma frequentar);;Sobrecarga de cuidados a crianças, idosos ou pessoas dependentes;Conflitos familiares ou relacionais persistentes;Deficiência física, doença crónica ou problema de saúde grave (do próprio ou de pessoa próxima) com impacto na vida diária;Luto;;;;;;5 ou mais pessoas;Uso semanal (pelo menos 1 vez por semana);Ocasionalmente (1 - 10 vezes em todo o ano);Ocasionalmente (1 - 10 vezes em todo o ano);Nunca;Nunca;Nunca;Nunca;Ocasionalmente (1 - 10 vezes em todo o ano);Uso semanal (pelo menos 1 vez por semana);Ocasionalmente (menos de 1 vez por mês);Só para experimentar (1-3 vezes na vida);Nunca;Ocasionalmente (menos de 1 vez por mês)
1;1;2;1;1;1;1;1;1;1;1;1;1;1;1;1;1;2;1;3;2;1;1;1;1;1;1;2;4;1;1;1;2;1;1;1;1;3;1;1;1;2;1;1;1;3;2;1;2;2;2;1;1;1;1;1;1;1;1;1;1;1;1;1;1;1;1;1;1;3;2;3;4;1;1;1;1;1;1;1;1;1;1;1;1;1;1;1;1;1;1;1;1;1;2;1;1;1;1;2;1;1;1;2;1;1;1;2;2;2;2;1;1;1;1;1;1;1;1;1;1;2;1;1;1;1;2;1;1;1;2;1;1;1;1;2;2;1;2;1;2;1;1;2;1;1;1;1;3;1;1;1;1;2;1;2;1;1;2;1;1;2;2;2;1;2;1;1;1;1;1;1;1;1;1;1;1;3;2;3;1;1;1;1;1;2;2;2;2;2;1;1;1;1;1;1;3;2;2;2;3;3;1;2;2;4;1;2;3;3;4;2;1;1;1;2;2;1;1;1;1;3;1;1;1;2;2;2;4;2;1;3;2;3;3;1;1;1;4;1;1;2;1;1;1;1;2;1;1;1;1;1;1;1;1;1;1;1;1;1;1;2;1;2;1;1;1;1;1;1;1;1;1;2;1;1;3;2;1;1;1;1;1;1;1;1;1;1;1;1;1;1;1;2;1;1;1;3;1;1;2;1;1;1;1;1;2;2;2;2;2;2;1;1;2;1;1;1;1;2;2;3;3;3;1;2;2;1;2;1;1;1;2;1;1;2;2;3;3;1;1;1;1;1;1;1;1;1;1;1;1;1;1;1;1;1;1;3;2;1;4;3;2;1;1;1;1;1;1;2;2;2;2;3;3;4;4;1;1;1;1;3;1;1;2;1;1;2;2;1;1;1;4;4;1;2;2;1;1;1;3;3;2;3;3;1;4;3;4;3;2;2;1;2;1;1;2;1;1;1;1;1;1;1;1;1;1;1;1;1;1;1;1;1;1;1;;55;Brasil;Brasil;Menos de 5 anos;Sim;Não aplicável;Não Aplicável;Urbano;Branca;;;;;;;Cisgénero (identifica-se com o sexo atribuído à nascença);Masculino;Ensino Superior concluído (Licenciatura/bacharelato, mestrado, doutoramento);Desempregado/a;Médio;1 201 - 1 500 €;Solteiro/a;1, sou só eu;Não;Muito Importante;Não, nunca tive;0;Não;;;;;;Não aplicável ;Sim;Não tenho seguro de saúde;Não;Não, nunca ou raramente.;;;;;Desemprego;;;;Luto;Separação/divórcio;;;;;2-4 pessoas;Nunca;Nunca;Nunca;Nunca;Nunca;Nunca;Nunca;Nunca;Uso semanal (pelo menos 1 vez por semana);Só para experimentar (1-3 vezes na vida);Só para experimentar (1-3 vezes na vida);Nunca;Nunca
1;1;1;1;1;1;1;1;1;1;1;1;1;1;1;1;1;1;2;2;1;1;1;1;1;1;2;1;1;1;3;1;2;1;1;1;1;1;1;2;2;1;1;2;1;1;1;1;1;2;1;1;1;3;2;1;1;1;1;1;1;1;1;1;1;2;1;1;2;2;1;3;2;1;2;1;1;1;1;1;1;2;2;1;1;1;1;2;1;1;1;1;2;1;1;1;1;1;1;1;1;1;1;1;1;3;1;1;1;1;1;1;1;1;1;2;1;3;1;2;2;2;1;1;1;1;2;1;1;1;1;3;2;1;1;1;1;1;2;1;3;2;1;1;2;1;1;1;1;2;1;1;1;1;1;1;1;1;1;1;1;1;1;1;1;1;2;1;1;1;1;1;1;1;1;1;1;2;2;2;1;1;1;4;1;2;1;1;3;2;2;1;1;2;1;2;2;3;1;3;4;3;1;1;1;2;3;2;1;1;2;2;1;1;1;1;1;1;1;1;1;1;1;3;1;2;2;1;1;1;1;2;1;3;3;2;2;1;2;1;2;2;1;1;3;1;1;1;1;1;1;1;1;1;1;1;1;1;1;1;1;1;1;1;1;1;1;1;1;1;1;1;1;2;1;1;1;1;1;1;1;1;1;2;1;1;1;1;1;1;1;1;1;1;1;1;1;1;1;1;1;1;1;1;1;2;1;1;1;1;1;2;1;1;1;1;3;2;2;3;2;3;4;3;3;3;3;1;1;2;1;1;1;1;1;1;1;1;1;1;1;1;1;1;1;2;1;1;1;1;1;1;1;1;1;1;1;1;1;1;1;2;2;1;1;1;2;2;1;3;1;1;2;2;2;1;1;1;1;1;1;1;3;1;1;1;1;2;1;1;1;1;1;2;1;1;1;1;1;1;3;4;1;4;1;1;1;1;1;1;1;1;1;1;1;1;1;1;1;1;1;1;1;1;1;1;1;1;1;1;1;1;1;1;1;1;;43;Portugal;Portugal;Toda a vida;Sim;Grande Lisboa;Algés, Linda-a-Velha e Cruz Quebrada-Dafundo (OEIRAS);Urbano;Branca;;;;;;;Cisgénero (identifica-se com o sexo atribuído à nascença);Feminino;Ensino Superior concluído (Licenciatura/bacharelato, mestrado, doutoramento);Empregado/a;Médio;2 801 - 4 000 €;Solteiro/a;1, sou só eu;Sim, tenho 1 filho/a;Pouco Importante;Não, nunca tive;0;Não;;;;;;Nenhuma;Sim;Tenho seguro de saúde, mas não cobre despesas relacionadas com saúde mental;Não;Não, nunca ou raramente.;;;;;;;;;;;;;;Não experienciei nenhuma destas situações;5 ou mais pessoas;Uso semanal (pelo menos 1 vez por semana);Nunca;Nunca;Nunca;Nunca;Nunca;Nunca;Nunca;Uso semanal (pelo menos 1 vez por semana);Só para experimentar (1-3 vezes na vida);Nunca;Nunca;Nunca
1;1;1;4;1;1;1;1;1;1;1;1;1;3;1;2;2;3;3;1;3;1;2;1;2;1;1;1;3;3;3;2;3;2;3;3;1;3;3;1;1;3;1;2;3;2;1;1;1;3;1;1;1;2;2;1;1;1;1;1;1;1;1;1;1;3;2;1;2;2;2;2;2;1;1;1;1;2;1;1;1;1;1;1;1;1;1;1;2;2;2;2;4;2;1;1;1;1;1;1;1;2;3;1;1;3;2;1;1;1;1;1;3;1;1;3;1;2;3;2;2;1;2;1;2;1;1;1;1;1;1;2;3;2;2;2;4;3;2;2;2;2;1;2;1;3;1;1;4;3;1;1;1;3;2;1;3;2;2;1;1;1;1;1;1;1;1;1;1;2;2;2;1;2;1;2;4;2;3;3;1;1;1;4;2;2;1;1;2;1;1;1;1;1;1;2;3;1;2;4;4;2;1;3;2;1;1;2;2;2;1;2;1;2;1;1;1;1;2;2;2;1;1;2;2;2;2;1;1;1;2;2;2;4;4;2;3;1;1;2;1;2;1;1;2;2;2;2;3;1;3;1;1;1;1;1;1;1;1;2;2;2;1;2;1;2;1;1;1;1;1;1;2;1;1;1;3;2;1;2;1;1;2;2;1;2;1;1;1;2;1;1;1;1;1;1;1;1;1;1;1;1;1;1;2;1;1;2;3;3;1;1;1;4;2;1;2;2;3;2;2;3;3;4;2;3;1;2;2;3;1;1;1;1;1;1;1;1;1;1;1;1;1;1;1;1;1;1;1;1;1;1;1;1;1;1;1;1;1;1;1;2;2;1;1;2;1;3;2;2;3;1;1;1;1;1;1;1;1;1;1;3;1;1;1;1;1;1;1;1;1;1;1;1;1;1;1;1;1;1;4;1;4;4;3;2;1;2;1;1;1;1;1;1;1;1;1;1;1;1;1;1;1;1;1;1;1;1;1;1;1;1;1;1;1;1;;40;Portugal;Portugal;Toda a vida;Sim;Norte;Vila Nova do Campo (SANTO TIRSO);Urbano;Branca;;;;;;;Cisgénero (identifica-se com o sexo atribuído à nascença);Masculino;Ensino Superior concluído (Licenciatura/bacharelato, mestrado, doutoramento);Empregado/a;Médio-baixo;1 051 - 1 201 €;Solteiro/a;2;Sim, tenho 2 filhos/as;Pouco Importante;Não, nunca tive;0;Não;;;;;;Sem medicação ;Sim;Não tenho seguro de saúde;Não;Não, nunca ou raramente.;Dificuldades económicas recorrentes para pagar despesas essenciais (contas de luz, água, aquecimento, alimentação, etc);;;;;;;;;;;;;;5 ou mais pessoas;Ocasionalmente (1 - 10 vezes em todo o ano);Nunca;Nunca;Nunca;Nunca;Nunca;Nunca;Nunca;Ocasionalmente (menos de 1 vez por mês);Nunca;Nunca;Nunca;Nunca
3;3;1;1;2;1;3;1;1;1;1;2;1;2;1;2;1;1;2;1;1;3;2;3;1;1;3;2;2;2;1;2;3;2;2;1;2;3;1;2;3;3;3;1;2;2;2;3;2;3;3;2;1;2;1;3;2;3;2;2;2;1;1;2;1;2;2;2;1;1;3;2;2;1;1;1;1;2;1;1;2;1;2;1;2;1;3;3;1;2;1;2;1;1;1;1;1;1;1;1;1;1;2;3;1;2;2;2;1;1;2;3;2;2;1;1;1;4;3;1;1;1;2;2;2;1;1;1;1;2;2;1;2;3;3;1;1;3;2;1;2;1;2;1;2;3;3;2;2;3;1;1;1;1;1;2;4;2;1;2;1;2;2;2;1;2;2;2;2;2;1;2;3;2;1;2;2;3;4;3;1;1;1;3;2;2;2;1;3;1;1;2;1;2;2;1;2;2;2;2;2;2;1;2;1;1;1;1;1;3;2;2;1;3;1;1;1;1;1;2;1;1;2;2;2;3;2;3;2;1;2;2;3;2;3;2;1;1;3;2;2;1;1;1;2;1;2;2;1;1;1;1;2;1;1;1;1;1;2;2;2;2;1;1;1;1;1;1;3;1;1;1;1;1;1;2;2;1;2;3;3;2;2;1;1;1;3;2;3;2;1;2;3;3;1;1;1;2;1;2;1;2;1;2;2;3;3;2;3;1;1;3;2;2;1;2;1;1;2;1;2;3;1;2;1;1;1;2;3;2;4;1;3;2;1;2;2;2;2;2;1;2;3;1;1;2;2;2;1;1;1;3;1;1;1;1;1;2;1;1;2;2;3;1;1;2;1;4;2;1;2;1;1;2;2;2;1;3;1;1;1;1;2;2;1;2;1;2;1;1;1;1;2;2;2;2;2;1;3;1;4;2;2;2;2;2;2;2;2;3;2;2;2;2;3;1;1;2;2;2;1;1;1;2;1;2;1;2;3;1;1;2;2;2;1;1;;75;África do Sul;África do Sul;Menos de 1 ano;Sim;Não aplicável;Não Aplicável;Semiurbano;;Negra;;;;;;Cisgénero (identifica-se com o sexo atribuído à nascença);Feminino;Ensino Superior concluído (Licenciatura/bacharelato, mestrado, doutoramento);Reformado/a;Alto;2 801 - 4 000 €;Casado/a ou em União de Facto;2;Sim, tenho 3 filhos/as;Muito Importante;Não, nunca tive;0;Não;;;;;;N/A;Sim, mas com algumas dificuldades;Tenho seguro de saúde, mas não cobre despesas relacionadas com saúde mental;Não;Não, nunca ou raramente.;;;;;;;;;;;;;;Não experienciei nenhuma destas situações;1 pessoa;Nunca;Nunca;Nunca;Nunca;Nunca;Nunca;Nunca;Nunca;Só para experimentar (1-3 vezes na vida);Nunca;Nunca;Nunca;Só para experimentar (1-3 vezes na vida)
1;1;1;1;1;1;1;1;1;1;1;1;1;1;1;1;1;1;3;2;3;1;2;1;1;1;1;1;2;1;1;1;1;1;2;1;1;2;1;2;1;2;1;3;1;2;1;1;1;1;1;2;1;3;1;2;1;1;1;1;1;1;1;1;1;4;1;1;1;1;1;3;2;1;1;1;1;2;1;1;2;2;1;1;1;1;1;2;1;2;2;1;3;1;3;1;1;1;1;1;1;1;1;1;1;2;2;2;2;1;1;2;2;2;1;1;2;2;2;1;2;1;2;1;1;1;1;1;1;2;2;3;3;1;1;2;2;1;1;2;2;1;2;1;1;1;1;3;4;1;1;1;1;1;1;1;1;1;1;1;1;1;2;1;1;3;1;1;2;1;1;1;1;1;1;1;1;1;1;2;1;1;1;2;1;1;1;1;2;1;1;2;1;1;1;2;1;1;1;2;1;2;1;2;1;3;2;1;2;1;2;1;1;1;1;1;1;1;1;1;1;1;1;1;1;3;1;1;3;1;2;1;1;3;1;2;1;1;2;1;2;2;2;2;3;2;1;2;2;3;2;1;1;1;1;1;1;1;1;1;1;1;1;1;1;1;1;1;1;1;1;1;1;1;1;1;3;2;1;1;1;3;1;1;1;1;1;1;1;1;1;1;1;1;1;1;1;2;1;1;1;1;1;1;1;1;2;2;2;3;2;2;1;1;1;1;2;2;2;3;2;1;2;2;1;1;1;1;2;2;1;1;1;1;1;1;1;1;1;1;1;1;1;1;1;1;1;1;1;1;1;1;1;1;1;1;1;1;2;2;2;3;3;1;1;1;1;2;1;3;1;2;1;1;1;1;1;1;1;1;1;1;1;1;1;1;1;1;1;1;1;1;1;1;1;1;1;1;1;1;3;3;1;3;3;1;1;1;1;1;1;2;2;1;1;1;2;2;1;1;1;3;3;1;1;1;1;1;1;1;2;2;1;1;1;1;;41;Portugal;Portugal;Toda a vida;Sim;Algarve;Faro (Sé e São Pedro) (FARO);Urbano;Branca;;;;;;;Cisgénero (identifica-se com o sexo atribuído à nascença);Masculino;Ensino Superior concluído (Licenciatura/bacharelato, mestrado, doutoramento);Empregado/a;Médio;4001 - 6000 €;Solteiro/a;2;Sim, tenho 2 filhos/as;Nada Importante;Não, nunca tive;0;Não;;;;;;0;Não procurei ajuda porque não precisei;Não tenho a certeza;Não;Não, nunca ou raramente.;;;;;;;;;;;;;;Não experienciei nenhuma destas situações;2-4 pessoas;Uso semanal (pelo menos 1 vez por semana);Nunca;Ocasionalmente (1 - 10 vezes em todo o ano);Nunca;Nunca;Nunca;Nunca;Nunca;Uso semanal (pelo menos 1 vez por semana);Uso mensal (em média 1 vez por mês);Uso mensal (em média 1 vez por mês);Uso mensal (em média 1 vez por mês);Nunca
1;1;1;1;1;1;1;1;1;1;1;1;1;3;2;3;1;2;3;3;2;2;2;3;1;2;4;3;3;2;1;3;3;1;2;2;2;1;1;1;2;2;1;2;2;1;2;1;2;1;1;1;1;1;1;1;1;2;1;3;1;1;1;1;1;1;3;1;3;3;4;3;4;2;2;2;1;1;1;1;1;1;1;1;1;1;1;1;1;1;2;2;2;1;2;1;1;1;1;1;1;1;1;1;1;2;2;1;1;1;2;1;2;3;1;2;2;1;2;2;2;2;2;1;1;1;1;1;1;2;1;1;1;2;1;2;2;2;1;1;1;1;1;1;1;1;1;1;2;1;1;1;1;1;1;1;1;2;2;1;1;2;2;1;2;3;2;2;1;1;1;1;1;1;1;1;1;4;3;4;1;1;1;2;3;3;2;1;3;2;1;1;1;1;3;3;2;3;1;1;3;3;1;1;1;1;3;1;4;4;4;4;1;2;2;2;2;1;1;1;3;1;1;2;2;3;1;1;3;1;4;1;1;2;1;3;2;1;1;1;2;2;2;2;1;2;2;2;2;3;1;1;1;1;1;1;1;1;2;1;1;1;1;1;1;2;3;1;1;1;1;1;1;2;2;2;3;2;2;4;3;2;1;2;1;1;1;2;1;1;1;1;1;1;1;1;1;2;1;3;1;1;2;2;2;2;2;3;3;2;1;4;2;3;2;2;1;2;2;3;1;2;3;3;2;3;2;1;1;1;1;1;1;2;1;1;1;2;1;1;1;1;1;1;2;1;3;2;1;1;1;2;1;1;1;1;1;3;2;1;2;3;1;1;1;1;2;3;3;3;2;2;2;2;2;2;1;1;1;1;4;1;2;1;1;1;1;1;2;1;1;1;1;1;1;1;1;1;1;1;3;3;3;3;3;3;3;3;2;1;1;1;1;1;1;1;1;1;1;1;1;1;1;2;1;1;1;1;1;1;1;1;1;1;1;1;;53;Brasil;Brasil;Toda a vida;Sim;Não aplicável;Não Aplicável;Urbano;;;;;Hispânica/Latina;;;Cisgénero (identifica-se com o sexo atribuído à nascença);Masculino;Ensino Superior concluído (Licenciatura/bacharelato, mestrado, doutoramento);Empregado/a;Médio;1 051 - 1 201 €;Casado/a ou em União de Facto;+6;Sim, tenho 3 filhos/as;Muito Importante;Não, nunca tive;0;Não;;;;;;N/A;Sim;Não tenho seguro de saúde;Não;Não, nunca ou raramente.;Dificuldades económicas recorrentes para pagar despesas essenciais (contas de luz, água, aquecimento, alimentação, etc);;;;;;;;;;;;;;2-4 pessoas;Nunca;Nunca;Nunca;Nunca;Nunca;Nunca;Nunca;Nunca;Só para experimentar (1-3 vezes na vida);Só para experimentar (1-3 vezes na vida);Só para experimentar (1-3 vezes na vida);Nunca;Nunca
1;1;1;1;1;1;1;1;1;1;1;1;1;1;1;1;1;2;3;2;2;1;2;2;3;1;1;1;2;1;1;1;2;1;3;2;2;1;1;2;2;2;1;2;1;1;1;1;1;1;1;2;3;3;2;1;1;1;1;1;1;1;1;2;1;2;2;1;2;2;1;2;2;1;1;1;1;1;1;1;2;3;2;1;1;1;1;3;2;2;4;3;3;1;3;1;1;1;1;1;1;1;2;2;2;2;3;3;2;3;3;2;1;2;1;2;2;1;1;2;2;2;2;1;1;1;1;1;2;1;2;3;2;1;1;3;3;3;4;2;3;1;2;3;2;1;1;1;1;1;1;1;1;1;1;1;1;1;2;1;3;2;2;1;1;1;1;1;3;1;1;1;1;1;1;1;1;3;2;4;1;1;1;2;2;2;2;2;3;2;1;1;1;1;1;1;2;2;1;3;2;2;1;2;1;2;3;3;2;2;2;2;1;1;1;1;1;1;1;1;1;1;1;2;2;3;2;1;4;2;2;3;4;1;2;2;1;1;2;1;1;1;1;2;2;2;2;3;1;2;1;1;1;1;1;1;1;1;3;1;2;1;1;3;1;1;2;1;1;3;1;1;1;1;2;2;2;1;3;4;3;3;1;1;1;1;1;1;1;1;2;1;1;1;1;1;1;1;1;1;1;1;3;2;2;1;2;2;2;2;1;2;1;1;1;1;2;3;2;2;3;2;1;1;2;3;2;2;3;1;1;1;1;1;1;3;3;2;3;2;2;1;1;1;1;4;1;2;1;2;1;2;1;2;2;1;2;2;1;3;2;3;1;2;1;1;2;1;1;1;2;1;1;1;1;1;1;1;1;1;1;1;1;1;2;2;2;2;1;1;1;1;1;3;2;1;1;1;1;1;1;2;3;2;1;1;2;2;3;1;3;2;2;2;2;2;1;1;1;1;1;1;1;1;1;1;1;2;1;1;1;1;1;1;1;1;;49;Portugal;Portugal;Toda a vida;Sim;Grande Lisboa;Marvila (LISBOA);Urbano;Branca;;;;;;;Cisgénero (identifica-se com o sexo atribuído à nascença);Masculino;Ensino Superior concluído (Licenciatura/bacharelato, mestrado, doutoramento);Empregado/a;Médio;1 801 - 2800 €;Casado/a ou em União de Facto;2;Sim, tenho 2 filhos/as;Pouco Importante;Não, nunca tive;0;Não;;;;;;nenhuma;Sim;Tenho seguro de saúde, mas não cobre despesas relacionadas com saúde mental;Não;Bastantes vezes;Dificuldades económicas recorrentes para pagar despesas essenciais (contas de luz, água, aquecimento, alimentação, etc);Insegurança habitacional (atraso no pagamento de renda ou conta, risco de perda, sobrelotação, ou outros);Insegurança laboral (salários em atraso, contratos precários ou temporários, sem proteção social em caso de despedimento, ou outros);;;;;;;;;;;;2-4 pessoas;Uso semanal (pelo menos 1 vez por semana);Ocasionalmente (1 - 10 vezes em todo o ano);Uso semanal (pelo menos 1 vez por semana);Nunca;Nunca;Nunca;Nunca;Ocasionalmente (1 - 10 vezes em todo o ano);Uso semanal (pelo menos 1 vez por semana);Uso semanal (pelo menos 1 vez por semana);Uso quase diário ou diário;Ocasionalmente (menos de 1 vez por mês);Só para experimentar (1-3 vezes na vida)
1;1;2;1;1;1;1;1;1;1;1;1;1;1;1;1;1;2;2;1;2;2;2;1;1;1;2;2;2;2;3;2;2;2;2;2;2;1;2;1;2;2;1;2;1;1;1;1;1;1;1;2;1;3;2;2;1;1;1;1;1;1;1;1;1;2;1;1;2;3;1;3;2;2;2;1;1;1;1;1;2;1;2;2;1;1;1;2;2;2;1;1;2;1;2;1;1;1;1;1;2;1;1;2;1;1;1;1;1;1;2;1;2;2;1;1;1;2;2;1;2;2;1;1;2;2;1;1;1;1;1;1;1;1;1;1;2;1;1;2;1;2;1;1;2;1;1;1;2;1;1;1;1;2;1;2;1;2;3;2;1;3;3;1;2;2;2;1;1;1;1;1;1;1;1;1;1;2;1;2;1;1;1;2;1;2;1;2;1;2;2;2;1;1;1;2;2;2;1;2;2;3;1;2;1;2;2;1;2;2;2;2;1;1;1;1;1;1;1;2;2;2;1;1;2;2;2;2;2;1;2;2;1;3;3;2;1;2;2;1;1;1;2;1;2;2;2;2;1;2;2;1;1;1;1;1;1;1;2;2;2;1;2;1;1;1;1;1;1;1;1;1;1;1;1;1;2;2;2;2;2;2;1;1;1;1;1;1;1;1;1;1;1;1;1;1;1;1;1;1;1;1;2;1;1;1;1;2;1;2;1;2;1;1;2;2;1;1;2;2;2;2;2;2;2;2;2;3;2;2;2;1;1;1;1;1;1;1;1;1;1;1;1;1;1;2;1;2;1;1;1;2;1;1;1;1;1;2;1;2;2;2;2;2;2;1;1;2;2;2;2;3;2;2;1;1;1;1;1;1;1;2;1;2;1;1;2;1;1;1;1;1;1;1;1;1;2;1;1;1;2;3;3;2;3;1;1;1;1;1;1;1;1;1;1;1;1;1;1;1;1;1;1;1;1;1;1;1;1;1;1;1;1;1;1;1;;44;Portugal;Portugal;Toda a vida;Sim;Grande Lisboa;Santa Iria de Azoia, São João da Talha e Bobadela (LOURES);Semiurbano;Branca;;;;;;;Cisgénero (identifica-se com o sexo atribuído à nascença);Masculino;Ensino Superior concluído (Licenciatura/bacharelato, mestrado, doutoramento);Empregado/a;Médio;1 801 - 2800 €;Solteiro/a;1, sou só eu;Não;Nada Importante;Não, nunca tive;0;Não;;;;;;Não se aplica;Sim;Não tenho seguro de saúde;Não;Não, nunca ou raramente.;;;;;;;;;;;;;;Não experienciei nenhuma destas situações;2-4 pessoas;Ocasionalmente (1 - 10 vezes em todo o ano);Nunca;Nunca;Nunca;Nunca;Nunca;Nunca;Nunca;Uso mensal (em média 1 vez por mês);Nunca;Nunca;Nunca;Nunca
1;2;2;2;2;1;1;1;1;1;1;1;1;2;1;2;2;2;3;2;2;2;3;1;2;3;1;2;3;2;2;1;2;2;3;3;2;3;2;3;3;3;3;3;2;1;1;1;1;3;1;2;2;3;3;3;1;1;1;1;1;1;1;2;1;2;1;3;3;2;3;3;3;2;2;2;1;1;1;1;2;3;3;3;2;3;2;3;2;2;1;2;3;2;3;2;2;2;2;1;2;2;3;3;2;3;4;3;3;2;3;3;4;3;1;3;3;3;3;3;3;2;2;2;3;3;2;3;2;2;2;3;2;1;3;2;3;2;3;3;3;3;3;4;2;2;1;1;1;1;1;1;1;3;3;3;1;3;3;3;3;4;3;3;2;2;2;1;1;2;1;1;1;1;1;1;1;2;3;3;1;1;1;2;2;3;1;1;3;2;1;1;1;1;1;2;3;3;3;3;2;3;1;3;1;3;2;2;3;3;3;3;2;1;2;2;2;2;1;2;2;1;1;2;2;3;3;3;3;2;2;3;3;3;3;3;3;1;2;2;2;2;2;3;3;2;3;3;3;2;3;1;1;1;1;2;1;3;4;2;3;2;2;1;1;1;2;2;3;1;1;1;1;1;1;2;2;3;3;3;2;2;2;2;1;1;1;1;1;2;1;1;2;3;1;1;1;1;1;1;1;1;3;3;3;3;3;3;2;3;3;3;2;2;2;2;1;3;3;3;3;2;2;2;2;3;2;3;3;2;3;3;2;3;2;3;3;3;3;3;2;1;1;1;2;3;2;3;1;2;1;3;1;2;3;1;1;3;2;3;3;3;2;2;2;1;3;2;1;3;1;2;2;1;1;1;1;1;1;1;1;4;1;1;2;3;2;2;2;1;1;1;2;2;2;2;2;1;1;1;3;2;2;2;3;4;4;3;3;4;1;2;2;2;2;1;1;1;1;1;1;1;1;1;1;1;1;1;2;1;1;1;2;1;1;1;;47;Portugal;Portugal;A maior parte da minha vida;Sim;Grande Lisboa;Lumiar (LISBOA);Urbano;Branca;;;;;;;Cisgénero (identifica-se com o sexo atribuído à nascença);Masculino;Ensino Superior concluído (Licenciatura/bacharelato, mestrado, doutoramento);Empregado/a;Médio;1 801 - 2800 €;Separado/a ou Divorciado/a;2;Sim, tenho 2 filhos/as;Muito Importante;Não, nunca tive;0;Não;;;;;;Não tomo medicação;Sim, mas com algumas dificuldades;Tenho seguro de saúde que cobre despesas relacionadas com saúde mental;Não;Bastantes vezes;;;;;;Sobrecarga de cuidados a crianças, idosos ou pessoas dependentes;Conflitos familiares ou relacionais persistentes;;Luto;;;;;;2-4 pessoas;Ocasionalmente (1 - 10 vezes em todo o ano);Nunca;Nunca;Nunca;Nunca;Nunca;Nunca;Ocasionalmente (1 - 10 vezes em todo o ano);Ocasionalmente (menos de 1 vez por mês);Só para experimentar (1-3 vezes na vida);Nunca;Nunca;Só para experimentar (1-3 vezes na vida)
1;1;1;1;1;1;1;2;1;1;1;1;1;1;1;3;2;3;1;2;1;2;1;1;1;2;4;4;4;2;2;1;3;1;2;2;2;1;3;2;3;2;2;3;2;1;1;1;1;1;1;2;2;3;1;3;1;1;1;1;2;1;1;1;1;1;1;1;2;1;3;2;4;1;1;1;1;1;1;1;3;4;3;2;2;3;3;2;2;3;2;1;4;1;3;1;2;1;1;1;1;3;3;2;2;3;2;2;3;1;2;2;2;3;2;3;2;2;2;2;3;3;2;1;1;2;1;1;2;1;2;2;3;2;1;2;4;2;2;2;1;2;1;1;2;1;1;1;2;1;1;1;1;2;2;1;2;2;1;1;1;2;1;1;1;2;3;1;1;1;1;1;1;1;2;1;1;3;1;2;1;1;1;1;2;2;3;2;2;3;1;1;1;2;3;2;2;2;1;1;2;1;2;3;1;3;3;2;2;2;1;2;1;2;2;1;1;1;1;1;1;1;1;1;1;1;3;4;2;1;1;3;2;1;2;3;1;1;2;1;1;2;3;1;3;4;2;4;3;1;2;1;1;1;1;1;1;1;1;2;2;2;2;1;1;2;2;1;1;1;1;2;1;1;2;1;1;1;1;2;3;1;2;2;1;1;1;1;1;1;1;1;1;1;1;1;1;1;2;1;1;1;2;2;1;3;2;2;3;2;2;2;1;3;2;1;2;1;2;2;1;3;2;1;2;3;1;2;2;1;1;1;1;1;1;1;1;1;1;2;1;1;1;1;1;2;2;2;1;1;1;2;1;2;1;1;2;2;2;2;2;3;4;4;2;1;1;2;3;2;2;3;1;1;1;1;1;1;1;1;1;1;1;1;2;1;3;1;2;1;1;1;1;2;1;1;1;1;1;1;2;2;2;2;2;1;4;1;1;1;1;1;1;1;1;1;1;1;1;1;1;1;1;1;1;1;1;1;1;1;1;1;1;1;1;1;;46;Portugal;Portugal;A maior parte da minha vida;Sim;Grande Lisboa;Colares (SINTRA);Semiurbano;;;;;Hispânica/Latina;;;Cisgénero (identifica-se com o sexo atribuído à nascença);Masculino;Ensino Superior concluído (Licenciatura/bacharelato, mestrado, doutoramento);Empregado/a;Médio-alto;Mais de 6 000 €;Casado/a ou em União de Facto;2;Sim, tenho mais de 3 filhos/as;Nada Importante;Não, nunca tive;0;Não;;;;;;0;Sim;Tenho seguro de saúde que cobre despesas relacionadas com saúde mental;Não;Por vezes;;;;;;;;;;;;;;Não experienciei nenhuma destas situações;2-4 pessoas;Nunca;Nunca;Uso diário ou quase diário, várias vezes por dia;Nunca;Nunca;Nunca;Nunca;Nunca;Uso quase diário ou diário;Só para experimentar (1-3 vezes na vida);Uso quase diário ou diário;Nunca;Nunca
1;1;1;1;1;1;1;1;1;1;1;1;1;1;1;1;1;1;1;1;1;3;1;1;2;1;2;2;1;1;2;1;2;1;1;1;1;2;2;1;1;3;1;3;2;1;1;1;1;1;1;1;3;1;2;1;1;1;1;1;1;1;1;1;1;1;1;1;2;2;2;2;1;1;2;1;4;4;2;1;1;1;1;1;1;1;1;3;1;1;1;1;2;1;2;1;1;1;1;2;1;1;1;1;3;3;3;2;2;3;3;1;2;2;1;2;1;1;1;1;1;3;1;1;1;2;1;1;1;3;2;2;2;2;1;3;3;2;1;1;3;1;1;3;1;3;3;1;2;3;1;1;1;2;1;1;1;1;2;1;1;2;2;1;1;1;1;1;1;1;1;1;1;1;1;1;1;2;2;3;1;1;1;2;1;2;2;1;4;3;1;1;1;1;2;1;3;3;1;3;3;3;2;2;1;1;2;2;2;2;2;1;1;1;1;1;1;1;1;1;1;3;1;2;1;4;3;1;3;2;3;2;1;2;2;3;2;1;1;1;1;1;1;1;2;1;2;1;1;1;1;1;1;1;1;1;1;1;1;1;1;1;1;2;1;3;1;2;1;1;1;1;1;1;1;1;2;2;1;2;1;1;2;1;1;1;1;1;1;1;1;1;1;1;1;1;1;1;1;1;1;1;2;2;2;1;2;1;1;1;1;1;1;1;1;1;1;1;3;3;1;2;2;2;1;1;2;1;2;2;2;1;1;1;1;1;1;1;4;1;1;1;1;1;1;3;1;1;1;1;1;1;1;2;1;1;1;2;1;2;1;1;1;1;1;2;1;4;1;4;1;2;2;1;1;1;1;1;1;1;1;1;3;1;1;1;1;1;3;1;1;1;1;1;3;1;1;1;1;1;3;3;2;3;2;1;4;1;1;1;1;1;1;1;1;1;1;1;1;1;1;1;1;1;1;1;1;1;1;1;1;1;1;1;1;1;;45;Portugal;Portugal;Toda a vida;Sim;Centro;Santo António dos Olivais (COIMBRA);Rural;Branca;;;;;;;Cisgénero (identifica-se com o sexo atribuído à nascença);Masculino;Ensino Superior concluído (Licenciatura/bacharelato, mestrado, doutoramento);Empregado/a;Médio;1 801 - 2800 €;Casado/a ou em União de Facto;2;Sim, tenho 1 filho/a;Nada Importante;Não, nunca tive;0;Não;;;Sim, com recurso a medicação psiquiátrica;;;sedoxil 1mg;Não procurei ajuda, apesar de ter precisado;Tenho seguro de saúde, mas não cobre despesas relacionadas com saúde mental;Não;Por vezes;;;;;;;Conflitos familiares ou relacionais persistentes;;;;;;;;5 ou mais pessoas;Nunca;Nunca;Nunca;Nunca;Nunca;Nunca;Nunca;Nunca;Uso mensal (em média 1 vez por mês);Nunca;Nunca;Nunca;Nunca
1;1;1;1;1;1;1;1;1;1;1;1;1;1;1;1;1;2;1;2;2;1;1;1;1;2;3;2;1;2;1;1;2;1;1;2;2;2;1;2;2;3;1;3;1;1;1;1;3;2;1;2;1;2;1;1;1;1;1;1;1;1;1;1;1;1;1;1;3;3;1;3;3;1;1;1;1;1;1;1;1;1;1;1;1;1;1;1;2;1;1;1;1;1;1;1;1;1;1;1;1;1;1;1;1;2;1;1;1;1;1;1;1;1;1;2;1;1;1;1;1;1;1;1;1;1;1;1;1;1;1;1;1;1;1;1;1;1;1;1;1;2;1;1;1;3;2;1;1;1;1;1;1;1;1;1;1;1;1;1;1;1;1;1;1;1;1;1;1;1;1;1;1;1;1;2;1;1;1;2;1;1;1;1;1;1;1;1;2;2;1;1;1;1;1;1;1;3;1;3;3;4;1;1;1;2;1;1;1;1;1;4;1;1;1;1;1;1;1;2;1;1;1;2;2;1;1;1;3;1;2;1;1;4;4;3;3;1;1;1;1;1;1;1;2;1;1;2;1;1;1;1;1;1;1;1;1;1;1;1;1;1;1;1;1;1;1;1;1;1;1;1;1;2;1;2;1;2;3;2;3;2;1;1;1;1;1;1;1;1;1;1;1;1;1;1;1;1;1;1;1;1;2;1;1;2;2;2;3;2;2;3;1;1;1;1;1;1;1;2;1;2;3;2;2;4;2;1;1;1;1;1;1;1;1;1;1;1;1;1;1;1;1;1;1;2;1;1;1;1;1;1;1;1;1;1;1;2;1;1;2;2;3;3;3;1;2;1;3;1;2;1;1;2;1;1;2;1;1;1;2;2;1;1;1;1;1;1;3;1;1;1;1;1;3;1;1;1;1;1;1;3;3;3;3;1;1;1;1;1;1;1;1;1;1;1;1;1;1;1;1;1;1;1;1;1;1;1;1;1;1;1;1;1;1;1;;42;Portugal;Portugal;Toda a vida;Sim;Grande Lisboa;Penha de França (LISBOA);Urbano;Branca;;;;;;;Cisgénero (identifica-se com o sexo atribuído à nascença);Masculino;Ensino Superior concluído (Licenciatura/bacharelato, mestrado, doutoramento);Empregado/a;Médio;4001 - 6000 €;Casado/a ou em União de Facto;2;Sim, tenho 2 filhos/as;Nada Importante;Não, nunca tive;0;Não;;;;;;0;Não procurei ajuda porque não precisei;Não tenho a certeza;Não;Não, nunca ou raramente.;;;;;;;Conflitos familiares ou relacionais persistentes;;Luto;;;;;;1 pessoa;Nunca;Nunca;Nunca;Nunca;Nunca;Nunca;Nunca;Nunca;Só para experimentar (1-3 vezes na vida);Nunca;Nunca;Nunca;Nunca
1;2;1;1;1;1;1;1;1;1;1;1;1;2;1;1;1;2;3;3;3;2;1;2;2;2;2;2;3;2;2;1;2;1;3;2;1;1;3;2;1;3;2;2;2;2;1;1;1;2;2;2;3;2;1;2;1;1;1;1;1;2;1;3;2;3;2;1;2;2;1;2;4;2;1;1;3;2;1;3;1;2;3;2;1;1;2;2;1;1;1;2;2;1;1;1;2;1;1;1;1;2;2;3;2;2;2;3;2;2;3;2;3;3;1;2;1;3;3;3;2;3;2;1;2;2;2;2;1;3;1;2;2;1;2;1;2;2;2;2;3;2;2;3;3;1;1;1;1;2;1;1;1;2;2;1;2;1;1;1;3;2;2;1;1;3;2;1;1;1;1;1;1;1;1;1;1;2;3;4;1;1;1;3;2;2;2;3;3;2;2;1;1;1;1;2;2;2;1;2;2;2;2;1;1;3;3;2;1;2;3;3;1;1;1;1;1;2;1;1;2;1;1;2;1;4;2;3;4;2;2;2;2;2;2;3;1;1;2;1;1;1;2;2;2;3;2;2;2;1;2;1;1;1;1;1;1;2;4;1;1;1;1;1;1;1;1;1;1;2;1;1;1;1;1;2;3;3;1;1;2;1;1;1;1;1;1;1;1;1;1;3;1;1;1;1;1;1;1;1;1;1;1;1;1;1;1;2;2;2;2;3;1;1;1;1;2;1;4;3;2;2;2;3;2;2;2;2;1;2;2;1;1;3;1;1;1;1;1;1;1;1;1;1;1;2;1;1;1;1;1;2;1;1;1;1;1;3;2;2;2;4;2;1;3;1;3;3;3;3;3;3;2;1;3;1;2;1;1;2;1;2;2;1;1;2;3;2;2;1;1;1;2;4;2;2;2;1;1;1;3;3;4;3;3;3;3;4;4;2;2;1;1;1;1;1;1;1;1;1;1;1;1;1;1;1;1;1;1;1;1;1;1;1;1;1;;44;África do Sul;Portugal;A maior parte da minha vida;Sim;Norte;Cidade da Maia (MAIA);Urbano;Branca;;;;;;;Cisgénero (identifica-se com o sexo atribuído à nascença);Feminino;Ensino Superior concluído (Licenciatura/bacharelato, mestrado, doutoramento);Empregado/a;Médio;2 801 - 4 000 €;Casado/a ou em União de Facto;2;Não;Mais ou menos Importante;Não, nunca tive;0;;Sim, por um psicólogo;;;;;Sem medicação apenas psicologo do trabalho ;Sim;Tenho seguro de saúde, mas não cobre despesas relacionadas com saúde mental;Não;Por vezes;;;Insegurança laboral (salários em atraso, contratos precários ou temporários, sem proteção social em caso de despedimento, ou outros);;;;;;Luto;;;;;;2-4 pessoas;Uso mensal (pelo menos 1 vez por mês);Nunca;Nunca;Nunca;Nunca;Nunca;Nunca;Nunca;Uso mensal (em média 1 vez por mês);Só para experimentar (1-3 vezes na vida);Uso quase diário ou diário;Nunca;Nunca
1;1;1;1;1;1;1;1;1;1;1;1;1;1;1;1;1;2;2;1;2;2;2;1;1;1;2;2;2;1;1;1;2;1;1;1;2;2;2;1;1;2;1;3;2;1;1;1;1;1;1;1;1;3;1;3;1;1;1;1;1;1;1;1;1;1;1;1;2;2;1;2;2;1;1;1;1;1;1;1;1;1;1;1;1;1;1;3;2;1;1;2;2;1;2;1;1;1;1;1;1;1;1;1;1;2;2;2;1;1;2;1;1;2;1;2;1;3;3;3;3;2;2;1;2;2;1;1;1;1;2;2;2;1;1;2;2;2;1;2;1;3;2;1;1;1;1;1;2;1;1;1;1;2;1;1;1;2;1;1;1;2;2;1;1;2;2;1;1;1;1;1;1;1;1;1;1;3;3;3;1;1;1;3;1;3;1;2;3;1;2;2;1;1;1;3;2;3;1;3;2;2;1;2;1;2;3;2;2;2;2;2;1;1;1;1;1;1;2;2;2;2;1;1;2;3;2;1;2;1;2;2;1;2;2;2;1;1;1;1;1;1;1;1;2;2;2;3;2;2;2;1;1;1;1;1;1;1;1;2;2;1;2;1;1;1;1;1;1;1;1;1;1;2;1;2;3;3;2;2;2;2;2;2;1;1;1;1;1;1;1;1;1;1;1;1;1;1;1;1;1;1;2;2;2;1;2;1;1;1;1;2;1;1;1;1;3;1;3;3;2;2;2;2;2;3;2;2;1;2;2;1;1;2;1;1;1;1;1;1;1;1;1;1;1;2;1;2;1;1;1;2;1;2;1;1;2;1;1;1;1;2;2;1;1;1;2;3;2;3;2;2;1;1;1;1;1;1;1;1;1;3;1;1;1;1;1;1;2;1;1;1;1;2;1;1;1;1;1;1;4;4;3;4;4;2;2;2;1;2;1;2;2;1;1;1;1;2;2;1;2;1;2;1;2;1;1;1;1;1;1;1;1;1;1;1;;42;Portugal;Portugal;Toda a vida;Sim;Centro;Ranhados (VISEU);Semiurbano;Branca;;;;;;;Cisgénero (identifica-se com o sexo atribuído à nascença);Masculino;Ensino Superior concluído (Licenciatura/bacharelato, mestrado, doutoramento);Empregado/a;Médio;2 801 - 4 000 €;Casado/a ou em União de Facto;2;Sim, tenho 2 filhos/as;Nada Importante;Não, nunca tive;0;Não;;;;;;Nada;Sim;Tenho seguro de saúde que cobre despesas relacionadas com saúde mental;Não;Não, nunca ou raramente.;;;;;;;;;;;;;;Não experienciei nenhuma destas situações;5 ou mais pessoas;Uso mensal (pelo menos 1 vez por mês);Nunca;Uso diário ou quase diário;Nunca;Nunca;Nunca;Nunca;Nunca;Uso mensal (em média 1 vez por mês);Uso semanal (pelo menos 1 vez por semana);Uso quase diário ou diário;Só para experimentar (1-3 vezes na vida);Nunca
1;1;1;1;1;1;1;1;1;1;1;1;1;1;2;2;2;3;2;2;4;4;3;1;4;4;4;4;4;3;3;1;3;2;1;1;2;1;1;1;4;4;3;4;1;4;1;3;2;3;3;1;1;4;2;2;1;1;1;3;1;1;1;1;1;2;2;1;3;4;3;4;3;1;1;1;3;4;1;4;1;2;2;2;1;1;1;2;1;1;2;2;2;1;3;1;1;1;1;1;1;1;1;3;2;2;2;1;1;2;2;1;2;3;1;2;2;2;4;3;4;3;3;1;1;1;1;2;3;2;3;3;2;1;2;4;2;3;3;1;4;3;1;3;1;1;1;1;3;1;1;1;1;1;1;1;1;2;3;2;2;3;4;2;2;2;2;1;1;1;3;1;1;1;4;1;2;3;4;4;1;1;1;2;3;3;3;4;4;4;1;1;2;1;1;1;4;4;2;4;4;4;2;1;1;3;4;3;2;2;3;2;3;1;3;1;2;1;3;3;1;2;1;3;2;3;2;1;3;1;3;2;1;3;4;4;2;1;2;1;1;1;2;2;3;2;1;1;1;1;1;1;1;1;1;1;1;1;1;1;1;1;2;1;3;1;1;1;1;1;1;3;1;2;2;3;3;4;3;3;3;2;1;1;1;1;1;1;1;1;1;1;1;3;1;1;1;2;1;1;1;3;1;1;3;1;1;3;3;1;2;2;1;2;2;3;2;1;3;2;2;1;4;3;3;3;4;1;1;1;1;1;3;2;1;3;3;3;3;2;1;1;1;1;3;3;2;3;1;1;1;1;1;1;1;1;1;3;3;1;4;3;3;3;3;1;2;4;4;4;2;3;2;1;1;1;2;1;1;1;1;4;2;1;1;1;2;1;1;1;1;1;2;3;3;2;1;1;1;1;3;3;4;3;3;2;4;4;4;1;1;1;1;1;1;2;1;1;1;1;1;1;1;1;1;1;1;1;1;1;1;1;1;1;1;1;;40;Brasil;Brasil;Menos de 5 anos;Sim;Não aplicável;Não Aplicável;Urbano;Branca;;;;;;;Cisgénero (identifica-se com o sexo atribuído à nascença);Masculino;Ensino Superior concluído (Licenciatura/bacharelato, mestrado, doutoramento);Empregado/a;Médio;1 501 - 1 800 €;Casado/a ou em União de Facto;2;Sim, tenho 1 filho/a;Muito Importante;Não, nunca tive;0;Não;;;;;;Nenhuma;Sim, mas com algumas dificuldades;Não tenho seguro de saúde;Não;Por vezes;Dificuldades económicas recorrentes para pagar despesas essenciais (contas de luz, água, aquecimento, alimentação, etc);;;Insegurança física (nos trajetos do dia-a-dia e locais que costuma frequentar);;;;Deficiência física, doença crónica ou problema de saúde grave (do próprio ou de pessoa próxima) com impacto na vida diária;;;;;;;2-4 pessoas;Nunca;Nunca;Nunca;Nunca;Nunca;Nunca;Nunca;Nunca;Uso semanal (pelo menos 1 vez por semana);Só para experimentar (1-3 vezes na vida);Só para experimentar (1-3 vezes na vida);Nunca;Nunca
1;1;1;1;1;1;1;1;1;1;1;1;1;1;1;1;1;2;1;2;2;1;1;1;1;1;2;2;2;2;2;1;2;1;1;1;2;1;1;2;2;2;2;1;1;1;1;1;1;1;1;1;2;2;1;2;1;1;1;1;1;1;1;1;1;2;1;1;2;2;2;2;2;2;1;2;1;1;1;1;1;2;1;1;1;1;1;1;1;2;3;1;3;2;1;1;1;1;1;1;1;1;2;1;1;2;2;2;2;2;2;1;1;2;1;2;1;1;1;1;1;1;1;1;1;2;1;1;2;2;1;2;2;2;1;2;2;2;2;1;2;1;1;1;1;1;1;1;1;1;1;1;1;2;1;1;1;1;2;1;2;2;3;1;1;1;1;1;1;1;1;1;1;1;1;1;1;1;2;4;1;1;1;2;1;2;1;1;3;2;1;1;1;1;2;2;3;4;2;3;3;3;1;1;1;2;1;1;2;2;2;2;2;3;2;3;3;2;1;1;2;1;1;1;1;2;2;2;3;1;1;2;1;1;4;2;1;1;1;1;1;1;1;2;2;3;1;2;2;2;1;1;1;1;1;1;1;1;3;1;1;1;1;2;1;1;1;1;1;2;2;2;1;1;1;2;3;3;4;2;4;4;1;1;1;3;1;1;1;1;1;1;1;1;1;1;1;1;1;1;1;1;1;1;1;1;1;2;3;1;1;2;1;1;1;1;2;1;2;2;2;3;3;3;1;4;3;1;1;1;1;1;1;1;1;1;2;1;2;1;1;1;1;1;3;2;3;4;1;1;3;2;1;2;1;1;1;1;2;1;1;3;1;1;1;4;2;2;1;2;1;1;1;1;1;1;1;1;1;1;1;1;1;2;1;1;2;2;2;1;1;1;1;4;2;2;2;1;1;1;1;3;2;2;2;1;3;3;2;1;1;1;1;1;1;1;1;1;1;1;1;1;1;1;1;1;1;1;1;1;1;1;1;1;1;1;;44;Brasil;Brasil;Nunca;Sim;Não aplicável;Não Aplicável;Urbano;Branca;;;;;;;Cisgénero (identifica-se com o sexo atribuído à nascença);Masculino;Ensino Superior concluído (Licenciatura/bacharelato, mestrado, doutoramento);Empregado/a;Médio-baixo;1 051 - 1 201 €;Solteiro/a;4;Não;Mais ou menos Importante;Não, nunca tive;0;Não;;;;;;não se aplica;Sim;Tenho seguro de saúde que cobre despesas relacionadas com saúde mental;Não;Por vezes;;;;;;;;;;;;;;Não experienciei nenhuma destas situações;5 ou mais pessoas;Nunca;Nunca;Nunca;Nunca;Nunca;Nunca;Nunca;Nunca;Nunca;Nunca;Nunca;Nunca;Nunca
1;1;1;1;1;1;1;1;1;1;1;1;1;1;1;1;1;2;1;1;1;1;1;1;1;2;1;1;1;1;1;1;1;1;1;2;1;1;1;1;1;2;2;2;1;1;1;1;2;1;1;1;1;2;1;1;1;1;1;1;1;1;1;1;1;1;1;1;2;2;1;3;1;1;1;1;1;1;1;1;1;1;1;1;1;1;1;1;1;1;1;1;2;1;1;1;1;1;1;1;1;1;2;1;1;2;1;1;1;1;1;1;1;2;1;2;1;1;1;1;1;2;1;1;1;1;1;1;1;2;1;3;3;2;1;4;3;3;2;1;1;1;1;1;2;1;1;1;1;1;1;1;1;1;1;1;1;1;1;1;1;1;1;1;1;1;1;1;1;1;1;1;1;1;1;1;1;1;1;1;1;1;1;2;1;1;1;1;1;1;3;1;1;1;1;2;2;4;1;3;4;2;1;1;1;1;2;1;1;1;1;1;1;1;1;1;1;1;1;1;2;1;1;1;1;1;2;2;2;1;1;1;1;1;1;2;1;1;1;1;1;1;1;1;1;2;1;3;1;1;1;1;1;1;1;1;1;1;1;1;1;1;1;1;1;2;1;1;1;1;1;1;1;1;1;1;1;2;4;2;3;3;1;2;1;1;1;1;1;1;1;1;1;1;1;1;1;1;1;1;1;1;1;1;1;1;1;1;1;2;1;1;1;1;1;1;1;2;3;2;2;2;1;1;1;1;1;1;1;1;1;1;1;1;1;1;1;1;1;1;1;1;1;1;1;1;1;1;1;1;1;1;1;1;1;1;1;2;1;3;1;2;2;1;1;1;1;2;1;2;1;1;1;1;1;1;1;1;1;1;1;1;1;1;1;1;2;1;1;1;1;1;1;1;1;1;1;1;1;1;2;1;2;2;2;1;1;1;1;1;1;1;1;1;1;1;1;1;1;1;1;1;1;1;1;1;1;1;1;1;1;1;1;1;1;1;;43;Portugal;Reino Unido;A maior parte da minha vida;Sim;Não aplicável;Barreiro e Lavradio (BARREIRO);Urbano;Branca;;;;;;;Cisgénero (identifica-se com o sexo atribuído à nascença);Masculino;Ensino Superior concluído (Licenciatura/bacharelato, mestrado, doutoramento);Empregado/a;Médio-baixo;1 801 - 2800 €;Casado/a ou em União de Facto;2;Sim, tenho 2 filhos/as;Nada Importante;Não, nunca tive;0;Não;;;;;;Não aplicável;Não procurei ajuda porque não precisei;Não tenho seguro de saúde;Não;Não, nunca ou raramente.;;;;;;Sobrecarga de cuidados a crianças, idosos ou pessoas dependentes;;;;;;;;;2-4 pessoas;Ocasionalmente (1 - 10 vezes em todo o ano);Nunca;Nunca;Nunca;Nunca;Nunca;Nunca;Nunca;Ocasionalmente (menos de 1 vez por mês);Só para experimentar (1-3 vezes na vida);Só para experimentar (1-3 vezes na vida);Nunca;Nunca
1;1;2;2;1;1;1;1;1;1;1;1;1;2;2;2;1;3;2;2;2;2;1;3;1;1;1;2;2;1;1;1;2;1;2;2;2;1;2;2;3;4;3;2;1;2;1;1;2;2;1;3;2;3;4;3;1;1;2;1;1;2;1;2;1;3;2;2;3;1;1;4;2;2;2;1;1;1;1;1;2;3;2;1;1;2;2;1;1;1;1;2;2;1;2;1;2;1;1;2;1;3;2;2;3;4;3;1;3;3;2;2;2;3;2;2;2;3;4;3;4;3;3;2;3;3;1;1;2;3;2;2;3;2;1;2;3;2;3;2;4;3;1;3;2;1;1;1;1;1;1;1;1;3;1;2;1;2;3;1;1;2;2;1;1;3;2;1;1;1;1;1;1;1;1;1;1;2;3;4;1;1;1;2;3;3;3;3;3;3;2;2;1;1;1;2;3;4;2;3;3;4;2;3;2;2;3;2;3;3;4;3;2;1;2;2;2;2;1;1;1;2;2;3;2;1;3;2;4;2;2;2;2;1;1;1;1;1;3;1;2;2;2;2;2;3;3;3;2;1;2;3;1;3;1;2;1;1;2;2;2;3;3;4;1;4;4;3;1;1;1;2;1;2;2;3;4;4;2;3;2;2;1;1;1;1;1;1;1;2;2;2;2;2;1;1;1;2;1;1;1;1;1;1;1;1;1;2;2;2;1;2;1;2;2;1;3;1;3;3;2;3;4;4;3;3;3;3;3;2;3;1;1;1;1;2;1;1;3;1;1;1;1;1;2;3;1;3;1;2;1;2;1;1;1;1;1;4;3;4;3;4;2;3;4;3;4;2;2;2;3;1;1;1;2;2;2;1;1;1;1;2;3;1;2;2;2;1;3;1;2;1;1;3;2;2;2;1;1;1;3;4;4;2;4;3;4;2;4;3;1;3;2;1;1;2;3;2;1;1;1;3;1;1;1;3;3;1;1;2;2;1;2;2;1;1;;46;Portugal;Portugal;A maior parte da minha vida;Sim;Oeste e Vale do Tejo;Alcanena e Vila Moreira (ALCANENA);Rural;Branca;;;;;;;Cisgénero (identifica-se com o sexo atribuído à nascença);Masculino;Ensino Superior concluído (Licenciatura/bacharelato, mestrado, doutoramento);Empregado/a;Médio;1 201 - 1 500 €;Casado/a ou em União de Facto;2;Sim, tenho 2 filhos/as;Nada Importante;Não, nunca tive;0;Não;;;;;;Não tenho.;Não procurei ajuda porque não precisei;Não tenho seguro de saúde;Não;Por vezes;;;Insegurança laboral (salários em atraso, contratos precários ou temporários, sem proteção social em caso de despedimento, ou outros);;;Sobrecarga de cuidados a crianças, idosos ou pessoas dependentes;;Deficiência física, doença crónica ou problema de saúde grave (do próprio ou de pessoa próxima) com impacto na vida diária;;;;;;;Nenhuma;Uso diário ou quase diário, várias vezes por dia;Nunca;Nunca;Nunca;Nunca;Nunca;Nunca;Nunca;Uso diário ou quase diário, várias vezes ao dia;Nunca;Uso quase diário ou diário;Nunca;Nunca
4;1;2;1;3;1;1;1;1;1;1;1;1;1;1;1;1;1;1;1;2;2;1;1;1;2;2;2;2;1;2;1;2;1;2;1;2;1;1;1;1;2;2;2;1;1;2;1;2;1;1;2;3;2;2;2;1;2;1;1;1;1;1;1;2;1;1;1;3;4;1;4;1;1;1;1;1;1;1;1;1;3;1;1;1;2;1;1;1;1;1;1;1;1;1;1;1;1;1;1;2;1;2;2;1;2;3;4;3;3;4;1;2;3;1;3;2;1;1;2;2;2;1;1;1;1;2;1;3;2;3;2;1;1;2;2;2;2;4;1;2;1;1;2;2;2;1;1;3;1;1;1;1;3;1;2;1;1;1;1;1;2;1;1;1;1;1;1;1;1;1;1;1;1;1;1;1;3;2;2;1;1;1;2;2;2;1;1;2;1;2;1;1;1;1;2;3;2;1;2;3;2;1;1;1;2;2;1;2;1;2;1;1;1;1;2;1;1;2;1;2;1;1;1;2;4;3;1;4;1;1;3;1;1;4;2;3;2;2;1;1;1;1;1;2;1;2;2;2;2;2;1;1;1;1;1;1;1;3;1;1;1;1;1;1;2;1;1;1;1;1;1;1;1;1;1;2;2;1;1;1;1;1;1;1;1;1;1;1;1;2;1;1;1;1;1;1;1;1;1;1;1;2;2;2;2;2;1;1;2;1;2;3;1;1;1;1;1;2;2;2;4;2;3;1;2;2;1;1;1;1;1;1;2;1;1;1;1;2;3;1;1;1;1;1;2;1;1;1;1;1;2;1;1;1;1;1;3;3;1;1;3;2;2;1;1;3;2;1;1;1;1;2;2;2;1;2;1;2;1;1;1;1;1;1;1;1;2;1;1;1;1;2;2;2;2;1;1;2;1;2;3;3;3;2;2;2;3;4;2;1;1;1;1;1;1;1;1;1;1;1;1;1;1;1;1;1;1;1;1;1;1;1;1;1;1;;45;Brasil;Portugal;A maior parte da minha vida;Sim;Norte;Campanhã (PORTO);Urbano;Branca;Negra;;;;;;Cisgénero (identifica-se com o sexo atribuído à nascença);Masculino;Ensino Superior concluído (Licenciatura/bacharelato, mestrado, doutoramento);Desempregado/a;Médio-alto;2 801 - 4 000 €;Solteiro/a;1, sou só eu;Não;Mais ou menos Importante;Não, nunca tive;0;Não;;;;;;Sem medicação;Sim;Tenho seguro de saúde que cobre despesas relacionadas com saúde mental;Não;Não, nunca ou raramente.;;;;;Desemprego;;;;;;;;;;5 ou mais pessoas;Nunca;Nunca;Nunca;Nunca;Nunca;Nunca;Nunca;Nunca;Nunca;Nunca;Nunca;Nunca;Nunca
1;1;1;1;1;1;1;1;1;1;1;1;1;1;1;1;2;2;2;2;2;1;1;2;2;1;3;1;2;1;3;1;3;2;1;1;3;2;1;2;1;1;1;1;1;2;1;1;2;2;1;2;2;2;3;2;1;1;1;1;1;1;1;3;1;3;3;1;4;3;3;3;3;1;1;1;2;2;3;1;1;1;1;1;1;1;2;3;1;1;1;1;2;1;1;1;1;1;1;1;1;2;2;1;1;2;2;1;1;2;2;1;2;4;1;2;2;3;3;3;4;1;3;1;1;1;1;1;1;2;1;3;4;3;1;3;3;3;1;2;3;1;1;2;1;1;1;1;1;1;1;1;1;3;3;1;1;3;3;1;1;3;2;1;1;1;2;1;1;1;1;1;1;1;1;1;1;3;4;4;1;1;1;3;3;4;1;1;3;1;2;1;1;1;1;1;1;3;1;2;2;1;1;1;1;4;1;1;2;3;3;2;1;1;1;1;1;1;1;1;1;1;1;3;1;2;2;1;2;1;1;1;1;1;2;1;1;1;1;1;1;2;3;2;2;3;1;2;1;1;1;1;1;1;1;1;1;1;1;1;1;1;1;2;1;2;1;1;1;1;1;1;1;3;2;3;3;4;3;1;1;1;1;1;1;1;1;1;1;1;1;1;1;1;1;1;1;1;1;1;1;1;1;1;1;2;2;1;1;1;1;1;1;1;1;1;1;1;4;1;1;1;2;3;1;1;1;1;3;1;2;1;1;1;1;1;2;1;1;1;1;1;1;1;1;4;1;1;1;1;1;1;1;3;1;1;1;2;1;2;2;4;1;1;1;1;1;2;1;2;1;1;1;1;1;1;1;1;1;1;2;1;1;1;1;1;1;1;1;1;1;1;1;3;2;1;2;1;2;1;4;4;4;4;3;1;1;1;1;1;1;1;1;1;1;1;1;1;1;1;1;1;1;1;1;1;1;1;1;1;1;1;1;1;1;1;;44;Portugal;Portugal;Toda a vida;Sim;Norte;Aves (SANTO TIRSO);Semiurbano;Branca;;;;;;;Cisgénero (identifica-se com o sexo atribuído à nascença);Feminino;Ensino Superior concluído (Licenciatura/bacharelato, mestrado, doutoramento);Empregado/a;Médio-alto;4001 - 6000 €;Casado/a ou em União de Facto;2;Sim, tenho 1 filho/a;Muito Importante;Não, nunca tive;0;Não;;;;;;0;Sim;Não tenho seguro de saúde;Não;Não, nunca ou raramente.;;;;;;;;;;;;;;Não experienciei nenhuma destas situações;2-4 pessoas;Nunca;Nunca;Nunca;Nunca;Nunca;Nunca;Nunca;Nunca;Ocasionalmente (menos de 1 vez por mês);Nunca;Nunca;Nunca;Nunca
1;1;1;1;1;1;1;1;1;1;1;1;1;2;1;2;2;2;2;3;2;4;4;3;3;4;4;4;4;4;4;2;4;2;2;2;2;1;3;2;2;4;2;4;1;1;1;1;3;1;1;1;3;4;2;1;1;1;1;1;1;1;1;1;1;1;1;1;3;2;3;3;3;3;3;2;1;1;1;1;2;3;2;2;1;2;1;1;2;3;1;1;3;1;2;1;1;1;1;1;1;2;2;3;1;3;3;1;3;2;4;1;2;2;1;4;2;1;1;2;1;1;2;1;1;1;1;1;2;4;3;3;3;2;1;4;4;4;4;3;1;2;2;2;4;1;1;1;1;1;1;1;1;1;1;2;2;1;1;1;1;2;1;1;1;2;2;1;1;1;1;1;1;1;1;1;1;2;1;3;1;1;1;2;1;1;2;3;3;4;1;1;1;1;1;2;3;2;1;2;3;2;1;1;1;1;2;2;2;2;2;2;1;1;1;1;1;1;1;1;1;1;1;1;1;4;2;2;3;1;2;2;1;1;1;4;2;1;3;1;1;2;4;2;2;3;2;2;3;1;2;1;1;1;4;1;1;1;1;2;1;1;1;1;1;2;1;1;1;1;1;1;1;2;3;3;3;3;3;1;1;2;1;1;1;1;1;1;1;1;1;1;1;1;1;1;1;1;1;1;1;1;3;1;2;3;2;4;4;3;1;4;1;1;1;1;4;1;3;4;4;2;2;4;2;2;2;1;1;1;1;1;1;2;1;1;1;1;1;1;1;1;1;1;1;4;1;3;1;1;2;2;1;2;1;1;1;3;3;3;2;4;2;1;2;1;1;3;3;3;2;4;1;1;1;1;1;2;1;1;1;2;4;1;1;1;3;1;1;1;1;1;2;3;1;1;1;1;1;1;2;4;3;3;2;1;3;2;3;1;1;1;1;1;1;1;1;2;1;1;1;1;1;1;3;1;1;1;1;1;1;1;1;1;1;1;;23;Portugal;Portugal;Toda a vida;Sim;Grande Lisboa;Carvalhal Benfeito (CALDAS DA RAINHA);Rural;Branca;;;;;;;Cisgénero (identifica-se com o sexo atribuído à nascença);Feminino;Ensino Superior concluído (Licenciatura/bacharelato, mestrado, doutoramento);Estudante;Médio;1 051 - 1 201 €;Solteiro/a;2;Não;Pouco Importante;Não, nunca tive;0;Não;;;;;;Não tomo medicação;Sim;Tenho seguro de saúde que cobre despesas relacionadas com saúde mental;Não;Por vezes;;;;Insegurança física (nos trajetos do dia-a-dia e locais que costuma frequentar);Desemprego;;;;Luto;;;;;;2-4 pessoas;Uso semanal (pelo menos 1 vez por semana);Nunca;Ocasionalmente (1 - 10 vezes em todo o ano);Nunca;Nunca;Nunca;Nunca;Nunca;Uso semanal (pelo menos 1 vez por semana);Nunca;Ocasionalmente (menos de 1 vez por mês);Nunca;Nunca
1;1;1;1;1;1;1;1;1;1;1;1;1;1;1;1;2;3;2;3;2;1;1;1;2;1;2;2;3;1;2;2;2;1;2;2;2;1;1;2;1;1;2;2;2;2;1;1;1;1;1;2;1;2;2;2;1;1;1;1;1;1;1;1;1;2;1;1;2;2;2;2;3;1;1;2;1;2;1;1;1;2;1;1;1;1;1;2;1;1;1;2;3;1;2;1;1;1;1;1;1;1;1;1;1;2;2;2;1;1;1;1;2;3;1;2;1;3;4;2;1;1;2;1;2;1;1;1;2;1;2;2;2;1;1;2;2;2;2;2;1;2;1;1;2;1;1;1;1;2;1;1;1;1;1;1;1;1;1;1;1;2;1;1;1;2;2;1;1;1;1;1;1;1;2;3;2;2;1;1;1;1;1;2;2;3;1;2;2;2;2;1;1;1;1;2;1;4;1;3;3;3;1;1;1;1;3;1;2;2;2;2;1;1;1;1;1;1;1;1;1;1;1;1;1;1;2;2;3;1;1;1;1;1;1;1;1;1;2;1;1;1;2;1;2;1;1;1;1;1;2;1;1;1;1;1;1;1;1;2;1;1;1;2;1;1;1;1;1;1;1;1;1;2;1;3;3;3;1;1;1;1;1;1;2;1;1;1;1;1;1;1;1;1;1;1;1;1;1;1;1;1;1;1;1;2;1;2;3;2;1;3;1;1;2;1;1;1;2;2;3;3;4;4;2;4;4;1;1;1;1;1;1;1;1;1;1;1;1;1;1;1;1;1;1;3;1;2;1;1;1;1;1;1;1;1;1;2;2;1;1;3;1;1;2;1;1;2;1;1;1;1;1;1;1;1;1;1;1;1;1;2;1;1;1;1;2;1;2;1;1;1;1;1;1;1;1;1;1;1;2;2;2;2;3;3;4;1;2;3;1;1;1;1;1;1;1;1;1;1;1;1;1;1;1;1;1;1;1;1;1;1;1;1;1;1;;43;Portugal;Portugal;Toda a vida;Sim;Grande Lisboa;Olivais (LISBOA);Urbano;Branca;;;;;;;Cisgénero (identifica-se com o sexo atribuído à nascença);Masculino;Ensino Superior concluído (Licenciatura/bacharelato, mestrado, doutoramento);Empregado/a;Médio;4001 - 6000 €;Casado/a ou em União de Facto;2;Sim, tenho 1 filho/a;Nada Importante;Não, nunca tive;0;Não;;;;;;Nenhuma;Sim;Tenho seguro de saúde, mas não cobre despesas relacionadas com saúde mental;Não;Não, nunca ou raramente.;;;Insegurança laboral (salários em atraso, contratos precários ou temporários, sem proteção social em caso de despedimento, ou outros);;;;;;;;;;;;1 pessoa;Uso mensal (pelo menos 1 vez por mês);Nunca;Nunca;Nunca;Nunca;Nunca;Nunca;Nunca;Ocasionalmente (menos de 1 vez por mês);Só para experimentar (1-3 vezes na vida);Ocasionalmente (menos de 1 vez por mês);Nunca;Nunca
1;1;1;1;1;1;1;1;1;1;1;1;1;1;1;1;1;1;1;1;1;1;1;1;1;1;1;1;1;1;1;1;3;1;1;1;1;1;1;1;2;2;1;4;1;3;1;1;2;1;1;1;1;2;2;1;1;1;1;1;1;1;1;1;1;1;1;1;3;1;1;3;1;1;2;1;1;1;1;1;1;1;1;1;1;1;1;2;1;1;2;1;3;2;1;1;1;1;1;1;1;1;1;1;1;1;1;1;1;1;1;1;1;1;1;1;1;1;2;3;2;3;1;1;1;1;1;1;1;1;4;1;1;1;1;1;1;1;1;2;4;1;2;4;1;2;1;1;1;2;1;1;1;3;2;1;2;2;1;1;1;2;2;1;1;1;1;1;1;1;1;1;1;1;2;1;1;3;2;4;1;1;1;4;1;2;1;2;1;1;1;1;1;1;1;1;3;4;1;3;1;1;1;1;1;1;1;1;1;1;2;1;1;1;1;1;1;1;2;1;2;2;1;3;2;2;1;2;2;1;2;1;1;2;2;1;1;1;1;1;2;1;1;1;2;1;1;1;1;1;1;1;1;1;1;1;1;1;3;1;1;1;1;1;1;1;1;1;1;1;1;1;1;1;1;1;2;2;1;2;1;1;1;1;1;1;1;1;1;1;1;1;1;3;1;1;1;1;1;1;1;1;1;1;1;1;1;1;1;1;1;3;1;1;1;1;1;1;2;1;1;4;4;4;1;2;2;1;1;2;1;1;1;1;1;1;1;1;1;1;1;1;1;1;1;1;1;1;1;1;1;2;1;1;1;1;1;2;1;1;2;3;2;1;1;3;1;2;1;4;1;2;1;1;1;1;1;1;1;1;1;1;1;1;1;1;1;1;1;1;1;1;1;4;1;1;1;1;1;1;4;4;4;4;4;1;2;2;3;1;1;1;1;1;1;1;1;1;1;1;1;1;1;1;1;1;1;1;1;1;1;1;1;1;1;1;;57;Brasil;Brasil;Nunca;Sim;Não aplicável;Não Aplicável;Urbano;;;;;Hispânica/Latina;;;Cisgénero (identifica-se com o sexo atribuído à nascença);Masculino;Ensino Superior concluído (Licenciatura/bacharelato, mestrado, doutoramento);Empregado/a;Médio;1 801 - 2800 €;Casado/a ou em União de Facto;3;Sim, tenho 1 filho/a;Muito Importante;Não, nunca tive;0;Não;;;;;;Nenhum uso de medicação para este fim.;Não procurei ajuda porque não precisei;Não tenho a certeza;Não;Não, nunca ou raramente.;;;;;;;;;Luto;;;;;;5 ou mais pessoas;Uso semanal (pelo menos 1 vez por semana);Nunca;Nunca;Nunca;Nunca;Nunca;Nunca;Nunca;Uso quase diário ou diário;Nunca;Nunca;Nunca;Nunca
1;1;1;1;1;1;1;1;1;1;1;1;1;1;1;1;1;2;1;1;1;2;1;1;1;1;2;1;1;1;1;1;1;1;2;2;1;2;2;2;2;1;1;3;1;1;1;1;1;1;1;1;2;4;1;2;1;1;1;1;1;1;1;1;1;1;1;1;2;2;1;2;1;2;1;2;1;1;1;1;2;2;1;1;1;1;1;1;1;1;1;2;2;2;2;1;1;1;1;1;1;2;2;2;1;3;2;3;1;2;3;1;2;3;1;1;1;1;2;2;1;2;1;1;1;2;1;2;2;2;1;2;2;2;1;2;3;3;2;2;2;3;1;1;2;1;1;1;2;1;1;1;1;1;2;1;1;1;1;1;1;2;2;1;1;2;2;1;1;1;1;1;1;1;1;1;1;2;2;1;1;1;1;3;1;2;1;1;2;1;2;1;1;1;1;1;1;1;1;2;3;2;1;2;2;4;2;1;1;1;2;1;1;1;1;1;1;1;1;2;1;1;1;3;1;1;1;2;2;1;2;1;1;1;1;1;1;1;1;1;1;2;2;2;4;2;2;2;2;1;2;1;1;1;1;1;1;1;3;2;3;2;1;1;1;1;1;1;1;1;1;1;1;1;1;1;1;1;1;1;1;1;1;2;1;1;1;1;1;1;1;1;1;1;1;1;1;1;1;1;1;1;2;1;2;1;2;2;2;1;1;3;1;1;1;1;1;2;2;2;2;2;3;3;1;2;2;2;1;1;1;1;1;1;1;2;1;2;2;1;1;1;1;1;1;1;1;1;1;1;1;1;1;1;1;1;1;3;2;2;2;3;2;3;1;1;1;2;1;1;1;1;1;1;1;1;1;1;1;2;1;1;1;1;1;1;1;1;2;1;1;1;1;1;2;1;1;1;1;1;2;3;2;3;2;2;3;1;1;2;1;1;1;1;1;1;1;1;1;1;1;1;1;1;1;1;1;1;1;1;1;1;1;1;1;1;;40;Portugal;Portugal;Toda a vida;Sim;Grande Lisboa;Penha de França (LISBOA);Urbano;Branca;;;;;;;Cisgénero (identifica-se com o sexo atribuído à nascença);Feminino;Ensino Superior concluído (Licenciatura/bacharelato, mestrado, doutoramento);Empregado/a;Médio;1 051 - 1 201 €;Solteiro/a;1, sou só eu;Não;Nada Importante;Não, nunca tive;0;Não;;;;;;não tomo medicação;Não procurei ajuda porque não precisei;Não tenho seguro de saúde;Não;Não, nunca ou raramente.;;;;;;Sobrecarga de cuidados a crianças, idosos ou pessoas dependentes;;;;;;;;;2-4 pessoas;Uso mensal (pelo menos 1 vez por mês);Nunca;Nunca;Nunca;Nunca;Nunca;Nunca;Uso mensal (pelo menos 1 vez por mês);Uso semanal (pelo menos 1 vez por semana);Só para experimentar (1-3 vezes na vida);Só para experimentar (1-3 vezes na vida);Só para experimentar (1-3 vezes na vida);Uso mensal (em média 1 vez por mês)
1;1;1;1;1;1;1;1;1;1;1;1;1;2;2;2;1;3;1;2;2;2;3;2;2;1;1;1;1;3;3;2;2;1;2;2;1;2;3;3;2;2;2;4;1;1;2;1;2;1;1;2;2;4;2;2;1;1;1;2;1;1;1;2;1;2;1;1;2;1;1;2;1;1;2;2;1;1;1;1;2;2;2;2;1;1;3;3;1;2;1;1;2;1;3;1;1;1;1;1;1;3;2;2;1;3;2;2;2;2;2;1;2;2;1;1;1;1;2;2;1;2;2;1;2;2;1;1;2;1;2;1;1;1;1;1;2;1;1;1;1;2;3;1;2;1;1;2;2;1;1;1;2;2;2;1;1;1;4;1;3;3;4;3;1;3;2;1;1;1;1;1;1;3;3;4;2;3;3;4;1;1;1;3;2;3;1;1;1;1;2;1;2;1;1;3;1;2;1;2;3;2;2;2;2;2;3;2;3;2;2;3;1;1;2;2;2;1;1;2;1;1;1;2;2;2;2;1;3;1;1;2;1;2;3;3;2;1;1;1;1;1;2;1;2;2;2;2;2;1;2;1;1;1;1;1;1;1;2;1;2;1;1;2;2;1;1;1;1;3;1;1;2;2;1;2;3;3;2;3;2;2;2;1;2;1;1;1;1;1;1;1;1;1;2;1;1;1;2;2;1;1;1;1;1;1;1;2;2;2;3;3;2;1;1;1;1;2;3;3;1;3;2;2;2;3;3;2;1;2;1;1;3;2;2;1;2;2;2;2;1;1;1;1;1;2;1;3;1;1;1;3;1;1;1;1;1;3;3;3;3;4;3;1;2;3;2;1;1;1;2;1;1;1;2;1;1;1;1;1;4;4;2;1;2;1;1;1;2;1;1;1;1;2;1;1;1;1;1;1;4;4;4;3;3;3;2;4;2;2;1;1;1;1;1;1;1;1;1;1;1;1;1;1;1;1;1;1;1;1;1;1;1;1;1;1;;41;Portugal;Portugal;Toda a vida;Sim;Centro;Madalena e Beselga (TOMAR);Rural;Branca;;;;;;;Cisgénero (identifica-se com o sexo atribuído à nascença);Masculino;Ensino pós-secundário não superior (cursos técnico-profissionais, cursos de especialização, formação técnica);Empregado/a;Baixo;1 201 - 1 500 €;Solteiro/a;2;Não;Nada Importante;Não, nunca tive;0;Não;;;;;;Zero;Sim, mas com algumas dificuldades;Não tenho seguro de saúde;Não;Não, nunca ou raramente.;;;;;;;Conflitos familiares ou relacionais persistentes;;;;;;;;5 ou mais pessoas;Ocasionalmente (1 - 10 vezes em todo o ano);Nunca;Nunca;Nunca;Nunca;Nunca;Nunca;Ocasionalmente (1 - 10 vezes em todo o ano);Ocasionalmente (menos de 1 vez por mês);Só para experimentar (1-3 vezes na vida);Só para experimentar (1-3 vezes na vida);Nunca;Ocasionalmente (menos de 1 vez por mês)
1;1;1;1;1;1;1;1;1;1;1;1;1;1;1;1;3;4;3;2;3;2;3;2;1;3;4;3;4;1;1;2;1;2;1;1;1;1;1;1;3;3;3;3;1;3;1;1;1;1;2;2;2;3;2;2;1;1;1;1;1;1;1;1;1;1;1;1;1;2;3;2;1;1;1;1;1;1;1;1;2;1;1;2;1;1;1;1;2;1;1;2;3;1;3;1;1;1;1;1;1;2;2;2;2;3;2;2;2;3;3;1;2;3;2;3;2;2;3;2;1;2;1;1;1;1;1;1;1;1;1;2;2;1;2;1;2;2;2;2;3;2;1;2;2;1;1;1;1;1;1;1;1;1;2;1;1;1;2;1;1;3;2;2;1;1;3;1;1;1;1;1;1;1;1;1;1;1;2;3;1;1;1;1;1;1;1;1;2;2;1;1;2;1;1;2;2;2;1;2;2;3;2;2;2;4;4;4;4;4;4;2;1;1;1;1;2;1;1;2;3;1;1;1;1;3;2;2;4;2;4;3;3;1;1;1;1;1;3;1;2;2;2;2;3;2;1;1;2;4;2;1;1;1;1;1;1;1;3;1;2;1;1;2;1;2;1;1;1;2;1;1;1;2;3;2;3;3;1;1;1;1;2;2;1;1;1;1;1;1;1;1;2;1;1;1;1;1;1;1;1;1;2;3;2;1;1;2;2;1;1;2;1;1;1;1;1;1;2;1;2;2;4;3;3;2;2;1;1;1;1;1;1;1;1;1;3;3;4;1;1;1;1;1;1;2;2;2;1;1;1;1;1;1;1;1;1;2;2;2;2;2;3;2;2;2;3;2;2;2;2;2;1;2;2;3;3;1;1;2;1;2;3;2;2;2;3;3;2;1;1;1;2;2;2;2;2;1;1;1;2;3;3;3;3;2;2;2;2;2;1;1;1;1;1;1;1;1;1;1;1;1;1;1;1;1;1;1;1;1;1;1;1;1;1;1;;48;Portugal;Portugal;Toda a vida;Sim;Grande Lisboa;Arroios (LISBOA);Urbano;Branca;;;;;;;Cisgénero (identifica-se com o sexo atribuído à nascença);Feminino;Ensino Superior concluído (Licenciatura/bacharelato, mestrado, doutoramento);Empregado/a;Médio-baixo;1 201 - 1 500 €;Solteiro/a;1, sou só eu;Não;Nada Importante;Não, nunca tive;0;Não;;;;;;0;Sim;Tenho seguro de saúde que cobre despesas relacionadas com saúde mental;Não;Não, nunca ou raramente.;;;;;;;;;;;;;;Não experienciei nenhuma destas situações;2-4 pessoas;Nunca;Nunca;Nunca;Nunca;Nunca;Nunca;Nunca;Nunca;Ocasionalmente (menos de 1 vez por mês);Nunca;Só para experimentar (1-3 vezes na vida);Nunca;Só para experimentar (1-3 vezes na vida)
1;1;2;1;1;1;1;1;1;2;1;1;1;3;1;1;1;2;3;2;1;2;1;1;2;2;3;4;2;3;3;3;4;2;2;2;2;2;2;2;3;3;3;2;2;2;2;1;2;2;1;2;1;4;1;4;1;1;3;2;1;1;1;1;1;1;3;1;3;4;4;3;2;2;4;3;1;2;2;1;1;3;3;3;1;1;1;4;2;2;1;2;2;1;2;2;1;1;1;1;3;1;1;2;1;2;1;2;1;1;1;1;1;2;2;3;2;3;3;3;3;3;3;1;4;2;1;2;4;3;4;1;2;2;2;2;2;1;1;2;4;2;2;3;3;4;2;1;3;3;1;1;1;3;4;2;1;3;4;2;3;2;4;3;1;2;2;1;1;1;1;1;1;1;1;1;1;3;3;3;1;1;1;2;2;2;1;2;2;1;2;1;1;4;4;2;3;4;2;3;3;3;2;1;1;2;2;3;2;1;3;3;1;2;1;1;4;2;4;3;2;3;2;3;3;4;1;2;4;3;2;2;2;4;3;4;3;3;2;1;3;4;2;2;4;2;2;3;4;4;2;1;1;1;1;1;1;2;3;2;2;2;3;1;1;1;2;1;1;4;4;2;1;3;3;3;3;2;2;3;2;2;4;3;4;4;1;3;1;1;1;2;2;1;1;1;1;1;1;1;1;1;2;2;2;1;2;4;2;3;1;2;1;1;2;1;4;3;3;3;3;2;2;2;2;2;1;2;2;2;2;2;1;4;1;1;1;2;1;1;1;1;3;4;3;2;1;3;1;1;3;2;1;2;1;3;2;2;1;2;2;1;1;2;2;1;2;2;3;3;4;3;1;3;1;4;1;2;1;1;1;3;1;4;3;2;1;1;1;1;1;1;2;3;1;2;3;1;3;1;3;3;1;3;1;2;2;2;4;1;1;2;1;1;1;1;1;1;1;1;1;1;1;1;1;1;1;1;2;1;1;1;1;1;1;1;;47;Brasil;Brasil;Nunca;Sim;Não aplicável;Não Aplicável;Urbano;;;;;Hispânica/Latina;;;Cisgénero (identifica-se com o sexo atribuído à nascença);Masculino;Ensino Superior concluído (Licenciatura/bacharelato, mestrado, doutoramento);Pausa na carreira;Médio;1 801 - 2800 €;Casado/a ou em União de Facto;3;Sim, tenho 1 filho/a;Mais ou menos Importante;Não, nunca tive;0;Não;;;;;;Não faço uso de medicação.;Não procurei ajuda porque não precisei;Tenho seguro de saúde, mas não cobre despesas relacionadas com saúde mental;Não;Não, nunca ou raramente.;Dificuldades económicas recorrentes para pagar despesas essenciais (contas de luz, água, aquecimento, alimentação, etc);;Insegurança laboral (salários em atraso, contratos precários ou temporários, sem proteção social em caso de despedimento, ou outros);;;Sobrecarga de cuidados a crianças, idosos ou pessoas dependentes;;;;;;;;;2-4 pessoas;Uso mensal (pelo menos 1 vez por mês);Nunca;Nunca;Nunca;Nunca;Nunca;Nunca;Nunca;Uso mensal (em média 1 vez por mês);Nunca;Nunca;Nunca;Nunca
1;1;1;1;1;1;1;1;1;1;1;1;1;2;1;2;1;1;2;3;3;1;2;1;2;1;2;2;1;1;2;1;2;2;1;1;1;3;2;3;4;4;3;4;2;1;1;1;1;1;1;4;3;2;4;2;1;1;1;1;1;1;1;1;1;1;1;2;2;1;1;2;1;2;1;1;1;1;1;1;2;1;1;1;1;1;1;1;1;2;2;4;4;2;2;1;2;1;1;1;1;3;3;2;3;4;4;4;2;3;4;4;3;4;1;4;2;2;2;2;2;2;1;1;1;1;1;3;4;2;1;2;2;3;1;4;4;4;2;2;2;3;3;1;1;1;1;1;1;1;1;1;1;1;1;1;2;1;2;1;3;4;3;1;1;1;1;1;1;1;1;1;1;1;1;2;1;1;2;2;1;1;1;2;1;2;1;1;3;3;1;1;1;1;1;2;4;4;2;3;3;3;1;4;2;3;2;4;2;1;1;2;1;2;2;1;2;1;1;1;1;1;1;1;1;4;4;2;4;3;2;4;2;1;1;1;1;1;2;1;2;2;1;2;2;2;1;2;2;1;2;1;2;1;1;2;1;1;4;1;2;2;1;2;1;2;1;1;1;1;1;1;1;1;1;1;4;3;1;1;1;2;1;1;1;1;1;1;1;1;1;1;2;1;1;1;1;1;1;1;1;1;1;1;2;2;1;3;3;1;1;3;2;1;1;1;3;1;2;4;4;2;4;4;4;4;3;2;1;1;1;1;1;2;1;4;2;2;3;4;1;1;1;1;2;2;2;2;1;1;1;1;1;1;1;1;1;4;3;3;2;4;2;1;2;1;2;2;2;3;1;2;2;2;1;1;2;1;1;1;1;4;2;1;2;2;2;2;3;1;1;1;2;4;4;4;4;1;2;1;2;4;2;2;2;1;3;1;2;1;1;2;1;1;1;1;1;1;1;1;1;1;1;2;1;1;1;1;1;1;1;1;1;1;1;1;;46;Portugal;Portugal;Toda a vida;Sim;Algarve;Mexilhoeira Grande (PORTIMÃO);Semiurbano;Branca;;;;;;;Cisgénero (identifica-se com o sexo atribuído à nascença);Feminino;Ensino Superior concluído (Licenciatura/bacharelato, mestrado, doutoramento);Empregado/a;Médio-baixo;1 051 - 1 201 €;Separado/a ou Divorciado/a;1, sou só eu;Sim, tenho 2 filhos/as;Nada Importante;Não, nunca tive;0;Não;;;;;;0;Sim, mas com algumas dificuldades;Tenho seguro de saúde, mas não cobre despesas relacionadas com saúde mental;Não;Bastantes vezes;Dificuldades económicas recorrentes para pagar despesas essenciais (contas de luz, água, aquecimento, alimentação, etc);;;;;;;;;;;;;;2-4 pessoas;Ocasionalmente (1 - 10 vezes em todo o ano);Nunca;Nunca;Nunca;Nunca;Nunca;Nunca;Nunca;Ocasionalmente (menos de 1 vez por mês);Nunca;Só para experimentar (1-3 vezes na vida);Só para experimentar (1-3 vezes na vida);Nunca
1;2;1;1;1;1;1;1;1;1;1;1;1;1;1;1;1;1;1;2;1;2;2;2;1;2;2;2;4;2;1;1;2;1;1;1;1;1;2;1;1;2;1;1;1;2;2;1;1;3;1;2;3;4;2;2;1;1;1;1;1;1;1;1;1;1;1;1;2;2;1;3;1;4;1;4;2;2;1;1;2;3;2;1;1;1;1;1;1;2;1;1;2;2;3;1;1;1;1;1;1;1;2;2;2;4;4;3;1;2;4;2;3;4;1;2;1;4;1;2;1;1;1;1;1;1;1;1;1;2;1;3;1;2;1;4;3;4;2;2;1;3;1;1;4;1;1;1;1;1;1;1;1;1;1;1;1;1;3;1;1;3;2;1;1;3;1;1;1;1;1;1;1;1;1;1;1;1;1;3;1;1;1;1;1;1;2;2;3;4;2;2;2;2;1;2;2;2;2;2;4;2;1;1;2;3;2;2;2;1;1;1;4;4;4;4;4;4;1;1;1;1;1;1;1;2;2;2;3;1;4;2;1;4;3;3;2;1;1;1;1;3;1;2;2;3;2;1;1;1;1;1;1;1;1;1;1;1;2;1;1;1;1;1;1;2;2;1;1;1;1;1;1;2;1;1;1;2;1;1;1;1;3;3;1;1;1;1;1;1;1;1;1;1;1;1;1;1;1;1;1;1;1;1;1;1;1;2;1;1;1;1;1;1;1;1;2;2;1;3;1;3;4;2;2;2;2;1;1;1;1;1;4;1;1;1;1;1;1;1;1;1;1;1;2;4;2;2;2;2;2;1;1;1;1;1;1;2;1;2;2;2;2;2;1;4;2;1;1;3;1;2;2;2;2;1;1;1;1;1;2;1;2;2;1;2;1;2;1;1;1;1;1;1;2;2;1;1;1;1;2;2;1;2;1;1;1;2;1;2;1;1;1;1;1;1;1;1;1;1;1;1;1;1;1;1;1;1;1;1;1;1;1;1;1;1;;41;Estados Unidos da América;Portugal;A maior parte da minha vida;Sim;Centro;Torreira (MURTOSA);Semiurbano;Branca;;;;;;;Cisgénero (identifica-se com o sexo atribuído à nascença);Feminino;Ensino Superior concluído (Licenciatura/bacharelato, mestrado, doutoramento);Empregado/a;Médio;Não sei/prefiro não responder;Casado/a ou em União de Facto;2;Não;Pouco Importante;Não, nunca tive;0;;Sim, por um psicólogo;;;;;nada;Sim;Tenho seguro de saúde que cobre despesas relacionadas com saúde mental;Não;Frequentemente ou Sempre;;;;;;Sobrecarga de cuidados a crianças, idosos ou pessoas dependentes;;;Luto;;;;;;2-4 pessoas;Ocasionalmente (1 - 10 vezes em todo o ano);Nunca;Nunca;Nunca;Nunca;Nunca;Nunca;Nunca;Uso semanal (pelo menos 1 vez por semana);Nunca;Nunca;Nunca;Nunca
1;2;1;1;1;1;1;1;1;1;2;1;1;2;1;2;1;2;3;3;3;2;3;2;2;3;3;2;3;1;3;1;2;1;3;3;4;3;3;3;3;3;3;3;4;1;1;1;1;2;1;3;3;4;3;3;1;1;1;3;1;1;1;2;1;3;1;2;2;2;1;2;2;2;2;2;1;1;1;1;3;3;3;3;3;2;2;2;1;3;2;1;3;2;4;1;1;1;1;1;2;3;3;2;2;3;3;3;4;3;3;2;3;3;3;3;3;2;1;2;3;2;2;2;2;4;2;2;2;2;2;3;1;3;3;3;3;3;2;3;2;3;3;2;3;1;1;1;2;1;4;1;1;3;3;3;3;3;2;1;2;3;2;2;1;1;2;1;1;1;1;1;1;1;1;1;1;1;2;2;1;1;1;2;1;3;2;3;2;2;2;3;3;2;2;2;2;2;3;3;2;3;2;3;2;3;3;2;3;3;3;3;2;1;1;2;3;2;1;2;4;1;1;1;1;2;2;2;2;1;3;2;2;3;3;2;2;1;3;1;3;2;3;3;3;3;3;4;3;2;3;1;1;1;1;1;1;3;3;2;3;2;2;2;2;3;2;2;1;1;2;1;1;2;2;2;2;2;1;2;2;2;3;2;3;3;1;1;1;1;1;1;1;1;1;1;1;1;2;1;1;1;1;2;2;2;2;2;3;3;2;2;1;2;3;1;3;2;2;3;3;3;3;2;3;3;3;2;2;3;2;3;1;2;3;3;3;2;3;2;1;1;1;1;2;2;2;1;1;1;1;3;1;2;3;2;3;2;2;3;2;2;3;2;3;3;3;2;2;2;3;2;2;1;2;2;2;1;1;1;1;1;2;1;2;2;3;2;2;1;1;1;1;3;3;2;2;1;1;1;3;3;2;2;2;2;3;2;2;1;1;1;1;1;1;1;1;1;1;1;1;1;1;1;1;1;1;1;1;1;1;1;1;1;1;1;;43;Portugal;Portugal;A maior parte da minha vida;Sim;Alentejo;Sé e São Lourenço (PORTALEGRE);Urbano;Branca;;;;Hispânica/Latina;;;Cisgénero (identifica-se com o sexo atribuído à nascença);Masculino;Ensino Superior concluído (Licenciatura/bacharelato, mestrado, doutoramento);Desempregado/a;Médio-baixo;Até 1 050€;Solteiro/a;1, sou só eu;Não;Nada Importante;Não, nunca tive;0;Não;;;;;;Não;Sim;Não tenho seguro de saúde;Não;Por vezes;;;Insegurança laboral (salários em atraso, contratos precários ou temporários, sem proteção social em caso de despedimento, ou outros);;Desemprego;;;;;;;;;;5 ou mais pessoas;Uso semanal (pelo menos 1 vez por semana);Nunca;Nunca;Nunca;Nunca;Nunca;Nunca;Nunca;Uso semanal (pelo menos 1 vez por semana);Só para experimentar (1-3 vezes na vida);Só para experimentar (1-3 vezes na vida);Nunca;Nunca
1;1;1;2;1;1;1;1;1;1;1;1;1;2;1;2;1;3;2;1;1;1;1;2;2;2;4;3;3;2;2;3;3;1;2;2;2;2;2;3;2;2;2;2;1;2;2;3;2;2;1;1;2;2;2;2;3;1;2;1;1;1;1;1;1;1;2;1;3;3;3;3;2;2;2;2;4;3;1;1;2;2;2;2;1;1;1;1;1;1;2;3;2;2;2;1;1;1;1;1;2;1;2;2;2;2;3;3;2;3;2;1;2;3;1;2;3;2;4;3;4;3;2;1;1;1;1;2;3;2;2;2;4;1;1;3;3;2;2;2;3;3;3;2;2;3;1;1;1;2;1;1;1;3;4;2;2;3;2;1;2;3;3;2;1;2;4;2;1;2;1;3;2;2;1;2;1;3;4;3;1;1;1;4;2;3;2;1;2;2;1;2;1;3;3;2;2;2;1;2;2;2;2;1;1;1;1;2;2;3;3;3;1;2;4;3;2;2;3;3;2;2;3;2;2;1;2;2;2;3;2;3;1;3;2;4;2;2;1;2;1;3;1;2;1;2;3;2;3;3;2;1;1;1;1;1;1;1;2;2;2;2;3;2;2;2;2;2;1;1;1;1;1;2;2;2;2;2;1;3;1;2;2;2;2;2;1;1;1;1;1;1;1;3;2;1;1;2;1;2;1;1;1;1;3;2;3;3;2;2;2;2;1;2;1;2;2;1;2;2;2;3;3;3;1;2;2;4;2;2;1;2;1;2;1;3;2;2;1;2;1;1;1;1;1;4;2;2;1;1;2;1;1;1;1;1;1;4;3;1;2;4;2;1;2;1;1;3;2;3;2;2;1;3;2;2;2;2;1;2;1;1;1;1;3;3;1;1;1;1;1;1;1;4;2;2;2;1;3;1;3;3;4;4;3;2;1;2;3;2;1;2;1;1;1;1;1;1;1;1;1;1;2;1;1;1;2;1;1;1;1;1;1;2;1;1;;55;Brasil;Brasil;Nunca;Sim;Não aplicável;Não Aplicável;Urbano;;;;;Hispânica/Latina;;;Cisgénero (identifica-se com o sexo atribuído à nascença);Feminino;Ensino Superior concluído (Licenciatura/bacharelato, mestrado, doutoramento);Empregado/a;Médio;Até 1 050€;Casado/a ou em União de Facto;2;Sim, tenho 2 filhos/as;Muito Importante;Não, nunca tive;0;Não;;;;;;não se aplica;Sim;Não tenho seguro de saúde;Não;Por vezes;Dificuldades económicas recorrentes para pagar despesas essenciais (contas de luz, água, aquecimento, alimentação, etc);Insegurança habitacional (atraso no pagamento de renda ou conta, risco de perda, sobrelotação, ou outros);;;Desemprego;;;;;;;;;;1 pessoa;Ocasionalmente (1 - 10 vezes em todo o ano);Nunca;Nunca;Nunca;Nunca;Nunca;Nunca;Ocasionalmente (1 - 10 vezes em todo o ano);Ocasionalmente (menos de 1 vez por mês);Nunca;Nunca;Nunca;Só para experimentar (1-3 vezes na vida)
1;1;1;1;1;1;1;1;1;3;1;1;1;2;1;2;1;1;2;1;2;3;2;2;2;1;3;3;1;1;1;1;1;1;3;3;3;3;3;2;1;3;3;3;1;2;1;1;2;1;2;2;3;3;1;2;1;1;1;1;2;1;1;1;1;2;1;1;2;4;1;2;3;3;1;4;3;3;1;1;3;3;3;4;2;1;1;3;3;3;3;1;3;2;2;1;3;1;1;1;1;4;4;4;1;2;2;4;4;4;4;3;3;3;4;4;4;1;1;1;1;1;1;2;3;1;3;2;3;3;4;4;1;1;2;4;3;3;4;3;1;3;2;2;3;1;1;1;1;1;1;1;1;1;1;1;1;1;3;1;2;4;4;4;1;3;2;1;4;4;4;4;4;4;4;3;4;1;1;1;1;1;1;1;1;1;1;1;1;1;3;1;1;1;4;2;2;1;1;1;1;2;1;3;1;2;1;1;2;2;2;1;4;4;4;4;4;3;1;1;1;1;1;3;1;3;2;4;3;1;2;3;3;1;1;3;1;1;1;1;1;3;2;3;4;3;3;3;4;4;4;1;1;2;1;2;1;1;1;3;4;3;2;1;1;2;1;1;1;1;1;2;3;1;3;4;3;1;2;3;1;2;2;1;2;2;1;1;1;1;1;1;1;1;1;1;1;1;1;1;1;1;1;1;1;1;1;4;4;4;4;4;2;2;2;1;3;4;2;2;3;1;1;1;1;1;1;1;4;2;1;1;1;2;1;3;3;3;4;3;1;1;1;1;3;1;3;4;1;2;1;1;1;1;1;1;1;4;4;4;3;4;4;3;4;4;4;2;2;2;2;2;1;1;1;1;1;1;1;1;1;1;1;1;3;4;4;4;3;2;2;1;2;4;2;4;1;1;1;3;1;1;1;1;1;1;2;1;1;1;1;3;2;1;3;1;3;1;1;1;1;2;2;2;3;4;2;1;1;2;1;1;1;2;1;0;1;41;Portugal;Portugal;Toda a vida;Sim;Centro;São Bernardo (AVEIRO);Urbano;Branca;;;;;;;Cisgénero (identifica-se com o sexo atribuído à nascença);Masculino;Ensino Superior concluído (Licenciatura/bacharelato, mestrado, doutoramento);Empregado/a;Baixo;1 801 - 2800 €;Casado/a ou em União de Facto;2;Sim, tenho 1 filho/a;Pouco Importante;Não, nunca tive;0;Não;;;;;;nao estou a tomar qualquer tipo de medicação.;Não procurei ajuda, apesar de ter precisado;Não tenho a certeza;Não;Bastantes vezes;Dificuldades económicas recorrentes para pagar despesas essenciais (contas de luz, água, aquecimento, alimentação, etc);;;;;;;;;;;;;;2-4 pessoas;Uso semanal (pelo menos 1 vez por semana);Nunca;Nunca;Nunca;Nunca;Nunca;Nunca;Nunca;Uso semanal (pelo menos 1 vez por semana);Nunca;Ocasionalmente (menos de 1 vez por mês);Nunca;Nunca
1;1;1;1;1;1;1;1;1;1;1;1;1;1;1;1;1;1;1;1;2;1;1;1;1;1;1;1;1;1;2;2;2;2;2;1;2;1;1;2;1;2;1;2;1;2;1;1;1;1;1;1;1;2;2;2;1;1;1;2;1;1;1;1;1;1;1;1;1;1;1;1;1;2;2;3;1;1;1;1;1;1;1;1;1;1;1;1;1;1;2;1;2;1;2;1;1;1;1;1;1;2;1;1;1;3;4;2;1;1;2;3;2;2;1;1;1;2;1;1;1;1;2;1;1;1;1;1;1;1;1;3;2;2;2;2;2;3;2;2;1;1;1;1;1;1;2;3;2;3;1;1;1;1;1;1;1;1;1;1;1;3;1;1;1;1;1;1;1;1;1;1;1;1;1;1;1;1;1;2;1;1;1;2;1;1;1;1;1;1;1;1;1;1;1;2;1;2;2;3;3;2;1;1;1;1;1;1;3;3;3;3;1;1;1;1;1;1;1;1;1;2;1;1;1;2;3;3;1;1;1;2;1;2;1;2;2;1;1;1;1;2;2;2;3;2;1;1;1;1;1;1;1;1;1;1;1;1;1;1;1;1;1;1;1;2;1;1;1;1;1;1;1;2;1;2;2;2;2;2;2;3;1;1;1;1;1;1;1;1;1;1;1;1;1;1;1;1;1;1;1;1;1;1;1;2;1;3;2;1;1;1;1;1;1;1;2;2;2;1;2;3;4;3;2;4;1;1;1;1;1;1;1;1;1;1;1;1;1;1;1;1;1;1;1;2;1;1;1;1;1;1;1;1;1;1;1;1;2;1;1;2;1;2;2;2;1;2;2;4;2;2;1;1;1;1;1;1;1;1;1;1;1;1;1;2;2;1;2;1;1;1;1;1;1;1;1;1;1;1;2;2;2;3;3;2;3;2;3;2;1;1;1;1;1;1;1;1;1;1;1;1;1;1;1;1;1;1;1;1;1;1;1;1;1;1;;43;Portugal;Portugal;A maior parte da minha vida;Sim;Algarve;Pechão (OLHÃO);Rural;Branca;;;;;;;Cisgénero (identifica-se com o sexo atribuído à nascença);Masculino;Ensino Superior concluído (Licenciatura/bacharelato, mestrado, doutoramento);Empregado/a;Médio;1 801 - 2800 €;Casado/a ou em União de Facto;2;Sim, tenho 1 filho/a;Pouco Importante;Não, nunca tive;0;Não;;;;;;Não se aplica;Não procurei ajuda porque não precisei;Não tenho seguro de saúde;Não;Não, nunca ou raramente.;;;Insegurança laboral (salários em atraso, contratos precários ou temporários, sem proteção social em caso de despedimento, ou outros);;;;;;;;;;;;2-4 pessoas;Ocasionalmente (1 - 10 vezes em todo o ano);Nunca;Nunca;Nunca;Nunca;Nunca;Nunca;Nunca;Ocasionalmente (menos de 1 vez por mês);Só para experimentar (1-3 vezes na vida);Uso diário ou quase diário, várias vezes ao dia;Nunca;Nunca
1;1;1;1;1;1;1;1;1;1;1;1;1;1;1;1;1;1;1;1;1;2;1;2;1;1;1;1;1;1;1;1;1;1;1;1;1;2;1;1;1;1;1;1;1;1;1;1;1;1;1;1;1;1;1;1;1;1;1;1;1;1;1;1;1;1;1;1;2;2;1;2;1;1;1;1;1;1;1;1;1;1;1;1;1;1;1;3;1;1;1;1;1;1;1;1;1;1;1;1;1;1;1;1;1;1;1;1;1;1;1;1;1;1;1;1;1;1;1;1;1;1;1;1;1;1;1;1;1;1;1;2;1;1;1;1;1;2;1;1;1;1;1;1;1;1;1;1;1;1;1;1;1;1;1;1;1;1;1;1;1;1;1;1;1;1;1;1;1;1;1;1;1;1;1;1;1;2;2;4;1;1;1;3;1;2;1;1;2;1;1;1;1;1;1;1;1;3;1;2;2;1;1;1;1;1;1;1;2;1;1;1;1;1;1;1;1;1;1;1;1;3;1;1;1;1;1;1;1;1;1;1;1;1;1;1;1;1;1;1;1;1;1;1;1;1;1;2;2;1;1;1;1;1;1;1;1;1;1;2;1;1;2;1;1;2;1;1;1;1;1;1;1;1;1;1;2;1;2;1;2;2;1;1;1;1;1;1;1;1;1;1;1;1;1;1;1;1;1;1;1;1;1;1;1;1;1;2;1;2;2;2;1;1;1;1;2;1;2;2;1;2;3;1;1;2;3;1;1;1;1;1;1;1;1;1;1;1;1;1;1;1;1;1;1;2;1;1;1;1;1;2;1;1;1;1;1;1;1;1;1;1;1;1;1;1;1;2;1;3;1;2;1;1;1;1;1;1;1;1;1;1;1;1;1;1;1;1;1;1;1;1;1;1;1;1;1;1;2;1;3;3;3;3;3;1;1;1;1;1;1;1;1;1;1;1;1;1;1;1;1;1;1;1;1;1;1;1;1;1;1;1;1;1;1;1;;45;Portugal;Portugal;Toda a vida;Sim;Península de Setúbal;Pinhal Novo (PALMELA);Urbano;Branca;;;;;;;Cisgénero (identifica-se com o sexo atribuído à nascença);Masculino;Ensino Superior concluído (Licenciatura/bacharelato, mestrado, doutoramento);Empregado/a;Médio;2 801 - 4 000 €;Casado/a ou em União de Facto;2;Não;Nada Importante;Não, nunca tive;0;Não;;;;;;0;Não procurei ajuda porque não precisei;Tenho seguro de saúde que cobre despesas relacionadas com saúde mental;Não;Não, nunca ou raramente.;;;;;;;;;;;;;;Não experienciei nenhuma destas situações;5 ou mais pessoas;Uso semanal (pelo menos 1 vez por semana);Nunca;Nunca;Nunca;Nunca;Nunca;Nunca;Nunca;Uso semanal (pelo menos 1 vez por semana);Nunca;Nunca;Nunca;Nunca
2;2;1;1;1;1;1;1;1;1;1;1;1;2;1;3;1;3;2;2;3;1;2;2;2;2;1;2;1;1;1;1;2;1;2;1;2;1;2;2;3;2;3;3;2;1;2;1;1;1;1;3;4;3;2;2;1;2;2;1;1;1;1;1;2;2;2;1;2;2;2;1;3;2;2;3;2;2;1;1;3;2;1;2;1;2;2;1;1;2;2;2;2;2;3;1;1;2;3;3;2;2;2;2;2;3;3;4;3;2;3;2;3;4;1;2;2;2;1;2;1;1;1;1;2;2;1;1;1;1;2;2;2;2;1;2;1;2;1;2;1;2;1;1;2;1;1;1;1;1;1;1;1;1;1;2;1;1;2;1;1;3;2;1;2;1;2;1;1;1;1;1;1;2;2;2;1;1;2;3;1;1;1;1;1;1;2;2;3;3;1;1;1;2;1;2;3;2;1;1;2;1;2;2;2;2;2;2;3;3;2;4;3;1;2;2;2;2;1;1;1;1;1;1;1;3;2;2;4;1;2;2;2;1;1;2;1;1;2;2;1;1;3;2;4;3;2;2;1;2;2;1;1;1;1;1;1;1;1;1;1;1;1;2;1;2;2;1;1;1;2;1;1;1;1;1;2;2;3;2;3;2;2;2;2;2;1;1;1;1;1;1;2;1;1;1;1;2;2;2;1;1;1;2;2;1;2;2;2;2;2;2;1;1;1;2;2;2;2;2;1;2;2;2;2;1;2;1;1;1;1;1;1;3;1;2;2;1;2;2;1;1;1;1;3;3;2;2;1;2;1;1;2;1;1;1;2;3;2;2;3;2;1;2;1;1;1;1;2;2;3;1;1;2;2;2;1;1;1;1;1;2;3;2;1;1;2;1;2;1;1;1;1;2;2;1;2;1;1;1;2;1;2;2;1;1;2;3;2;3;1;1;1;2;1;1;1;1;1;1;1;1;1;1;1;1;1;1;2;1;2;1;1;1;1;1;;52;Brasil;Portugal;Menos de 5 anos;Sim;Centro;Fundão, Valverde, Donas, A. Joanes, A. Nova Cabo (FUNDÃO);Urbano;;;Asiática;;;;;Cisgénero (identifica-se com o sexo atribuído à nascença);Masculino;Ensino Superior concluído (Licenciatura/bacharelato, mestrado, doutoramento);Empregado/a;Médio;1 801 - 2800 €;Casado/a ou em União de Facto;3;Sim, tenho 2 filhos/as;Muito Importante;Não, nunca tive;0;Não;;;;;;Não tomo medicação ;Não procurei ajuda, apesar de ter precisado;Tenho seguro de saúde, mas não cobre despesas relacionadas com saúde mental;Não;Por vezes;Dificuldades económicas recorrentes para pagar despesas essenciais (contas de luz, água, aquecimento, alimentação, etc);;;;;;;;;;;;;;Nenhuma;Ocasionalmente (1 - 10 vezes em todo o ano);Nunca;Nunca;Nunca;Nunca;Nunca;Nunca;Nunca;Ocasionalmente (menos de 1 vez por mês);Nunca;Nunca;Nunca;Nunca
1;1;1;1;1;1;1;1;1;1;1;1;1;1;1;1;1;1;1;1;1;1;1;1;1;1;1;1;1;1;1;1;1;1;1;1;1;1;1;1;1;1;1;1;1;1;1;1;1;1;1;1;1;1;1;1;1;1;1;1;1;1;1;1;1;1;1;1;1;1;1;1;1;1;1;1;1;1;1;1;1;1;1;1;1;1;1;1;1;1;1;1;1;1;1;1;1;1;1;1;1;1;1;1;1;1;1;1;1;1;1;1;1;1;1;1;1;1;1;1;1;1;1;1;1;1;1;1;1;1;1;1;1;1;1;1;1;1;1;1;1;1;1;1;1;1;1;1;1;1;1;1;1;1;1;1;1;1;1;1;1;1;1;1;1;1;1;1;1;1;1;1;1;1;1;1;1;1;1;1;1;1;1;1;1;1;1;1;1;1;1;1;1;1;1;1;1;1;1;1;1;1;1;1;1;1;1;1;1;1;1;1;1;1;1;1;1;1;1;1;1;1;1;1;1;1;1;1;1;1;1;1;1;1;1;1;1;1;1;1;1;1;1;1;1;1;1;1;1;1;1;1;1;1;1;1;1;1;1;1;1;1;1;1;1;1;1;1;1;1;1;1;1;1;1;1;1;1;1;1;1;1;1;1;1;1;1;1;1;1;1;1;1;1;1;1;1;1;1;1;1;1;1;1;1;1;1;1;1;1;1;1;1;1;1;1;1;1;1;1;1;1;1;1;1;1;1;1;1;1;1;1;1;1;1;1;1;1;1;1;1;1;1;1;1;1;1;1;1;1;1;1;1;1;1;1;1;1;1;1;1;1;1;1;1;1;1;1;1;1;1;1;1;1;1;1;1;1;1;1;1;1;1;1;1;1;1;1;1;1;1;1;1;1;1;1;1;1;1;1;1;1;1;1;1;1;1;1;1;1;1;1;1;1;1;1;1;1;1;1;1;1;1;1;1;1;1;1;1;1;1;1;1;1;1;1;;57;Portugal;Portugal;Toda a vida;Sim;Grande Lisboa;Cascais e Estoril (CASCAIS);Urbano;Branca;;;;;;;Cisgénero (identifica-se com o sexo atribuído à nascença);Masculino;Ensino Superior concluído (Licenciatura/bacharelato, mestrado, doutoramento);Desempregado/a;Médio-alto;4001 - 6000 €;Casado/a ou em União de Facto;4;Sim, tenho 1 filho/a;Mais ou menos Importante;Não, nunca tive;0;Não;;;;;;medicação cardiaca ;Sim;Tenho seguro de saúde que cobre despesas relacionadas com saúde mental;Não;Não, nunca ou raramente.;;;Insegurança laboral (salários em atraso, contratos precários ou temporários, sem proteção social em caso de despedimento, ou outros);;Desemprego;Sobrecarga de cuidados a crianças, idosos ou pessoas dependentes;;Deficiência física, doença crónica ou problema de saúde grave (do próprio ou de pessoa próxima) com impacto na vida diária;;;;;;;2-4 pessoas;Ocasionalmente (1 - 10 vezes em todo o ano);Nunca;Nunca;Nunca;Nunca;Nunca;Nunca;Nunca;Ocasionalmente (menos de 1 vez por mês);Só para experimentar (1-3 vezes na vida);Só para experimentar (1-3 vezes na vida);Nunca;Nunca
2;2;2;2;2;1;1;1;1;1;1;1;1;3;2;1;1;2;1;2;2;2;2;2;2;1;2;2;1;2;3;1;2;1;1;3;3;2;1;2;1;3;2;2;1;1;1;1;1;2;1;2;2;2;2;1;1;1;1;2;1;1;1;1;1;1;2;2;2;2;1;3;1;1;1;2;1;1;1;1;1;1;1;1;1;1;1;3;1;1;1;2;3;1;2;1;1;1;2;1;1;2;2;2;2;2;2;2;1;2;2;1;2;4;1;2;1;2;2;2;3;4;2;2;2;3;3;2;4;1;1;2;4;2;2;3;4;3;3;1;1;1;2;1;2;1;1;1;1;1;1;1;1;3;3;1;1;2;2;1;1;2;1;1;2;3;4;3;4;4;3;2;1;2;2;2;2;4;4;2;1;1;1;3;4;4;1;1;2;1;4;3;2;2;2;3;2;4;1;3;4;3;2;2;2;4;2;2;2;2;2;1;1;1;2;3;2;2;1;1;1;2;1;2;1;4;4;2;4;2;2;4;2;1;1;1;1;1;2;1;1;2;2;2;3;2;2;1;2;2;1;1;1;1;1;1;1;3;3;1;2;3;1;1;1;2;1;1;1;1;1;1;1;3;2;2;3;3;2;1;2;2;3;2;2;1;1;1;1;1;1;1;2;1;1;1;1;1;1;1;1;2;1;1;1;1;1;2;3;2;2;3;2;1;1;1;2;2;4;3;2;3;3;3;2;4;3;2;1;1;1;1;1;1;1;2;1;1;1;1;1;1;1;1;1;2;1;1;1;2;2;2;1;2;2;1;2;4;3;4;2;4;1;2;2;3;1;2;2;4;2;2;2;1;2;1;2;1;1;1;2;2;2;2;2;1;1;2;1;1;1;1;2;2;1;1;1;1;1;1;3;2;2;4;2;2;2;2;3;2;1;1;1;1;2;1;1;1;1;1;1;1;1;1;1;1;1;1;1;1;1;1;1;2;1;1;;42;Portugal;Reino Unido;A maior parte da minha vida;Sim;Não aplicável;Não Aplicável;Urbano;Branca;;;;;;;Cisgénero (identifica-se com o sexo atribuído à nascença);Feminino;Ensino Superior concluído (Licenciatura/bacharelato, mestrado, doutoramento);Pausa na carreira;Médio-alto;2 801 - 4 000 €;Casado/a ou em União de Facto;2;Sim, tenho 3 filhos/as;Mais ou menos Importante;Não, nunca tive;0;Não;;;;;;0;Não procurei ajuda porque não precisei;Não tenho seguro de saúde;Não aplicável (não trabalho e não estudo);Não, nunca ou raramente.;;;;;;Sobrecarga de cuidados a crianças, idosos ou pessoas dependentes;Conflitos familiares ou relacionais persistentes;;;;;;;;5 ou mais pessoas;Ocasionalmente (1 - 10 vezes em todo o ano);Ocasionalmente (1 - 10 vezes em todo o ano);Uso diário ou quase diário, várias vezes por dia;Nunca;Nunca;Nunca;Nunca;Nunca;Ocasionalmente (menos de 1 vez por mês);Uso semanal (pelo menos 1 vez por semana);Uso diário ou quase diário, várias vezes ao dia;Nunca;Nunca
1;2;1;1;1;1;1;1;1;1;1;1;1;1;1;1;1;1;1;4;2;2;2;2;2;3;3;3;4;1;3;2;3;1;2;2;3;3;2;2;2;4;4;3;3;4;3;1;4;2;3;4;3;4;3;4;1;1;1;2;1;1;1;4;3;3;4;1;4;4;4;4;4;2;2;2;1;1;1;1;1;2;1;1;1;1;1;1;1;3;1;1;3;1;3;1;1;1;1;1;1;2;2;2;2;4;3;2;4;2;3;2;2;4;1;4;1;2;1;2;3;2;3;1;1;1;3;1;2;3;3;2;2;2;1;3;2;3;4;2;1;1;1;1;2;1;1;1;1;1;3;1;1;1;2;1;1;1;2;1;1;4;1;1;1;3;3;1;1;1;1;1;1;1;1;1;1;3;3;3;1;1;1;3;3;2;2;3;3;3;1;2;1;1;1;2;4;4;3;4;4;4;1;4;4;2;3;3;3;3;2;2;2;2;2;2;2;2;1;2;1;1;1;2;1;3;3;2;4;2;2;3;1;4;1;4;1;2;2;3;2;2;4;2;3;3;1;2;2;1;2;1;2;1;1;1;2;1;2;1;1;1;1;1;1;1;1;1;1;1;1;1;1;1;2;3;3;3;1;1;1;1;1;1;2;1;1;1;1;1;1;1;1;2;1;1;1;2;1;1;1;1;2;1;1;1;1;3;3;3;2;3;1;1;3;1;3;1;4;4;3;3;4;4;1;2;1;1;3;1;3;1;1;1;1;2;2;1;1;2;1;1;1;1;1;1;1;1;1;2;2;1;1;1;1;1;1;2;2;1;3;3;2;1;2;1;2;3;4;4;3;3;3;4;3;4;3;1;1;1;1;1;1;1;1;2;1;1;2;1;1;1;4;4;2;2;1;1;1;1;2;3;2;4;2;3;3;1;3;1;1;1;1;1;1;1;1;1;1;1;1;1;1;1;1;1;1;1;1;1;1;1;1;1;1;1;;50;Brasil;Brasil;Menos de 1 ano;Sim;Não aplicável;Não Aplicável;Urbano;Branca;;;;;;;Cisgénero (identifica-se com o sexo atribuído à nascença);Feminino;Ensino Superior concluído (Licenciatura/bacharelato, mestrado, doutoramento);Pausa na carreira;Médio;1 201 - 1 500 €;Casado/a ou em União de Facto;2;Não;Muito Importante;Não, nunca tive;0;Não;;;;;;nenhuma;Não procurei ajuda, apesar de ter precisado;Tenho seguro de saúde que cobre despesas relacionadas com saúde mental;Não aplicável (não trabalho e não estudo);Bastantes vezes;;;;;;;Conflitos familiares ou relacionais persistentes;;Luto;;;;;;1 pessoa;Uso mensal (pelo menos 1 vez por mês);Nunca;Nunca;Nunca;Nunca;Nunca;Nunca;Nunca;Uso mensal (em média 1 vez por mês);Nunca;Nunca;Nunca;Nunca
1;1;1;1;1;1;1;1;1;1;1;1;1;1;1;1;2;2;1;1;2;2;1;1;1;1;2;1;1;2;3;1;3;1;1;1;1;2;1;1;1;3;2;3;2;2;3;1;2;1;1;1;1;1;1;2;1;1;1;1;1;1;2;2;1;2;2;1;2;2;2;3;3;1;1;1;1;1;1;1;1;2;1;1;1;1;1;3;2;2;1;1;2;1;1;1;1;1;1;1;1;1;1;1;1;1;2;2;1;1;1;1;1;3;1;1;1;3;2;2;3;3;1;1;1;1;1;1;1;1;2;1;2;1;1;2;1;2;1;1;1;3;1;3;2;1;1;1;2;3;1;1;1;3;2;2;1;2;2;3;2;3;1;2;1;2;2;1;1;1;1;1;1;1;1;1;1;2;3;4;1;1;1;3;2;3;1;1;3;1;2;1;1;1;1;2;2;3;1;3;2;3;1;1;1;3;3;2;2;1;1;1;1;1;2;1;1;1;2;2;2;3;1;3;3;3;2;3;2;2;2;2;2;2;2;2;2;1;1;1;1;1;1;1;1;1;2;1;2;1;1;1;1;1;1;1;1;1;2;1;3;1;1;1;1;2;1;1;1;2;1;1;1;1;1;1;3;2;3;4;4;3;1;1;1;1;1;1;1;1;1;1;1;1;1;1;1;1;1;1;1;1;2;1;1;3;2;2;1;1;1;2;1;1;2;1;1;1;3;1;2;2;3;3;2;2;2;4;2;3;4;1;1;1;1;1;1;1;1;1;1;1;1;1;3;4;1;3;1;1;1;2;1;1;1;1;1;2;1;2;2;2;1;1;1;2;1;2;3;3;3;3;1;1;1;2;1;2;1;1;1;1;1;1;2;1;1;2;1;1;1;1;1;4;1;1;1;1;2;1;4;3;4;4;3;1;1;1;2;1;1;1;1;1;1;1;1;1;1;1;1;1;1;1;1;1;1;1;1;1;1;1;1;1;1;1;;40;Portugal;Portugal;Toda a vida;Sim;Centro;Parceiros e Azoia (LEIRIA);Urbano;Branca;;;;Hispânica/Latina;;;Cisgénero (identifica-se com o sexo atribuído à nascença);Masculino;Ensino Superior concluído (Licenciatura/bacharelato, mestrado, doutoramento);Empregado/a;Prefiro não responder;1 801 - 2800 €;Casado/a ou em União de Facto;2;Sim, tenho 2 filhos/as;Nada Importante;Não, nunca tive;0;Não;;;;;;0;Sim;Tenho seguro de saúde que cobre despesas relacionadas com saúde mental;Não;Não, nunca ou raramente.;;;;;;;;;;;;;;Não experienciei nenhuma destas situações;2-4 pessoas;Uso semanal (pelo menos 1 vez por semana);Nunca;Nunca;Nunca;Nunca;Nunca;Nunca;Nunca;Ocasionalmente (menos de 1 vez por mês);Nunca;Nunca;Nunca;Nunca
2;2;1;1;3;1;1;1;1;1;1;1;1;1;1;1;2;3;2;3;2;2;3;2;2;2;3;3;4;3;3;3;3;2;2;1;2;2;1;2;3;3;3;2;2;2;1;1;3;1;1;2;3;2;2;2;1;2;2;2;1;2;1;2;1;3;2;2;2;1;2;2;3;2;3;3;2;2;1;1;2;2;1;2;1;1;1;2;1;3;4;2;2;3;4;2;2;2;2;3;2;1;2;2;3;3;3;3;2;3;2;1;3;4;2;2;2;1;1;1;2;2;1;2;1;2;2;2;1;3;2;3;3;2;2;3;3;3;2;2;1;1;1;2;2;1;1;1;1;1;1;1;1;2;2;1;1;1;2;2;2;2;2;2;1;2;2;2;1;1;1;1;1;1;1;1;2;2;2;2;1;1;1;2;2;2;1;2;2;2;2;1;2;2;1;3;2;1;2;2;2;2;2;1;2;3;2;2;4;3;3;4;2;2;2;2;2;3;1;1;2;1;1;1;1;1;2;2;3;1;2;2;1;1;1;1;1;1;2;2;3;2;2;2;3;2;2;2;1;2;1;1;1;1;1;1;1;1;1;1;2;1;1;2;2;2;2;2;1;1;1;1;1;1;2;1;2;2;1;2;1;1;2;2;1;2;1;1;1;1;1;1;1;1;2;1;1;2;1;1;2;2;1;1;1;1;1;2;1;1;1;2;1;1;1;1;2;1;2;1;2;2;3;4;2;4;4;1;1;2;1;1;1;2;1;2;2;2;2;2;1;1;2;1;2;2;2;2;1;1;1;1;1;1;1;1;1;2;2;3;1;3;2;2;2;1;2;2;2;1;3;4;1;1;1;1;1;1;1;1;1;2;2;1;1;2;1;1;2;1;2;1;2;4;2;2;2;1;1;1;2;3;2;2;2;2;2;2;3;2;2;2;3;2;3;1;3;1;1;2;1;2;3;3;2;2;2;1;2;2;3;1;2;2;1;1;;41;Portugal;Portugal;Toda a vida;Sim;Norte;Cidade da Maia (MAIA);Urbano;Branca;;;;;;;Cisgénero (identifica-se com o sexo atribuído à nascença);Feminino;Ensino pós-secundário não superior (cursos técnico-profissionais, cursos de especialização, formação técnica);Empregado/a;Médio-baixo;1 801 - 2800 €;Casado/a ou em União de Facto;2;Sim, tenho 1 filho/a;Pouco Importante;Não, nunca tive;0;;Sim, por um psicólogo;;;;;N/A;Sim;Tenho seguro de saúde que cobre despesas relacionadas com saúde mental;Não;Por vezes;Dificuldades económicas recorrentes para pagar despesas essenciais (contas de luz, água, aquecimento, alimentação, etc);Insegurança habitacional (atraso no pagamento de renda ou conta, risco de perda, sobrelotação, ou outros);;;;;;;;;;;;;2-4 pessoas;Uso diário ou quase diário;Uso mensal (pelo menos 1 vez por mês);Uso diário ou quase diário, várias vezes por dia;Nunca;Nunca;Nunca;Nunca;Nunca;Uso diário ou quase diário, várias vezes ao dia;Uso mensal (em média 1 vez por mês);Uso diário ou quase diário, várias vezes ao dia;Só para experimentar (1-3 vezes na vida);Nunca
2;2;2;1;2;1;1;1;1;1;1;2;1;2;1;1;1;3;3;3;2;3;3;3;3;4;3;4;2;4;4;2;4;2;2;2;3;2;3;3;4;3;3;2;3;2;3;1;1;2;1;2;2;4;2;3;1;1;1;2;2;1;1;2;1;1;1;2;2;2;1;2;2;3;3;4;1;1;1;2;1;2;1;1;1;2;1;2;1;2;2;2;3;2;4;1;2;1;2;1;2;2;2;2;2;3;4;3;3;3;3;3;3;4;2;4;2;2;2;2;2;3;3;2;3;2;2;2;2;2;1;3;1;2;2;3;3;4;3;2;2;2;2;2;3;1;1;1;2;1;1;1;1;2;2;3;2;2;3;1;3;4;3;3;3;3;2;1;1;1;1;1;1;1;1;1;1;2;2;2;1;1;1;2;2;1;2;4;2;4;3;4;3;3;2;3;3;3;2;3;3;3;2;2;2;4;3;2;2;2;2;2;3;2;2;3;2;4;1;1;2;1;1;1;1;3;3;3;4;3;2;3;2;1;1;1;1;1;3;1;1;2;2;2;2;3;2;3;2;2;2;2;1;1;1;1;1;3;2;2;2;2;1;1;2;3;3;1;1;1;1;1;1;2;2;2;3;2;1;1;1;2;4;3;3;3;1;1;1;1;1;1;3;1;1;1;1;3;1;1;1;2;2;2;2;1;3;3;2;3;2;2;3;1;1;1;3;2;2;3;2;2;4;4;4;4;3;1;1;1;1;1;1;1;1;3;2;1;1;2;1;1;1;1;3;3;3;2;2;1;3;1;1;2;2;2;2;2;2;3;3;3;4;3;4;4;2;3;3;3;2;3;2;2;3;2;2;2;1;2;4;4;3;2;2;3;3;2;3;1;1;1;2;2;1;1;3;1;1;1;2;2;2;2;2;1;2;1;1;2;2;2;2;2;1;1;2;1;1;1;1;1;1;1;1;1;1;1;1;1;1;4;1;1;1;1;;41;Portugal;Portugal;Toda a vida;Sim;Norte;Paranhos (PORTO);Urbano;Branca;;;;;;;Cisgénero (identifica-se com o sexo atribuído à nascença);Feminino;Ensino Superior concluído (Licenciatura/bacharelato, mestrado, doutoramento);Empregado/a;Médio-baixo;1 201 - 1 500 €;Solteiro/a;4;Não;Nada Importante;Não, nunca tive;0;Não;;;;;;0;Não procurei ajuda, apesar de ter precisado;Não tenho seguro de saúde;Não;Bastantes vezes;;;Insegurança laboral (salários em atraso, contratos precários ou temporários, sem proteção social em caso de despedimento, ou outros);;;;Conflitos familiares ou relacionais persistentes;;;;;;;;5 ou mais pessoas;Uso mensal (pelo menos 1 vez por mês);Nunca;Nunca;Nunca;Nunca;Nunca;Nunca;Nunca;Ocasionalmente (menos de 1 vez por mês);Só para experimentar (1-3 vezes na vida);Só para experimentar (1-3 vezes na vida);Nunca;Nunca
1;1;1;1;1;1;1;1;1;1;1;1;1;3;2;2;3;2;2;2;2;2;3;1;1;2;2;3;4;2;2;1;2;1;2;2;2;1;2;1;2;2;2;2;2;2;1;1;1;1;1;2;2;3;2;2;1;1;1;1;1;1;1;1;1;1;2;1;3;4;3;3;3;1;2;1;1;1;1;1;2;2;2;1;1;2;1;2;2;2;2;2;2;2;3;1;1;1;2;1;2;1;2;2;1;2;3;1;2;2;2;2;2;2;1;2;1;3;4;3;3;3;2;1;2;3;1;1;2;2;2;2;2;2;2;2;2;2;2;2;3;3;1;3;2;1;1;1;1;1;1;1;2;2;2;2;2;2;2;1;3;2;2;1;1;2;4;1;1;1;1;1;1;2;1;3;2;2;2;3;1;1;1;3;2;3;1;1;2;1;3;2;1;2;1;3;2;3;1;3;3;2;2;2;1;2;2;2;2;2;2;2;2;2;2;2;1;2;1;1;1;1;1;1;1;2;2;1;2;1;2;2;1;2;2;2;1;1;1;1;2;2;2;2;2;2;2;2;2;1;2;1;1;1;1;1;1;2;2;2;2;2;2;2;1;1;1;1;1;2;2;2;2;1;1;2;3;2;2;3;2;2;2;2;2;1;1;4;1;1;1;1;1;1;1;1;1;1;1;2;1;1;2;3;2;1;2;2;2;1;1;2;2;1;1;1;2;1;3;3;3;2;3;2;2;2;1;2;2;1;2;1;1;2;1;2;2;1;2;1;1;1;1;1;2;3;2;2;1;1;1;2;1;2;1;1;1;2;2;2;2;2;2;1;2;1;2;3;3;3;3;3;2;1;2;1;1;1;1;1;1;3;4;1;1;1;2;1;1;1;1;1;2;2;1;1;2;1;2;1;4;3;3;3;3;1;3;2;3;2;1;1;1;1;1;1;1;1;1;1;1;1;1;1;1;1;1;1;1;1;1;1;1;2;1;1;;46;Portugal;Portugal;Toda a vida;Sim;Grande Lisboa;Carvoeira (MAFRA);Semiurbano;Branca;;;;;;;Cisgénero (identifica-se com o sexo atribuído à nascença);Masculino;Ensino Superior concluído (Licenciatura/bacharelato, mestrado, doutoramento);Empregado/a;Médio;Mais de 6 000 €;Casado/a ou em União de Facto;3;Sim, tenho 2 filhos/as;Nada Importante;Não, nunca tive;0;Não;;;;;;Nada;Sim;Tenho seguro de saúde que cobre despesas relacionadas com saúde mental;Não;Por vezes;;;;;;;;;;;;;;Não experienciei nenhuma destas situações;2-4 pessoas;Nunca;Nunca;Nunca;Nunca;Nunca;Nunca;Nunca;Nunca;Uso semanal (pelo menos 1 vez por semana);Nunca;Ocasionalmente (menos de 1 vez por mês);Só para experimentar (1-3 vezes na vida);Nunca
1;1;1;1;1;1;1;1;1;1;1;1;1;1;1;1;1;1;1;2;1;1;2;1;1;1;2;3;1;2;1;2;2;2;2;1;3;3;2;3;3;3;2;4;3;1;1;1;1;1;1;2;2;1;2;1;1;1;1;1;1;1;1;1;1;2;2;1;1;3;1;4;1;1;1;1;2;2;1;1;2;2;2;1;1;2;2;1;3;3;2;1;4;1;2;1;1;1;1;1;1;2;1;3;2;3;2;1;2;3;3;1;2;2;2;4;1;1;1;1;2;1;2;1;1;1;2;1;1;1;2;2;2;1;2;2;3;2;4;1;1;1;2;1;2;1;1;1;1;1;1;1;1;1;1;1;1;1;4;1;2;1;4;2;1;1;1;1;1;1;1;1;1;1;1;1;1;2;2;2;1;1;1;3;2;1;2;1;2;1;3;2;1;1;1;3;3;2;3;2;3;4;1;1;1;2;2;1;4;4;4;3;2;2;2;3;3;1;1;2;1;1;1;1;2;2;2;1;2;1;2;2;1;1;1;1;1;1;2;1;2;3;3;3;3;1;2;2;1;1;2;1;1;1;1;1;1;2;2;1;2;2;1;1;1;1;1;1;1;1;1;1;1;2;2;3;3;3;1;1;1;3;1;1;1;1;1;1;1;1;1;1;1;1;1;1;1;1;1;1;1;1;1;1;1;1;1;3;2;2;2;1;1;1;1;1;1;4;2;3;2;1;2;1;2;2;1;1;1;1;1;1;1;1;1;2;1;1;1;1;1;1;1;1;1;3;1;2;3;3;2;1;1;1;1;1;1;2;1;2;2;2;1;2;3;2;1;4;2;2;2;2;1;1;2;1;1;1;1;2;1;1;2;1;2;1;3;2;2;1;1;1;1;1;1;1;2;1;1;1;2;3;3;2;3;3;2;3;1;3;1;1;1;1;1;1;1;1;1;1;1;1;1;1;1;1;1;1;1;1;1;1;3;1;1;1;;40;Portugal;Portugal;A maior parte da minha vida;Sim;Península de Setúbal;Amora (SEIXAL);Semiurbano;Branca;;;;;;;Cisgénero (identifica-se com o sexo atribuído à nascença);Feminino;Ensino pós-secundário não superior (cursos técnico-profissionais, cursos de especialização, formação técnica);Empregado/a;Médio;1 801 - 2800 €;Casado/a ou em União de Facto;2;Sim, tenho 1 filho/a;Mais ou menos Importante;Não, nunca tive;0;Não;;;;;;nennhuma medicação;Sim;Tenho seguro de saúde que cobre despesas relacionadas com saúde mental;Não;Bastantes vezes;;;;;;Sobrecarga de cuidados a crianças, idosos ou pessoas dependentes;Conflitos familiares ou relacionais persistentes;;Luto;;;;;;2-4 pessoas;Nunca;Nunca;Nunca;Nunca;Nunca;Nunca;Nunca;Nunca;Ocasionalmente (menos de 1 vez por mês);Nunca;Nunca;Nunca;Nunca
2;2;2;1;1;1;1;1;1;1;1;1;1;1;1;2;1;1;1;4;2;2;2;2;2;1;1;2;2;1;1;2;1;1;1;1;2;1;2;1;2;2;1;2;1;1;1;1;1;1;1;2;2;2;2;4;1;1;1;2;1;1;1;1;1;1;1;1;3;3;1;4;2;2;3;3;1;1;1;1;1;1;1;1;1;1;1;1;1;1;2;1;2;1;2;1;1;1;1;1;1;1;1;1;1;2;2;1;1;2;2;2;2;2;2;2;1;1;2;1;1;2;1;1;1;1;1;1;1;2;1;2;1;2;1;1;1;1;2;2;1;1;1;1;1;1;1;1;1;1;1;1;1;2;1;1;1;1;2;1;2;2;3;1;1;1;1;2;1;1;1;1;1;1;1;1;1;2;4;4;1;1;1;2;1;1;2;2;2;2;2;1;1;1;1;2;3;3;2;4;4;3;1;2;1;1;2;1;1;2;2;2;2;3;2;4;2;2;1;1;2;1;1;1;2;1;2;2;2;1;1;1;1;1;1;1;1;1;2;1;1;1;2;1;2;1;1;1;2;1;1;1;1;1;1;1;1;1;2;1;1;1;1;2;1;1;2;1;1;1;1;1;1;1;1;1;2;2;1;2;1;2;1;1;2;1;1;1;1;1;1;1;2;1;1;1;1;1;1;1;1;1;1;1;1;2;1;1;3;1;1;1;1;2;1;1;2;1;3;2;1;3;3;4;2;3;3;1;1;1;1;1;1;1;1;3;2;1;2;2;1;1;1;1;2;2;2;2;2;2;3;1;1;1;1;1;1;3;1;2;3;2;2;1;1;1;1;4;3;3;3;4;1;1;1;2;1;1;1;1;1;2;1;1;1;1;2;1;1;1;1;1;1;1;1;1;1;1;1;1;3;4;3;4;3;2;1;1;1;1;2;2;2;1;2;2;2;1;1;1;1;1;1;2;1;2;1;1;3;1;1;1;1;1;1;1;;62;Brasil;Japão;Nunca;Sim;Não aplicável;Não Aplicável;Semiurbano;Branca;;;;;;;Cisgénero (identifica-se com o sexo atribuído à nascença);Feminino;Ensino Superior concluído (Licenciatura/bacharelato, mestrado, doutoramento);Reformado/a;Médio-baixo;1 501 - 1 800 €;Casado/a ou em União de Facto;2;Sim, tenho mais de 3 filhos/as;Muito Importante;Não, nunca tive;0;Não;;;;;;0;Não procurei ajuda porque não precisei;Tenho seguro de saúde que cobre despesas relacionadas com saúde mental;Não;Não, nunca ou raramente.;;;;;;;;;;;;;;Não experienciei nenhuma destas situações;5 ou mais pessoas;Uso semanal (pelo menos 1 vez por semana);Nunca;Nunca;Nunca;Nunca;Nunca;Nunca;Nunca;Uso quase diário ou diário;Nunca;Só para experimentar (1-3 vezes na vida);Nunca;Nunca
1;1;1;1;1;1;1;1;1;1;1;1;1;2;1;1;1;1;1;4;3;2;2;2;2;2;3;3;4;2;2;1;1;1;1;1;2;1;1;1;1;2;1;1;1;1;1;1;1;1;1;1;1;2;2;4;1;1;1;1;1;1;1;1;1;1;1;1;3;3;1;2;1;1;1;1;1;1;1;1;2;1;1;1;1;1;1;1;1;1;1;2;3;1;2;1;1;1;1;1;1;1;1;2;2;3;3;3;2;2;2;1;2;3;1;2;3;1;2;2;2;2;2;1;1;2;1;1;1;1;1;2;2;2;1;2;3;4;2;2;1;1;1;2;2;1;1;1;1;1;1;1;1;1;1;1;1;1;1;1;1;2;2;1;1;1;1;1;1;1;1;1;1;1;1;1;1;3;2;2;1;1;1;2;1;3;2;1;3;4;1;1;1;1;1;1;3;2;1;3;3;2;2;2;2;3;3;2;4;4;4;4;1;1;1;1;1;1;1;1;1;1;1;1;1;3;2;2;2;1;1;2;1;1;1;1;1;1;2;1;2;1;1;1;1;1;1;2;1;1;1;1;1;1;1;1;1;1;1;2;1;1;1;3;2;4;3;2;1;1;1;1;1;1;1;1;2;2;2;1;1;1;1;1;1;1;1;1;1;1;1;1;1;1;1;1;1;1;1;1;1;1;1;1;1;1;1;2;1;2;1;2;1;1;1;1;1;1;2;1;1;2;3;2;2;4;2;1;1;1;1;1;1;1;1;1;1;1;1;1;1;1;1;1;1;1;2;1;1;1;1;1;1;1;1;1;1;2;1;2;1;2;1;1;1;1;1;2;3;2;2;3;1;1;1;1;1;1;1;1;1;1;1;1;2;1;1;1;3;1;1;1;1;3;1;2;1;1;1;1;2;3;2;3;2;1;2;1;2;2;1;1;1;1;1;1;1;1;1;1;1;1;1;1;1;1;1;1;1;1;1;1;1;1;1;1;;52;Angola;Portugal;A maior parte da minha vida;Sim;Centro;O. Azeméis, Riba-Ul, Ul, Macinhata Seixa, Madail (OLIVEIRA DE AZEMÉIS);Urbano;Branca;Negra;;;;;;Cisgénero (identifica-se com o sexo atribuído à nascença);Feminino;Ensino Superior concluído (Licenciatura/bacharelato, mestrado, doutoramento);Empregado/a;Médio;Não sei/prefiro não responder;Solteiro/a;3;Sim, tenho 1 filho/a;Pouco Importante;Não, nunca tive;0;Não;;;;;;Nenhuma;Não procurei ajuda porque não precisei;Não tenho seguro de saúde;Não;Não, nunca ou raramente.;;;Insegurança laboral (salários em atraso, contratos precários ou temporários, sem proteção social em caso de despedimento, ou outros);;;;;Deficiência física, doença crónica ou problema de saúde grave (do próprio ou de pessoa próxima) com impacto na vida diária;;;;;;;5 ou mais pessoas;Ocasionalmente (1 - 10 vezes em todo o ano);Nunca;Nunca;Nunca;Nunca;Nunca;Nunca;Nunca;Ocasionalmente (menos de 1 vez por mês);Nunca;Só para experimentar (1-3 vezes na vida);Nunca;Nunca
3;3;3;2;4;1;1;1;1;1;1;1;1;1;1;1;2;4;4;3;2;2;2;4;2;4;2;2;4;2;2;4;3;4;2;1;2;3;1;2;4;4;2;4;2;2;1;2;3;3;2;2;3;2;4;4;1;1;2;1;2;2;1;2;2;2;4;1;4;2;1;4;2;1;1;1;1;2;1;1;2;2;2;2;1;1;1;1;2;4;1;2;2;1;2;1;4;2;2;2;2;2;4;4;4;4;3;2;4;4;4;4;3;4;1;1;2;1;1;1;2;1;1;1;4;2;1;2;1;2;1;4;2;3;1;3;2;3;4;2;1;2;2;1;1;1;1;1;2;2;1;1;1;2;1;2;2;1;1;1;1;2;2;1;1;1;2;1;1;1;1;1;1;1;1;1;1;2;3;2;1;1;1;1;1;3;4;2;2;4;4;2;1;4;1;2;4;4;2;3;2;3;2;2;2;4;3;3;4;3;4;4;1;1;1;1;1;1;2;2;2;1;1;2;2;4;4;2;4;2;4;3;3;2;1;3;1;1;4;3;2;2;2;2;2;2;4;4;4;2;1;1;1;1;1;1;1;1;1;2;2;1;1;4;2;4;1;2;1;1;1;1;1;4;2;3;4;3;1;1;1;1;4;4;1;1;1;2;1;1;1;2;1;2;4;1;1;4;4;2;2;1;1;2;4;2;1;4;2;3;1;4;1;1;1;1;3;1;4;1;2;4;3;4;1;4;2;1;1;1;1;1;1;1;1;3;1;2;1;1;1;1;1;1;1;1;1;1;1;1;1;1;3;2;1;1;2;2;2;4;2;4;4;2;2;1;3;2;2;2;3;3;2;4;3;4;2;4;4;4;4;3;4;4;2;2;3;2;3;1;1;1;4;4;2;2;4;1;1;1;4;2;2;2;2;2;4;4;4;4;1;1;1;1;1;1;1;1;1;1;1;1;1;1;1;1;1;1;1;1;1;1;1;1;1;1;;54;Portugal;Portugal;Toda a vida;Sim;Centro;Eiras e São Paulo de Frades (COIMBRA);Urbano;Branca;;;;;;;Cisgénero (identifica-se com o sexo atribuído à nascença);Feminino;2º Ciclo concluído (5º e 6º ano);Empregado/a;Médio-baixo;1 201 - 1 500 €;Viúvo/a;2;Sim, tenho 1 filho/a;Muito Importante;Não, nunca tive;0;Não;;;;;;.;Sim;Não tenho seguro de saúde;Não;Por vezes;;;;;;;;;;;;;;Não experienciei nenhuma destas situações;2-4 pessoas;Nunca;Nunca;Prefiro não responder;Nunca;Nunca;Nunca;Nunca;Ocasionalmente (1 - 10 vezes em todo o ano);Nunca;Nunca;Nunca;Nunca;Prefiro não responder
1;1;1;1;1;1;1;1;1;1;1;1;1;2;1;2;2;2;2;2;3;1;1;2;2;1;1;1;3;1;2;2;3;1;1;1;2;1;1;2;1;2;1;1;1;1;1;1;1;1;1;1;1;1;1;1;2;1;1;2;1;1;1;1;1;1;1;1;1;3;2;2;2;1;1;1;1;1;1;1;1;1;1;1;1;1;1;2;1;1;1;2;3;1;3;1;1;1;1;1;1;2;1;1;1;1;1;2;1;1;1;1;2;1;1;1;1;3;3;2;2;2;1;1;1;1;1;1;1;1;1;1;1;1;1;1;2;1;1;1;2;2;2;1;1;1;1;1;1;1;1;1;1;2;2;2;2;1;1;1;1;1;1;1;1;1;1;1;1;1;1;1;1;1;1;1;1;3;3;2;1;1;1;3;2;2;1;1;2;2;1;1;1;1;1;1;2;2;1;3;3;2;2;1;1;2;2;1;2;2;2;2;1;1;1;1;4;1;1;2;2;1;1;2;1;2;2;1;2;1;1;1;1;1;1;1;1;1;1;1;1;1;1;1;2;1;1;2;2;2;1;1;1;1;1;1;1;1;1;2;1;1;1;1;1;2;2;1;1;1;1;1;1;1;1;2;2;1;1;1;1;1;1;1;1;1;1;1;1;1;1;1;1;1;1;1;0;1;1;1;1;1;1;1;1;1;1;2;1;2;1;2;1;1;2;1;1;1;1;1;2;2;2;3;2;1;2;1;1;1;3;1;1;1;1;1;1;3;1;1;1;1;1;1;1;1;4;1;1;1;1;1;1;1;1;1;1;1;2;2;1;2;1;1;1;1;1;3;1;4;2;2;1;1;1;1;1;1;1;1;1;2;1;1;1;1;1;1;1;1;1;1;1;1;1;1;1;1;1;1;3;3;2;3;3;3;3;2;3;2;1;2;1;1;1;1;1;1;1;1;1;1;3;1;1;2;1;1;1;1;1;1;1;1;1;1;1;65;Portugal;Portugal;Toda a vida;Sim;Norte;Travanca (AMARANTE);Rural;Branca;;;;;;;Cisgénero (identifica-se com o sexo atribuído à nascença);Masculino;Ensino pós-secundário não superior (cursos técnico-profissionais, cursos de especialização, formação técnica);Incapacidade prolongada/Fundo de saúde;Médio;Mais de 6 000 €;Separado/a ou Divorciado/a;1, sou só eu;Sim, tenho 3 filhos/as;Pouco Importante;Não, nunca tive;0;Não;;;;;;Nenhuma;Sim;Não tenho seguro de saúde;Não;Não, nunca ou raramente.;;;;;;;;;;;;;;Não experienciei nenhuma destas situações;Nenhuma;Uso semanal (pelo menos 1 vez por semana);Nunca;Uso semanal (pelo menos 1 vez por semana);Nunca;Nunca;Nunca;Nunca;Nunca;Uso semanal (pelo menos 1 vez por semana);Nunca;Uso quase diário ou diário;Nunca;Nunca
1;1;1;1;1;1;1;1;1;1;1;1;1;1;1;1;1;1;1;1;1;1;1;1;1;1;1;1;1;1;1;1;1;1;1;1;2;1;1;1;2;3;1;2;1;1;1;1;1;1;1;1;1;2;2;1;1;1;1;1;1;1;1;1;1;2;1;1;3;1;1;3;1;1;1;1;1;1;1;1;1;1;1;1;1;1;1;1;1;1;1;2;1;1;1;1;1;1;1;1;1;1;1;1;1;1;1;1;1;1;1;1;2;1;1;1;1;1;1;1;1;1;1;1;1;1;1;1;1;1;1;2;2;1;1;1;2;2;1;2;1;2;1;2;1;1;1;1;2;1;1;1;1;1;1;1;1;1;1;1;1;2;1;1;1;1;1;1;1;1;1;1;1;1;1;1;1;2;1;3;1;1;1;3;1;2;1;1;2;1;1;1;1;1;1;1;1;3;2;3;4;3;1;1;1;1;1;1;1;1;1;2;1;1;1;1;1;1;1;1;1;1;1;1;1;1;1;1;2;1;1;1;1;2;3;2;1;1;1;1;1;1;1;1;1;1;1;2;1;1;1;1;1;1;1;1;1;1;1;1;1;1;1;1;1;1;1;1;1;1;1;1;1;1;1;1;2;1;2;2;2;2;1;1;1;1;1;1;1;1;1;1;1;1;1;1;1;2;1;1;1;1;1;1;1;1;1;2;1;1;1;2;1;1;1;1;1;1;3;1;1;3;3;3;1;1;3;2;1;1;1;1;1;2;1;1;1;1;1;1;1;1;1;1;1;2;1;1;1;1;1;1;1;1;1;1;1;1;1;2;1;2;1;1;1;1;1;1;1;1;1;1;1;1;1;1;1;1;1;1;1;1;1;1;1;1;1;1;1;1;1;1;1;1;1;1;1;1;1;1;3;4;3;3;3;1;2;2;1;1;1;1;1;1;1;1;1;1;1;1;1;1;1;1;1;1;1;1;1;1;1;1;1;1;1;1;;52;Portugal;Portugal;Toda a vida;Sim;Península de Setúbal;Corroios (SEIXAL);Urbano;Branca;;;;;;;Cisgénero (identifica-se com o sexo atribuído à nascença);Masculino;Ensino Superior concluído (Licenciatura/bacharelato, mestrado, doutoramento);Empregado/a;Médio;4001 - 6000 €;Casado/a ou em União de Facto;3;Sim, tenho 1 filho/a;Nada Importante;Não, nunca tive;0;Não;;;;;;;Sim;Tenho seguro de saúde, mas não cobre despesas relacionadas com saúde mental;Não;Não, nunca ou raramente.;;;;;;;;;;;;;;Não experienciei nenhuma destas situações;5 ou mais pessoas;Nunca;Nunca;Ocasionalmente (1 - 10 vezes em todo o ano);Nunca;Nunca;Nunca;Nunca;Nunca;Uso semanal (pelo menos 1 vez por semana);Nunca;Só para experimentar (1-3 vezes na vida);Nunca;Nunca
2;1;1;1;2;1;1;1;1;1;1;1;1;1;3;2;3;4;4;2;3;3;1;3;2;2;2;2;4;3;2;1;3;1;3;2;2;2;2;2;4;3;2;4;1;1;1;1;1;1;1;3;1;4;1;3;1;1;1;2;1;1;1;1;1;2;1;1;3;3;3;2;3;1;1;1;3;2;2;2;2;3;2;3;1;2;2;1;1;2;1;2;3;1;3;1;1;1;1;1;1;3;3;2;3;4;4;3;4;3;3;3;3;3;2;2;1;3;3;3;3;3;3;1;2;1;1;1;2;2;3;3;4;2;2;3;3;3;3;2;3;2;2;3;3;1;1;1;2;1;1;1;1;4;3;3;1;2;3;2;2;3;3;3;1;2;4;2;1;1;1;1;1;1;1;1;1;3;3;3;1;1;1;3;3;3;4;3;4;4;3;2;1;2;2;3;4;4;2;4;4;3;2;3;3;4;3;1;3;3;1;3;2;1;2;4;3;1;2;2;2;2;1;2;1;2;2;3;4;1;1;3;1;4;4;4;3;2;2;1;1;2;2;3;4;3;2;2;2;2;2;1;1;1;1;1;1;1;1;1;1;2;2;2;1;3;4;2;1;2;1;1;2;3;3;3;3;3;4;3;2;2;2;1;2;2;1;1;1;1;1;1;1;1;1;1;1;2;2;2;3;1;1;2;2;2;1;2;3;3;1;2;2;2;1;1;2;2;3;4;3;3;3;4;2;2;1;2;3;1;1;1;1;1;1;1;1;1;1;1;1;1;1;1;1;3;1;2;1;1;1;2;1;1;1;2;1;3;3;4;3;4;1;1;2;1;3;4;3;2;3;3;1;1;1;1;1;1;1;1;1;2;1;1;2;1;2;3;4;1;1;1;2;2;1;2;2;1;1;1;4;3;2;3;3;4;4;3;3;4;1;1;1;1;1;1;1;2;1;1;1;1;1;1;1;1;1;1;1;1;1;1;1;1;1;1;;52;Portugal;Portugal;Toda a vida;Sim;Grande Lisboa;Camarate, Unhos e Apelação (LOURES);Semiurbano;Branca;;;;;;;Cisgénero (identifica-se com o sexo atribuído à nascença);Masculino;Ensino Secundário concluído (10º, 11º, 12º ano);Empregado/a;Médio-alto;2 801 - 4 000 €;Casado/a ou em União de Facto;3;Sim, tenho 1 filho/a;Mais ou menos Importante;Não, nunca tive;0;Não;;;;;;;Sim;Tenho seguro de saúde que cobre despesas relacionadas com saúde mental;Não;Bastantes vezes;;;Insegurança laboral (salários em atraso, contratos precários ou temporários, sem proteção social em caso de despedimento, ou outros);;;;Conflitos familiares ou relacionais persistentes;;;;;;;;5 ou mais pessoas;Uso mensal (pelo menos 1 vez por mês);Nunca;Nunca;Nunca;Nunca;Nunca;Nunca;Nunca;Uso mensal (em média 1 vez por mês);Nunca;Nunca;Nunca;Nunca
2;3;1;2;1;1;1;1;1;1;1;1;1;1;1;1;3;4;2;3;2;1;2;1;2;2;4;4;4;1;2;2;2;2;2;3;3;3;3;2;2;3;2;2;2;2;1;2;1;1;1;2;2;2;2;1;1;1;1;1;1;1;1;1;1;2;2;1;2;3;2;2;2;1;1;1;1;2;1;2;2;3;3;2;2;3;2;3;1;2;2;1;3;1;2;1;1;1;1;1;1;2;3;3;2;2;3;3;2;3;3;1;2;3;2;2;3;3;2;3;3;1;3;1;1;2;1;1;2;2;2;2;1;1;1;3;3;3;3;3;3;3;3;3;4;1;1;1;2;1;1;1;1;3;3;2;1;2;1;1;1;2;1;1;1;1;1;1;2;1;1;2;1;1;2;1;1;3;3;2;1;1;1;2;3;2;2;3;3;3;1;2;1;2;2;3;3;3;2;3;3;3;3;3;3;4;3;2;3;2;2;3;2;1;1;3;4;1;2;2;2;2;1;2;2;2;2;3;3;1;3;2;2;1;1;1;1;1;2;2;2;2;2;2;3;2;2;2;2;2;2;1;1;1;1;1;1;1;3;2;2;2;1;2;1;2;2;1;1;1;1;1;1;3;2;1;3;3;2;1;1;1;2;2;2;2;1;1;1;1;1;1;1;1;1;1;1;1;1;1;1;1;1;1;1;1;1;3;4;2;3;3;1;1;1;1;2;2;3;3;2;3;3;3;3;3;3;2;2;1;1;1;1;2;1;1;3;3;4;1;2;1;1;1;1;1;1;2;1;1;1;3;2;1;1;1;2;3;3;3;3;4;3;2;3;3;2;2;2;2;2;2;1;1;2;1;3;1;1;1;2;3;4;3;1;2;2;1;2;1;1;1;1;2;2;1;1;1;1;1;3;2;2;3;3;3;4;3;4;3;3;3;3;2;2;2;3;2;1;1;2;3;3;2;2;1;1;2;2;1;2;2;2;2;1;1;;57;Portugal;Portugal;Toda a vida;Sim;Península de Setúbal;Laranjeiro e Feijó (ALMADA);Semiurbano;Branca;Negra;Asiática;Cigana;Hispânica/Latina;;;Cisgénero (identifica-se com o sexo atribuído à nascença);Feminino;Ensino Superior concluído (Licenciatura/bacharelato, mestrado, doutoramento);Empregado/a;Médio;1 801 - 2800 €;Solteiro/a;2;Sim, tenho 1 filho/a;Nada Importante;Não, nunca tive;0;Não;;;;;;;Sim, mas com algumas dificuldades;Tenho seguro de saúde, mas não cobre despesas relacionadas com saúde mental;Não;Por vezes;Dificuldades económicas recorrentes para pagar despesas essenciais (contas de luz, água, aquecimento, alimentação, etc);;;;;;;;;;;;;;2-4 pessoas;Uso diário ou quase diário;Ocasionalmente (1 - 10 vezes em todo o ano);Uso diário ou quase diário, várias vezes por dia;Nunca;Nunca;Nunca;Nunca;Ocasionalmente (1 - 10 vezes em todo o ano);Uso semanal (pelo menos 1 vez por semana);Uso semanal (pelo menos 1 vez por semana);Uso diário ou quase diário, várias vezes ao dia;Ocasionalmente (menos de 1 vez por mês);Ocasionalmente (menos de 1 vez por mês)
2;1;1;1;2;1;1;1;1;1;1;1;1;2;1;2;2;2;2;1;1;4;1;1;3;1;2;2;2;2;2;2;2;2;2;2;2;1;2;1;4;4;3;4;2;4;1;2;2;2;2;2;2;2;3;2;1;1;1;1;1;1;1;2;2;2;2;3;3;4;2;4;4;1;1;1;1;1;1;1;2;2;2;2;2;2;2;3;1;2;1;1;4;1;2;1;1;1;1;2;1;2;3;2;3;3;3;2;3;3;2;2;3;4;2;3;3;1;1;1;1;2;2;1;2;2;1;1;3;2;2;3;3;2;2;3;3;2;3;4;4;2;2;4;3;1;1;1;1;1;1;1;1;2;2;1;1;1;4;1;4;2;2;1;1;1;1;2;1;1;1;1;1;1;1;1;1;1;2;3;1;1;1;2;1;2;2;4;4;4;2;2;1;2;1;2;3;3;3;4;4;4;2;2;2;2;3;2;2;2;3;1;1;1;1;2;1;1;1;1;1;2;1;2;2;2;2;3;3;2;4;2;2;1;1;2;1;1;1;1;1;2;2;2;4;2;2;2;2;2;2;1;1;1;1;1;1;1;2;2;2;3;1;1;2;3;3;2;2;4;3;2;1;2;2;3;4;4;1;1;1;1;1;1;1;1;1;1;1;1;1;1;1;2;1;1;1;1;1;1;1;1;3;1;2;1;2;3;3;2;1;2;2;4;3;1;4;2;2;2;3;4;3;3;3;3;3;2;2;2;4;2;1;1;1;2;2;2;2;3;4;1;1;1;1;3;1;1;1;1;1;2;1;4;1;1;2;3;3;2;2;3;2;1;1;1;2;4;3;4;3;4;4;2;2;1;2;1;1;1;1;4;2;1;2;2;2;2;2;1;1;1;2;4;2;1;2;1;1;1;2;2;2;2;2;3;4;2;3;3;4;4;4;4;4;4;4;3;1;1;1;4;4;4;4;4;2;1;3;4;3;4;1;1;1;1;;46;Portugal;Portugal;Toda a vida;Sim;Centro;Leiria, Pousos, Barreira e Cortes (LEIRIA);Urbano;Branca;;;;;;;Cisgénero (identifica-se com o sexo atribuído à nascença);Feminino;Ensino Superior concluído (Licenciatura/bacharelato, mestrado, doutoramento);Empregado/a;Médio;1 801 - 2800 €;Solteiro/a;1, sou só eu;Não;Mais ou menos Importante;Não, nunca tive;0;Não;;;;;;;Sim;Tenho seguro de saúde, mas não cobre despesas relacionadas com saúde mental;Não;Bastantes vezes;;;;;;;Conflitos familiares ou relacionais persistentes;;Luto;Separação/divórcio;;;;;2-4 pessoas;Uso semanal (pelo menos 1 vez por semana);Uso diário ou quase diário;Uso diário ou quase diário, várias vezes por dia;Ocasionalmente (1 - 10 vezes em todo o ano);Nunca;Ocasionalmente (1 - 10 vezes em todo o ano);Nunca;Ocasionalmente (1 - 10 vezes em todo o ano);Uso semanal (pelo menos 1 vez por semana);Uso quase diário ou diário;Uso diário ou quase diário, várias vezes ao dia;Só para experimentar (1-3 vezes na vida);Só para experimentar (1-3 vezes na vida)
1;1;1;1;1;1;1;1;1;1;1;1;1;1;1;1;1;1;2;2;2;2;1;2;2;2;3;2;2;1;1;1;1;1;3;3;3;2;2;2;2;4;1;2;1;1;1;1;1;1;1;1;1;1;2;1;1;1;1;2;1;1;1;1;1;1;1;1;1;1;1;1;1;1;1;1;1;2;1;1;2;3;3;2;2;2;2;2;1;1;1;1;2;1;3;1;1;1;1;1;1;2;1;1;2;2;3;1;2;2;2;1;2;2;1;2;2;3;2;2;2;1;2;1;1;1;1;1;1;1;1;3;1;1;1;2;1;2;1;4;2;3;2;3;2;2;2;2;3;1;1;1;1;3;2;1;1;2;2;1;2;1;1;1;1;1;4;2;3;1;1;1;1;1;2;3;3;2;2;4;1;1;1;2;2;1;1;1;2;2;2;1;2;1;1;2;2;2;1;1;2;2;1;1;1;2;2;1;2;2;1;2;1;1;1;1;1;1;1;1;1;1;1;2;1;2;2;2;2;2;2;2;2;2;1;3;2;1;2;1;1;1;1;1;1;1;2;1;2;1;2;1;1;1;1;1;1;1;2;2;1;1;1;1;1;3;3;1;1;2;1;1;4;2;1;2;2;1;4;4;3;3;2;2;2;1;1;1;1;1;1;1;1;1;1;1;1;1;1;1;1;1;1;1;1;1;1;3;2;3;2;3;1;1;1;1;1;2;2;3;2;2;2;2;3;2;2;1;1;1;1;1;1;1;1;2;1;1;1;1;1;1;1;1;1;2;1;1;2;2;2;3;1;1;1;1;2;3;2;4;3;4;2;2;1;1;2;2;2;1;2;2;2;1;1;1;1;1;1;1;1;2;1;1;2;3;3;2;1;1;1;1;1;1;1;1;1;1;1;1;2;2;2;2;3;1;2;1;1;1;1;1;1;1;1;1;1;1;1;1;1;1;1;1;1;1;1;1;1;1;1;1;1;1;1;1;;46;Portugal;Portugal;Toda a vida;Sim;Grande Lisboa;Agualva e Mira-Sintra (SINTRA);Semiurbano;Branca;;;;;;;Cisgénero (identifica-se com o sexo atribuído à nascença);Masculino;Ensino Secundário concluído (10º, 11º, 12º ano);Empregado/a;Médio;1 801 - 2800 €;Casado/a ou em União de Facto;2;Sim, tenho 2 filhos/as;Nada Importante;Não, nunca tive;0;Não;;;;;;;Sim;Tenho seguro de saúde que cobre despesas relacionadas com saúde mental;Não;Não, nunca ou raramente.;;;;;;;;;;;;;;Não experienciei nenhuma destas situações;5 ou mais pessoas;Ocasionalmente (1 - 10 vezes em todo o ano);Nunca;Nunca;Nunca;Nunca;Nunca;Nunca;Nunca;Ocasionalmente (menos de 1 vez por mês);Nunca;Nunca;Nunca;Nunca
1;2;1;1;1;1;1;1;1;1;1;1;1;1;1;1;1;2;2;2;2;1;2;1;1;1;2;2;3;1;1;1;2;1;1;2;3;1;2;1;2;2;2;2;2;1;2;1;3;1;2;1;2;1;2;2;1;1;1;1;1;1;1;1;1;1;1;1;1;1;1;1;2;1;1;1;1;1;1;1;1;2;2;1;1;1;1;1;1;1;1;2;1;1;1;1;1;1;1;1;1;2;3;2;2;2;3;2;2;3;2;2;2;2;1;2;1;2;1;2;2;1;1;1;1;1;1;1;1;1;1;1;2;2;1;1;2;2;2;1;1;1;1;1;2;1;1;1;1;1;1;1;1;1;1;1;1;1;2;1;3;2;1;1;1;3;2;2;1;1;1;1;1;1;3;1;1;2;1;2;1;1;1;2;1;1;2;1;2;2;1;2;2;1;1;2;3;3;2;3;4;4;1;2;1;4;2;1;3;2;2;3;1;1;1;1;1;1;1;1;2;1;1;1;1;4;4;2;4;2;1;4;2;3;2;1;1;1;1;1;1;1;1;1;2;2;1;1;1;1;2;1;1;1;1;1;1;1;1;1;1;1;1;2;1;2;1;1;1;1;1;1;1;1;1;1;3;2;1;3;1;1;1;1;1;1;1;1;1;1;1;1;1;1;1;1;1;1;1;1;1;1;1;1;2;1;2;1;2;2;1;3;1;1;1;1;2;1;2;2;1;2;4;2;2;3;4;1;1;1;1;1;1;2;1;2;1;2;2;2;1;1;1;1;1;2;1;1;1;1;1;2;1;1;1;1;1;4;2;4;4;4;3;2;2;2;3;1;2;3;1;2;2;2;2;1;2;1;1;1;1;1;1;1;2;2;2;3;2;1;1;1;2;3;1;2;1;1;1;1;2;2;1;2;2;3;4;3;2;2;1;1;1;1;1;1;1;1;1;1;1;1;1;1;1;1;1;1;1;1;1;1;1;1;1;1;;49;Portugal;Portugal;Toda a vida;Sim;Península de Setúbal;Almada, Cova da Piedade, Pragal e Cacilhas (ALMADA);Urbano;Branca;;;;;;;Cisgénero (identifica-se com o sexo atribuído à nascença);Masculino;Ensino Secundário concluído (10º, 11º, 12º ano);Empregado/a;Médio-baixo;1 201 - 1 500 €;Casado/a ou em União de Facto;4;Sim, tenho 1 filho/a;Nada Importante;Não, nunca tive;0;Não;;;;;;;Não procurei ajuda porque não precisei;Tenho seguro de saúde, mas não cobre despesas relacionadas com saúde mental;Não;Não, nunca ou raramente.;;;;;;;;;Luto;;;;;;1 pessoa;Nunca;Nunca;Nunca;Nunca;Nunca;Nunca;Nunca;Nunca;Nunca;Nunca;Só para experimentar (1-3 vezes na vida);Nunca;Nunca
1;1;1;1;1;1;1;1;1;1;1;1;1;1;1;1;1;1;1;1;2;2;3;1;1;1;1;2;1;1;1;1;2;1;2;2;2;1;2;2;1;1;1;2;2;1;1;1;1;1;1;1;1;2;2;2;1;1;1;1;1;1;1;1;1;1;2;1;2;1;1;2;1;2;2;1;1;1;1;1;2;2;2;1;1;1;1;1;1;2;1;2;3;1;4;1;1;1;1;1;1;2;2;2;1;1;2;3;2;2;2;1;2;2;1;2;1;1;1;1;1;2;2;1;1;2;1;1;2;1;1;2;2;2;1;2;2;1;2;3;1;3;1;1;1;1;1;1;1;1;1;1;1;1;1;2;1;1;2;1;1;3;3;1;1;1;2;1;1;1;1;1;1;1;2;2;1;2;1;2;1;1;1;2;1;2;2;1;2;2;1;1;3;1;1;3;4;3;2;2;2;2;1;1;1;2;3;1;2;2;3;2;2;1;2;2;2;2;1;1;2;1;1;1;1;2;2;2;3;2;2;2;1;1;1;1;1;1;1;1;1;2;3;2;3;3;2;2;2;1;1;1;1;1;1;1;1;3;3;2;1;2;1;2;1;2;1;1;1;2;1;1;1;1;2;1;1;1;1;1;1;1;1;1;2;1;1;1;1;1;1;1;1;1;1;1;1;1;1;1;1;1;2;1;1;1;1;3;3;1;1;3;1;1;1;1;2;3;2;2;2;1;3;3;2;2;1;1;3;2;1;1;1;2;1;2;2;1;2;2;1;1;1;1;1;2;2;2;1;1;1;2;1;1;1;1;2;3;1;4;2;2;3;3;1;1;1;2;1;1;2;2;1;1;1;1;1;1;1;1;1;1;1;1;1;1;1;2;2;1;1;1;1;2;1;1;1;1;2;1;1;2;2;3;2;1;1;1;2;1;2;1;1;2;3;1;3;1;1;1;1;2;1;1;1;1;1;1;2;1;1;1;1;1;1;1;;72;Portugal;Portugal;A maior parte da minha vida;Sim;Norte;Vila Verde e Barbudo (VILA VERDE);Semiurbano;Branca;;;;;;;Cisgénero (identifica-se com o sexo atribuído à nascença);Masculino;Ensino Superior concluído (Licenciatura/bacharelato, mestrado, doutoramento);Reformado/a;Baixo;Até 1 050€;Solteiro/a;1, sou só eu;Sim, tenho 1 filho/a;Nada Importante;Não, nunca tive;0;Não;;;;;;;Não procurei ajuda porque não precisei;Não tenho seguro de saúde;Não;Não, nunca ou raramente.;Dificuldades económicas recorrentes para pagar despesas essenciais (contas de luz, água, aquecimento, alimentação, etc);Insegurança habitacional (atraso no pagamento de renda ou conta, risco de perda, sobrelotação, ou outros);;;;;;;;;;;;;2-4 pessoas;Uso diário ou quase diário;Uso mensal (pelo menos 1 vez por mês);Uso diário ou quase diário, várias vezes por dia;Ocasionalmente (1 - 10 vezes em todo o ano);Nunca;Nunca;Nunca;Nunca;Uso quase diário ou diário;Uso semanal (pelo menos 1 vez por semana);Uso diário ou quase diário, várias vezes ao dia;Ocasionalmente (menos de 1 vez por mês);Só para experimentar (1-3 vezes na vida)
1;1;1;1;1;1;1;1;1;1;1;1;1;1;1;1;1;2;2;1;1;1;1;1;1;1;1;1;1;1;1;1;1;1;1;1;1;1;2;2;1;2;2;1;1;3;2;1;1;2;1;1;1;1;1;2;1;1;1;1;1;1;1;1;1;1;1;1;3;3;1;2;2;1;1;1;1;1;1;1;2;2;2;1;1;1;1;1;1;1;1;1;1;2;1;1;1;1;1;1;1;1;1;1;1;1;2;1;1;1;2;1;2;2;1;1;1;2;2;1;3;2;2;1;2;2;1;1;1;1;1;2;2;1;1;2;2;1;1;2;2;2;2;1;2;1;1;1;1;1;1;1;1;1;1;1;1;1;1;1;1;1;1;1;1;2;1;1;1;1;1;1;1;1;1;1;1;2;2;3;1;1;1;3;3;2;1;1;1;1;1;2;1;1;1;2;2;3;1;2;3;2;1;1;1;2;2;1;2;3;3;2;1;1;1;1;2;1;1;1;3;1;1;1;1;2;2;1;3;1;1;1;1;1;1;1;1;1;2;1;1;2;1;2;1;1;2;2;2;1;2;1;1;1;1;1;1;1;1;2;1;1;2;1;1;2;1;1;1;1;1;1;1;2;1;2;2;2;2;1;2;2;1;1;1;1;1;1;1;1;1;1;1;1;1;1;1;1;1;1;1;1;1;1;1;1;1;2;1;1;1;2;1;1;1;1;2;1;3;3;2;1;2;3;1;1;1;2;2;1;1;1;1;1;1;1;1;1;1;1;1;1;1;1;1;1;1;1;1;1;1;3;1;2;1;1;1;1;1;1;2;2;1;1;1;1;1;3;1;1;1;1;1;1;1;2;1;1;1;1;1;2;2;1;1;1;1;1;1;1;1;1;1;2;1;1;1;1;1;1;2;3;3;2;2;1;1;2;1;2;1;1;1;1;1;1;1;1;1;1;1;1;1;1;1;1;1;1;1;1;1;1;1;1;1;1;;47;Portugal;Portugal;Toda a vida;Sim;Norte;Arcozelo (VILA NOVA DE GAIA);Semiurbano;Branca;;;;;;;Cisgénero (identifica-se com o sexo atribuído à nascença);Masculino;Ensino Superior concluído (Licenciatura/bacharelato, mestrado, doutoramento);Empregado/a;Médio-alto;4001 - 6000 €;Casado/a ou em União de Facto;2;Sim, tenho 1 filho/a;Mais ou menos Importante;Não, nunca tive;0;Não;;;;;;;Não procurei ajuda porque não precisei;Tenho seguro de saúde que cobre despesas relacionadas com saúde mental;Não;Não, nunca ou raramente.;;;;;;;;;;;;;;Não experienciei nenhuma destas situações;5 ou mais pessoas;Uso semanal (pelo menos 1 vez por semana);Nunca;Nunca;Nunca;Nunca;Nunca;Nunca;Nunca;Uso semanal (pelo menos 1 vez por semana);Nunca;Nunca;Nunca;Nunca
1;1;1;1;1;1;1;1;1;1;1;1;1;1;1;1;1;3;2;1;2;1;1;1;1;1;3;2;4;1;2;1;2;1;1;1;1;1;2;1;3;4;1;3;3;1;1;1;1;1;1;1;3;2;4;1;1;1;1;1;1;1;1;1;1;1;2;1;4;3;1;4;3;1;1;1;1;1;1;1;1;1;1;1;1;1;1;3;1;1;1;1;3;1;1;1;1;1;1;1;1;1;1;1;1;1;1;1;1;1;1;2;2;1;1;1;1;1;2;2;3;3;1;1;1;1;1;1;1;1;1;2;1;1;1;1;2;1;2;1;1;1;2;1;1;1;1;1;2;1;1;1;1;2;2;1;1;2;1;1;1;2;2;1;1;1;3;2;1;1;1;1;1;1;1;1;1;3;1;2;1;1;1;3;2;3;1;1;1;2;1;2;1;2;1;1;2;4;1;4;4;2;1;1;1;1;3;1;1;1;1;1;3;1;1;2;2;1;1;1;1;1;1;2;1;1;2;1;3;1;2;1;1;1;1;4;1;1;1;1;2;1;2;2;1;2;2;1;2;1;1;1;1;1;1;1;1;1;1;1;1;1;2;1;1;1;1;1;1;1;1;1;1;1;1;2;3;2;3;2;1;1;1;2;2;1;1;1;1;1;1;1;1;1;1;1;1;1;1;1;1;1;1;1;1;1;1;1;1;1;1;2;1;1;1;2;1;1;4;3;2;4;4;4;1;4;4;1;1;1;2;1;1;1;1;1;1;1;1;1;1;1;1;1;2;3;2;1;1;1;1;2;1;1;1;1;1;1;1;2;2;4;1;1;1;1;1;2;1;1;2;2;1;1;1;1;1;1;1;1;1;1;1;1;1;1;1;1;1;1;1;1;1;4;1;1;1;1;1;1;4;3;3;3;3;1;3;1;1;2;1;1;1;1;1;1;1;1;1;1;1;1;1;1;1;1;1;1;1;1;1;1;1;1;1;1;;55;Portugal;Portugal;Toda a vida;Sim;Península de Setúbal;Quinta do Anjo (PALMELA);Urbano;Branca;;;;;;;Cisgénero (identifica-se com o sexo atribuído à nascença);Feminino;Ensino Superior concluído (Licenciatura/bacharelato, mestrado, doutoramento);Empregado/a;Médio-alto;2 801 - 4 000 €;Casado/a ou em União de Facto;4;Sim, tenho 2 filhos/as;Nada Importante;Não, nunca tive;0;Não;;;;;;;Não procurei ajuda porque não precisei;Não tenho seguro de saúde;Não;Não, nunca ou raramente.;;;;;;;;;;;;;;Não experienciei nenhuma destas situações;2-4 pessoas;Nunca;Nunca;Nunca;Nunca;Nunca;Nunca;Nunca;Nunca;Nunca;Nunca;Nunca;Nunca;Nunca
2;1;2;1;2;1;1;1;1;1;1;1;1;1;1;1;2;2;1;2;1;2;2;1;1;1;2;2;3;1;3;1;1;1;1;1;1;2;2;2;1;1;2;2;1;2;1;1;2;1;1;1;1;2;2;2;1;1;1;1;1;1;1;1;1;1;1;1;2;1;1;1;2;2;2;2;1;1;1;1;2;2;2;1;1;1;1;1;1;1;1;1;3;1;4;1;1;1;1;1;1;1;1;1;1;2;2;1;1;1;2;1;2;2;1;2;1;1;1;2;1;1;1;1;1;1;1;1;2;1;1;2;2;2;2;2;2;2;2;2;1;1;1;1;1;1;1;1;1;1;1;1;1;2;1;2;2;1;2;1;1;1;1;1;2;1;3;1;1;1;1;1;1;1;1;1;1;2;2;3;1;1;1;3;2;2;1;2;2;2;1;1;1;2;1;2;2;2;2;2;3;3;1;1;2;1;1;1;2;1;2;2;2;2;2;2;2;2;1;1;1;1;1;1;1;1;1;1;1;1;1;1;1;2;1;3;1;1;1;1;1;2;2;2;3;2;1;2;1;1;2;1;1;1;1;1;1;1;1;1;2;1;1;1;1;1;1;1;1;1;1;1;1;2;1;1;2;2;2;1;2;3;2;2;1;1;1;1;1;1;1;1;1;1;1;1;1;1;1;1;1;1;2;2;2;2;1;2;2;1;2;2;1;1;1;1;2;1;3;3;2;3;3;3;2;3;3;1;1;1;1;1;1;1;1;1;1;1;2;1;1;1;1;1;2;2;2;2;2;2;2;1;1;1;2;1;1;1;1;1;1;1;3;1;2;1;2;2;1;2;1;3;2;2;1;1;2;1;1;1;1;3;1;1;3;1;1;1;1;1;1;1;1;1;1;1;1;1;1;1;3;4;4;3;3;1;1;2;1;1;1;1;1;1;1;1;1;1;1;1;1;1;1;1;1;1;1;1;1;1;1;1;1;1;1;1;;50;Portugal;Portugal;Toda a vida;Sim;Algarve;Armação de Pêra (SILVES);Urbano;Branca;;;;;;;Cisgénero (identifica-se com o sexo atribuído à nascença);Feminino;Ensino Superior concluído (Licenciatura/bacharelato, mestrado, doutoramento);Empregado/a;Médio-baixo;1 801 - 2800 €;Casado/a ou em União de Facto;2;Não;Mais ou menos Importante;Não, nunca tive;0;Não;;;;;;;Sim;Não tenho seguro de saúde;Não;Não, nunca ou raramente.;;;;;;;;;;;;;;Não experienciei nenhuma destas situações;5 ou mais pessoas;Ocasionalmente (1 - 10 vezes em todo o ano);Nunca;Nunca;Nunca;Nunca;Nunca;Nunca;Nunca;Ocasionalmente (menos de 1 vez por mês);Nunca;Nunca;Nunca;Nunca
1;1;1;1;1;1;1;1;1;1;1;1;1;1;1;1;3;3;3;1;3;2;1;1;1;2;3;2;1;1;2;1;2;1;2;1;1;2;1;1;2;4;1;2;1;1;1;2;1;1;1;2;1;2;3;1;1;1;1;2;1;1;1;1;1;2;1;1;3;1;2;3;2;1;1;3;2;1;1;1;2;1;1;1;1;1;1;1;1;1;1;1;3;1;3;1;1;1;1;1;1;3;3;3;1;1;1;2;2;3;3;3;4;3;1;2;2;1;1;1;1;2;1;1;1;2;1;1;1;1;1;2;2;1;1;2;2;2;3;2;1;1;1;1;2;1;1;1;1;1;1;1;1;1;1;1;1;1;2;1;1;2;1;1;1;1;1;1;1;1;1;1;1;1;1;1;1;1;1;2;1;1;1;2;1;1;3;1;2;1;1;1;1;1;1;2;2;1;1;2;3;2;1;1;1;1;2;1;2;2;2;1;4;3;3;4;4;1;1;1;1;1;1;1;1;1;1;2;3;1;1;1;1;3;3;4;3;1;1;1;1;2;2;1;2;3;2;2;1;2;2;1;1;1;1;1;1;1;1;1;2;1;1;1;1;1;1;1;1;1;1;2;1;2;1;2;2;2;3;1;1;1;1;1;1;1;1;1;1;1;1;1;1;1;1;1;1;1;1;1;1;1;2;1;1;1;1;4;2;1;1;1;1;1;1;1;3;2;2;2;2;1;3;3;1;4;1;1;1;1;1;1;1;1;1;1;3;1;4;1;1;1;1;1;2;4;2;4;1;1;1;1;1;1;1;2;1;2;2;2;2;2;3;2;1;3;1;2;3;1;1;2;1;1;1;1;1;1;1;1;1;2;1;1;1;2;2;2;2;1;1;1;2;2;1;1;1;1;1;1;1;2;2;2;2;1;1;2;1;1;1;1;1;1;1;1;1;1;1;1;1;1;1;1;1;1;1;1;1;1;1;1;1;1;1;1;;47;Portugal;Portugal;Toda a vida;Sim;Grande Lisboa;Barcarena (OEIRAS);Urbano;Branca;;;;;;;Cisgénero (identifica-se com o sexo atribuído à nascença);Masculino;Ensino Superior concluído (Licenciatura/bacharelato, mestrado, doutoramento);Empregado/a;Médio;1 801 - 2800 €;Solteiro/a;1, sou só eu;Não;Muito Importante;Não, nunca tive;0;Não;;;;;;;Não, apesar de ter tentado;Tenho seguro de saúde, mas não cobre despesas relacionadas com saúde mental;Não;Não, nunca ou raramente.;;;;;;;;;;;;;;Não experienciei nenhuma destas situações;2-4 pessoas;Nunca;Nunca;Nunca;Nunca;Nunca;Nunca;Nunca;Nunca;Ocasionalmente (menos de 1 vez por mês);Só para experimentar (1-3 vezes na vida);Ocasionalmente (menos de 1 vez por mês);Nunca;Nunca
2;2;2;1;1;1;1;1;1;1;1;1;1;2;1;2;1;1;1;3;3;2;2;3;3;1;2;1;1;2;2;2;2;2;1;2;1;1;1;2;2;2;2;2;2;3;1;2;2;1;1;1;2;2;2;2;3;1;3;2;2;2;1;2;2;2;2;1;3;3;1;3;1;1;2;2;2;1;3;1;1;1;1;1;1;2;2;2;3;2;2;2;2;1;2;2;1;2;1;1;2;2;2;2;1;2;2;2;2;2;2;2;2;3;1;2;1;3;2;3;2;2;2;1;2;2;1;1;1;2;2;1;1;1;2;1;1;2;2;2;2;3;1;1;1;1;1;1;2;1;1;1;1;2;2;1;2;2;1;3;2;3;2;1;2;2;2;1;1;1;1;1;1;1;1;1;1;2;3;2;1;1;1;2;3;2;2;2;2;2;2;1;2;1;1;2;3;3;2;3;3;3;2;2;1;2;2;2;2;2;2;2;1;1;1;2;2;2;2;1;2;2;2;2;1;3;2;3;3;2;2;2;2;2;2;2;2;1;2;2;3;2;2;2;2;1;2;1;1;2;1;1;1;1;1;1;1;1;3;2;2;2;1;3;1;1;1;1;1;1;1;1;1;1;2;2;3;3;1;3;2;1;1;1;1;1;1;1;1;2;1;1;1;1;3;1;1;3;1;1;3;2;2;2;2;2;3;2;2;3;2;2;1;2;2;1;1;2;3;2;2;2;3;3;2;2;2;2;2;1;2;1;1;1;1;2;1;1;2;2;1;1;1;1;1;2;2;1;1;1;1;1;1;1;1;1;1;2;2;2;2;2;2;1;2;2;2;4;2;3;3;3;2;1;2;4;2;2;1;2;2;2;1;1;2;2;2;1;2;1;1;1;2;2;2;1;2;1;1;1;3;2;2;3;2;2;2;3;2;2;1;1;1;1;1;1;1;1;1;1;1;1;1;1;1;1;1;1;1;1;1;1;1;1;1;1;;60;Angola;Portugal;A maior parte da minha vida;Sim;Norte;Custóias (MATOSINHOS);Semiurbano;Branca;;;;;;;Cisgénero (identifica-se com o sexo atribuído à nascença);Feminino;Ensino pós-secundário não superior (cursos técnico-profissionais, cursos de especialização, formação técnica);Empregado/a;Baixo;Até 1 050€;Separado/a ou Divorciado/a;3;Sim, tenho 1 filho/a;Muito Importante;Não, nunca tive;0;Não;;;;;;;Sim;Não tenho seguro de saúde;Não;Bastantes vezes;Dificuldades económicas recorrentes para pagar despesas essenciais (contas de luz, água, aquecimento, alimentação, etc);Insegurança habitacional (atraso no pagamento de renda ou conta, risco de perda, sobrelotação, ou outros);Insegurança laboral (salários em atraso, contratos precários ou temporários, sem proteção social em caso de despedimento, ou outros);Insegurança física (nos trajetos do dia-a-dia e locais que costuma frequentar);;Sobrecarga de cuidados a crianças, idosos ou pessoas dependentes;Conflitos familiares ou relacionais persistentes;Deficiência física, doença crónica ou problema de saúde grave (do próprio ou de pessoa próxima) com impacto na vida diária;Luto;;;;;;1 pessoa;Ocasionalmente (1 - 10 vezes em todo o ano);Nunca;Nunca;Nunca;Nunca;Nunca;Nunca;Nunca;Ocasionalmente (menos de 1 vez por mês);Só para experimentar (1-3 vezes na vida);Só para experimentar (1-3 vezes na vida);Nunca;Nunca
1;1;1;1;1;1;1;1;1;1;1;1;1;1;1;1;1;2;2;2;1;1;2;1;1;1;2;1;2;2;2;1;2;1;1;1;2;1;1;1;2;3;1;2;2;1;2;1;1;1;1;1;1;2;1;1;1;1;1;1;1;1;1;1;1;1;2;1;2;2;2;3;1;1;2;1;1;1;1;1;2;2;2;1;1;1;1;2;1;1;1;1;2;1;2;1;1;1;1;1;1;1;1;1;1;2;1;1;1;1;2;1;1;1;1;2;1;2;2;1;1;2;1;1;1;1;1;1;1;1;1;1;1;1;1;2;1;1;2;1;1;3;1;1;1;1;2;1;2;2;1;1;1;2;2;1;2;1;2;1;1;1;1;1;1;2;1;1;2;1;1;1;1;1;1;1;1;2;2;2;1;1;1;3;2;3;1;2;2;2;1;1;1;1;1;1;1;2;1;1;2;2;2;1;1;2;2;1;1;1;1;1;1;1;1;1;1;1;1;1;1;1;1;2;2;2;1;1;2;1;1;1;1;3;2;3;2;2;1;1;2;1;1;2;2;1;2;2;2;2;2;1;1;1;1;1;1;1;1;1;2;1;1;1;1;1;1;1;1;2;1;1;2;1;1;2;1;2;1;2;2;2;1;1;1;1;1;1;1;1;1;1;1;1;1;1;1;1;1;1;1;1;1;1;1;1;1;2;1;1;1;1;1;1;1;1;1;1;3;2;2;2;2;2;2;2;1;2;1;1;2;1;1;2;1;2;2;1;1;2;1;1;1;1;1;2;1;1;1;1;1;2;1;2;1;1;2;2;1;2;1;2;2;1;1;2;1;2;1;2;1;3;1;1;1;1;1;1;1;1;1;1;1;1;1;1;1;1;2;1;1;1;2;2;2;1;1;1;1;1;3;3;3;3;3;1;1;1;1;1;1;1;1;1;1;1;1;1;1;1;1;1;1;1;1;1;1;1;1;1;1;1;1;1;1;1;;45;Portugal;Portugal;Toda a vida;Sim;Norte;Vila do Conde (VILA DO CONDE);Urbano;Branca;;;;;;;Cisgénero (identifica-se com o sexo atribuído à nascença);Masculino;Ensino Superior concluído (Licenciatura/bacharelato, mestrado, doutoramento);Pausa na carreira;Médio;2 801 - 4 000 €;Solteiro/a;2;Não;Mais ou menos Importante;Não, nunca tive;0;Não;;;;;;;Sim;Não tenho seguro de saúde;Não;Não, nunca ou raramente.;;;;;Desemprego;;;;;;;;;;5 ou mais pessoas;Uso mensal (pelo menos 1 vez por mês);Nunca;Nunca;Nunca;Nunca;Nunca;Nunca;Nunca;Uso mensal (em média 1 vez por mês);Só para experimentar (1-3 vezes na vida);Só para experimentar (1-3 vezes na vida);Nunca;Nunca
2;1;2;1;2;1;1;1;1;1;1;1;1;1;1;1;1;3;3;2;2;2;2;1;2;3;3;2;2;3;3;1;3;1;2;2;3;2;2;2;1;3;2;2;1;1;1;1;2;2;1;1;2;3;2;3;1;1;1;1;1;1;1;2;1;3;1;1;3;3;2;2;3;1;1;1;1;1;1;1;3;3;2;2;1;2;2;2;2;1;1;2;3;1;1;1;1;1;1;1;1;1;2;3;1;2;2;4;2;3;2;3;1;1;1;2;2;2;2;3;2;4;2;1;2;2;1;2;2;2;4;2;3;2;2;2;2;2;3;2;4;2;2;4;3;1;1;1;2;2;1;1;1;2;1;1;2;1;1;1;1;2;2;1;4;2;4;3;2;2;1;2;2;1;1;1;1;2;3;3;1;1;1;3;2;2;1;1;3;1;1;1;2;2;2;1;3;3;2;3;3;3;1;1;1;2;1;1;2;2;2;2;1;1;1;1;1;1;1;2;4;1;3;3;2;2;2;1;2;1;1;2;1;4;4;3;3;3;1;1;1;3;2;3;3;3;2;4;2;3;2;1;1;1;1;1;1;1;3;2;2;1;3;1;1;2;2;1;1;1;1;1;1;3;2;3;3;2;2;3;2;2;2;2;1;3;1;1;1;1;1;1;1;1;1;1;1;3;1;1;2;1;1;3;1;2;2;2;1;2;3;2;2;1;2;1;2;2;4;4;2;2;2;1;1;2;2;3;3;2;3;1;1;1;1;1;1;1;1;2;1;1;1;1;1;2;2;2;1;1;1;2;1;2;1;1;1;2;1;2;2;4;2;2;2;2;2;3;2;3;2;2;1;1;2;4;1;1;3;2;1;1;1;2;2;2;2;1;3;1;2;1;2;1;1;2;2;1;1;1;3;3;2;3;2;1;3;2;1;1;1;2;1;1;2;1;2;2;1;1;1;1;1;1;1;1;1;1;1;1;1;1;1;1;1;1;;48;Polónia;Portugal;Toda a vida;Sim;Grande Lisboa;Arroios (LISBOA);Urbano;Branca;;;;;;;Cisgénero (identifica-se com o sexo atribuído à nascença);Masculino;Ensino Secundário concluído (10º, 11º, 12º ano);Empregado/a;Médio;4001 - 6000 €;Casado/a ou em União de Facto;2;Não;Pouco Importante;Não, nunca tive;0;Não;;;;;;;Sim, mas com algumas dificuldades;Não tenho seguro de saúde;Não;Não, nunca ou raramente.;;;;;;;Conflitos familiares ou relacionais persistentes;;;;Migração ou mudança de residência forçada;;;;5 ou mais pessoas;Nunca;Nunca;Nunca;Nunca;Nunca;Nunca;Nunca;Ocasionalmente (1 - 10 vezes em todo o ano);Uso semanal (pelo menos 1 vez por semana);Nunca;Nunca;Nunca;Só para experimentar (1-3 vezes na vida)
1;1;1;1;2;1;1;1;1;1;1;1;1;2;2;2;2;2;1;1;1;1;2;1;2;2;2;2;2;1;1;1;2;1;2;3;2;1;2;2;3;2;1;3;3;1;1;1;1;1;1;2;2;3;2;2;1;1;1;1;1;1;1;2;1;3;2;1;2;3;2;3;2;1;1;1;1;2;1;1;2;3;2;2;2;1;1;2;2;2;2;2;3;2;3;1;1;3;1;1;1;2;1;2;1;2;2;1;1;1;2;1;2;3;1;2;2;3;3;3;2;2;2;1;2;2;1;2;3;2;2;2;2;1;1;2;3;2;2;2;3;2;1;3;2;1;1;1;1;1;1;1;1;2;2;3;1;1;1;2;1;2;2;1;2;2;3;2;3;2;3;2;2;2;1;2;2;2;2;3;1;1;1;2;2;2;1;2;2;2;2;2;1;2;2;3;3;2;1;2;2;3;1;3;1;2;3;2;3;2;3;3;1;1;1;1;1;1;2;2;2;2;2;1;2;2;2;2;2;2;1;2;2;1;2;3;2;1;2;2;1;2;2;2;2;2;2;2;2;3;2;1;1;1;1;1;1;1;3;2;2;2;3;2;1;2;1;1;1;2;2;2;1;2;2;2;2;2;1;3;2;2;2;2;1;2;1;1;1;1;1;1;2;1;1;1;1;1;1;2;1;1;2;2;2;3;3;2;2;2;1;2;1;1;1;1;3;3;2;3;2;3;3;2;2;2;2;2;3;2;2;1;1;2;1;1;1;1;1;1;1;1;1;1;1;3;1;1;1;1;1;2;1;1;1;2;1;2;2;2;2;2;2;3;1;2;3;2;1;3;2;2;1;1;1;2;1;1;1;1;1;2;1;1;2;2;2;2;1;1;1;1;1;2;2;1;1;1;1;1;2;2;3;3;3;2;3;2;2;2;1;2;2;1;1;1;2;1;1;1;2;2;1;1;2;1;1;1;1;1;1;1;2;2;1;1;;48;Portugal;Portugal;Toda a vida;Sim;Grande Lisboa;Águas Livres (AMADORA);Urbano;Branca;Negra;;Cigana;;;;Cisgénero (identifica-se com o sexo atribuído à nascença);Masculino;Ensino Superior concluído (Licenciatura/bacharelato, mestrado, doutoramento);Empregado/a;Médio;2 801 - 4 000 €;Casado/a ou em União de Facto;2;Sim, tenho 1 filho/a;Pouco Importante;Não, nunca tive;0;Não;;;;;;;Não procurei ajuda porque não precisei;Tenho seguro de saúde que cobre despesas relacionadas com saúde mental;Não;Não, nunca ou raramente.;Dificuldades económicas recorrentes para pagar despesas essenciais (contas de luz, água, aquecimento, alimentação, etc);;;;;;;;;;;;;;2-4 pessoas;Uso diário ou quase diário;Nunca;Uso diário ou quase diário, várias vezes por dia;Nunca;Nunca;Nunca;Nunca;Nunca;Uso quase diário ou diário;Nunca;Uso diário ou quase diário, várias vezes ao dia;Nunca;Nunca
1;1;1;1;1;1;1;1;1;1;1;1;1;3;2;1;1;1;1;2;3;2;2;1;2;2;3;3;1;1;3;1;2;1;2;2;2;2;2;2;3;3;2;2;1;3;1;1;1;1;1;1;1;3;2;1;1;1;1;1;1;1;1;2;1;2;1;1;3;2;1;2;1;1;1;1;1;2;1;1;2;3;3;2;1;2;2;2;1;2;2;2;4;2;2;1;1;1;1;1;1;4;3;2;1;2;3;2;2;3;3;1;2;2;1;2;2;3;3;3;3;3;3;1;1;1;2;2;1;1;1;3;2;1;2;3;2;3;3;2;2;3;2;2;2;1;1;1;1;1;1;1;1;2;2;1;1;1;2;1;3;1;2;2;4;3;3;2;1;1;1;1;1;1;2;1;1;3;2;2;1;1;1;2;2;3;1;1;3;1;2;1;1;1;1;2;3;3;1;4;3;3;2;3;1;2;3;2;1;1;3;2;1;2;2;1;1;2;2;1;1;1;1;1;1;4;2;1;3;2;2;1;1;3;1;3;3;1;1;1;1;2;2;2;3;3;2;2;2;2;2;1;1;1;1;1;1;2;1;2;1;2;1;1;1;1;1;1;3;3;1;3;2;2;3;3;3;3;4;4;4;4;1;1;2;1;1;1;1;1;1;1;1;1;1;1;1;1;1;1;1;1;1;1;1;1;1;4;3;2;3;3;4;2;3;2;2;2;3;3;3;3;3;4;2;3;3;2;2;1;1;2;2;3;2;2;3;2;3;3;1;1;1;1;3;2;4;2;1;1;1;1;1;1;1;1;2;4;3;4;3;4;2;1;2;2;2;2;2;2;2;2;1;1;3;2;4;1;3;3;1;4;1;2;2;2;2;2;2;1;2;1;1;1;1;1;1;1;1;1;3;2;2;3;3;2;2;2;2;2;1;3;1;1;2;1;2;1;1;1;1;2;1;1;1;1;1;1;1;1;1;1;1;2;1;1;;50;Portugal;Brasil;A maior parte da minha vida;Sim;Não aplicável;Não Aplicável;Urbano;Branca;;;;;;;Cisgénero (identifica-se com o sexo atribuído à nascença);Masculino;Ensino pós-secundário não superior (cursos técnico-profissionais, cursos de especialização, formação técnica);Outro/Prefiro não responder;Médio-baixo;1 051 - 1 201 €;Casado/a ou em União de Facto;2;Não;Nada Importante;Não, nunca tive;0;Não;;;;;;;Sim, mas com algumas dificuldades;Não tenho seguro de saúde;Não;Por vezes;Dificuldades económicas recorrentes para pagar despesas essenciais (contas de luz, água, aquecimento, alimentação, etc);Insegurança habitacional (atraso no pagamento de renda ou conta, risco de perda, sobrelotação, ou outros);Insegurança laboral (salários em atraso, contratos precários ou temporários, sem proteção social em caso de despedimento, ou outros);;Desemprego;;Conflitos familiares ou relacionais persistentes;;;;;;;;2-4 pessoas;Nunca;Ocasionalmente (1 - 10 vezes em todo o ano);Uso diário ou quase diário, várias vezes por dia;Nunca;Nunca;Nunca;Nunca;Nunca;Só para experimentar (1-3 vezes na vida);Nunca;Uso diário ou quase diário, várias vezes ao dia;Nunca;Nunca
1;1;1;1;1;2;1;1;1;1;1;1;1;1;1;1;2;2;2;1;1;2;1;1;2;1;2;2;2;1;4;1;2;1;1;1;1;1;1;1;1;2;2;2;1;2;1;1;1;1;1;1;2;2;2;2;1;1;1;1;1;1;1;1;1;2;2;1;2;2;1;2;3;1;1;1;1;1;1;1;1;2;1;1;1;1;1;1;1;1;1;1;1;1;2;1;1;1;1;1;1;2;1;1;1;2;2;2;1;1;2;1;1;1;1;1;1;1;2;2;1;1;1;2;2;1;2;1;1;2;2;2;2;1;1;2;2;2;1;1;2;2;1;2;1;1;1;2;1;2;1;1;1;1;2;1;1;1;3;2;2;2;2;1;2;3;3;1;2;2;1;1;1;1;1;1;1;1;3;2;1;1;1;3;2;3;2;1;2;1;1;1;1;1;1;1;2;3;1;2;2;2;1;1;1;2;1;1;1;1;1;2;1;1;1;1;1;1;1;1;2;2;1;2;2;2;1;1;2;1;1;2;1;3;2;1;1;1;1;1;2;1;1;1;2;1;1;2;2;1;1;1;1;1;1;1;1;2;1;2;1;1;2;2;1;2;1;1;1;1;2;1;1;1;1;2;1;2;2;2;2;2;1;1;1;1;1;1;1;1;1;1;1;1;1;1;1;1;1;1;1;1;1;1;1;1;1;2;1;1;1;1;1;1;1;1;2;1;2;3;1;2;1;2;2;2;1;2;2;2;2;1;2;1;1;1;1;1;1;1;2;1;1;1;2;2;2;2;1;1;1;2;1;2;1;1;1;1;1;1;1;2;2;2;1;1;2;2;2;2;2;2;1;1;1;1;1;1;1;1;2;1;1;1;1;1;2;1;2;1;1;1;1;1;1;2;1;1;1;1;3;3;3;4;3;1;2;1;2;2;1;2;1;1;2;1;2;3;1;1;1;2;1;1;1;1;1;1;1;1;1;1;1;2;1;1;;24;Portugal;Portugal;Toda a vida;Sim;Centro;Viseu (VISEU);Semiurbano;Branca;;;;;;;Cisgénero (identifica-se com o sexo atribuído à nascença);Masculino;Ensino Superior concluído (Licenciatura/bacharelato, mestrado, doutoramento);Empregado/a;Médio-baixo;2 801 - 4 000 €;Solteiro/a;4;Não;Nada Importante;Não, nunca tive;0;Não;;;;;;;Sim, mas com algumas dificuldades;Tenho seguro de saúde, mas não cobre despesas relacionadas com saúde mental;Não;Por vezes;;;;;;;Conflitos familiares ou relacionais persistentes;;;;;;;;5 ou mais pessoas;Ocasionalmente (1 - 10 vezes em todo o ano);Uso diário ou quase diário;Uso mensal (pelo menos 1 vez por mês);Nunca;Nunca;Nunca;Nunca;Nunca;Uso mensal (em média 1 vez por mês);Uso quase diário ou diário;Uso mensal (em média 1 vez por mês);Nunca;Nunca
2;1;1;1;1;1;1;1;1;1;1;1;1;1;1;2;1;2;1;2;2;2;2;1;2;1;2;2;2;1;1;1;1;1;1;1;2;1;1;1;1;1;2;1;1;1;2;1;2;2;1;1;1;2;1;1;1;1;1;1;1;1;1;1;1;1;1;1;3;3;1;4;1;1;1;1;1;1;1;1;1;1;1;2;1;1;2;1;1;2;1;1;2;1;1;1;1;1;1;1;1;1;1;1;1;2;2;2;1;1;2;1;1;2;1;2;1;1;1;1;1;1;1;1;1;1;1;1;1;1;1;1;1;1;1;1;1;1;1;1;1;1;1;1;1;1;1;1;1;1;1;1;1;1;1;1;1;1;2;1;1;2;2;1;1;1;1;1;1;1;1;1;1;1;1;1;1;1;2;3;1;1;1;3;3;3;1;1;3;2;1;1;1;1;1;2;2;3;1;3;3;2;1;2;1;2;1;2;2;2;2;3;1;1;1;2;2;1;1;1;1;2;1;3;1;1;2;1;1;1;2;1;1;2;1;1;1;1;2;1;1;1;1;1;1;2;1;1;2;1;1;1;1;1;1;1;1;1;1;1;3;1;1;1;1;1;1;1;1;1;1;1;1;1;1;2;2;2;1;1;1;1;1;1;1;1;1;1;1;1;1;1;1;1;1;1;1;1;1;1;1;1;1;1;1;2;2;2;2;2;1;2;1;1;1;1;1;1;2;2;1;2;2;3;1;2;2;1;1;1;1;1;1;1;1;2;1;2;2;1;1;1;1;1;1;1;1;1;1;1;1;1;1;1;1;1;1;2;1;2;2;1;1;1;1;1;1;2;2;2;2;2;1;1;1;1;1;1;1;1;1;1;1;1;2;1;1;1;1;1;1;1;1;2;1;1;1;1;1;1;2;3;3;3;3;1;2;1;1;2;1;1;1;1;1;1;1;1;1;1;1;1;1;1;1;1;1;1;1;1;1;1;1;1;1;1;;72;Portugal;Portugal;A maior parte da minha vida;Sim;Grande Lisboa;Oeiras e S.Julião da Barra, Paço de Arcos e Caxias (OEIRAS);Urbano;Branca;;;;;;;Cisgénero (identifica-se com o sexo atribuído à nascença);Feminino;Ensino Superior concluído (Licenciatura/bacharelato, mestrado, doutoramento);Reformado/a;Médio;1 201 - 1 500 €;Separado/a ou Divorciado/a;1, sou só eu;Sim, tenho 2 filhos/as;Nada Importante;Não, nunca tive;0;Não;;;;;;;Não procurei ajuda porque não precisei;Não tenho seguro de saúde;Não;Não, nunca ou raramente.;;;;;;;;;;;;;;Não experienciei nenhuma destas situações;5 ou mais pessoas;Ocasionalmente (1 - 10 vezes em todo o ano);Nunca;Nunca;Nunca;Nunca;Nunca;Nunca;Nunca;Ocasionalmente (menos de 1 vez por mês);Nunca;Nunca;Nunca;Nunca
1;1;1;1;1;1;1;1;1;1;1;1;1;2;1;1;1;1;1;1;1;1;1;1;1;1;1;1;2;1;2;1;2;1;2;2;2;2;2;2;1;3;2;2;1;1;1;1;1;2;1;1;1;1;1;1;1;1;1;1;1;1;1;1;1;1;1;1;1;1;1;2;1;1;1;1;2;1;1;1;1;2;1;1;1;1;1;2;1;1;1;1;2;1;1;1;1;1;1;1;1;2;1;1;2;1;2;1;1;1;2;1;2;1;1;1;1;2;1;1;1;2;1;1;1;1;1;2;1;1;2;2;2;2;1;2;2;2;2;2;1;1;1;2;1;1;1;1;1;1;1;1;1;1;1;1;1;1;1;1;1;2;1;1;2;2;2;1;1;1;1;1;1;1;1;1;1;2;1;2;1;1;1;2;1;2;2;2;2;2;1;1;1;2;1;1;2;3;1;3;2;2;1;1;1;2;2;1;2;2;1;2;1;1;1;1;1;1;1;1;1;1;1;3;1;3;2;2;2;1;2;2;2;1;1;2;1;1;1;1;1;1;1;1;2;1;2;2;2;2;2;1;1;1;1;1;1;2;1;1;1;1;2;1;1;1;1;1;1;1;1;1;1;1;2;2;3;2;3;1;2;2;2;2;2;1;1;1;1;1;1;1;1;1;1;1;1;1;1;1;1;1;2;2;1;2;2;1;1;2;1;1;2;1;1;2;2;1;3;2;2;2;2;2;1;2;2;1;1;2;2;1;4;1;1;1;1;1;1;1;1;1;1;1;1;1;1;1;1;1;1;2;1;1;1;1;1;2;1;2;2;3;1;1;1;2;1;1;1;2;1;1;1;1;1;3;2;1;1;1;1;2;1;1;1;1;1;1;1;1;1;1;2;2;2;1;1;1;1;1;2;3;3;3;3;1;2;2;3;1;1;1;2;1;2;1;1;1;1;1;1;2;2;1;2;1;1;1;1;1;1;1;1;1;1;1;;56;Portugal;Portugal;Toda a vida;Sim;Norte;Santa Maria Maior e Monserrate e Meadela (VIANA DO CASTELO);Semiurbano;Branca;;;;;;;Cisgénero (identifica-se com o sexo atribuído à nascença);Feminino;Ensino Superior concluído (Licenciatura/bacharelato, mestrado, doutoramento);Empregado/a;Médio;1 801 - 2800 €;Casado/a ou em União de Facto;3;Sim, tenho 1 filho/a;Nada Importante;Não, nunca tive;0;Não;;;;;;;Não procurei ajuda porque não precisei;Tenho seguro de saúde, mas não cobre despesas relacionadas com saúde mental;Não;Não, nunca ou raramente.;;;;;;;;;;;;;;Não experienciei nenhuma destas situações;1 pessoa;Uso semanal (pelo menos 1 vez por semana);Nunca;Nunca;Nunca;Nunca;Nunca;Nunca;Nunca;Uso quase diário ou diário;Nunca;Nunca;Nunca;Nunca
2;3;2;2;2;2;2;3;2;2;2;2;2;3;2;3;2;2;2;2;2;2;2;2;2;2;2;2;2;2;2;2;2;2;2;2;3;3;2;3;3;3;3;3;2;3;3;2;2;2;2;2;2;3;3;2;2;2;2;2;2;2;2;2;2;2;2;2;2;3;2;2;2;2;2;2;2;2;2;2;3;3;3;3;2;2;2;3;2;2;2;2;3;2;3;2;2;2;2;2;2;3;3;3;2;3;2;2;3;3;3;2;2;2;2;2;3;3;2;2;2;3;3;2;2;2;2;3;2;3;3;2;2;2;2;3;3;3;2;3;2;3;2;2;2;2;2;2;2;2;2;2;2;2;2;2;2;2;3;2;2;3;2;2;3;3;3;3;2;2;2;2;2;2;2;3;2;3;2;2;1;1;1;2;3;3;2;2;2;3;2;2;2;2;2;2;2;4;2;3;3;3;2;2;2;2;2;2;3;2;3;2;2;3;2;2;3;3;2;2;2;2;2;3;2;3;2;2;2;2;2;2;2;2;2;3;2;2;2;2;3;3;2;2;3;3;2;2;3;3;2;2;2;2;2;2;2;3;3;3;3;3;3;2;2;2;2;2;2;2;2;2;2;2;2;3;3;2;2;2;2;2;2;2;2;2;2;2;2;2;2;2;2;2;2;1;1;2;2;2;2;2;2;2;2;3;2;2;3;2;3;2;3;2;2;2;2;2;3;3;2;2;3;3;3;2;3;2;2;2;3;2;2;2;2;3;3;2;3;2;2;2;2;2;2;3;2;2;2;2;2;2;2;2;3;2;2;3;2;3;3;2;2;2;2;2;3;2;2;3;2;2;2;2;2;2;2;2;2;2;2;2;2;2;2;2;2;2;2;2;2;2;2;2;2;2;2;2;2;2;3;3;3;3;3;2;3;2;2;2;2;3;3;2;3;3;3;3;3;2;3;3;3;3;3;3;4;2;3;3;3;2;2;3;1;1;;50;Portugal;Portugal;Toda a vida;Sim;Grande Lisboa;Avenidas Novas (LISBOA);Urbano;Branca;;;;;;;Cisgénero (identifica-se com o sexo atribuído à nascença);Masculino;Ensino Superior concluído (Licenciatura/bacharelato, mestrado, doutoramento);Empregado/a;Médio;4001 - 6000 €;Casado/a ou em União de Facto;2;Sim, tenho 1 filho/a;Pouco Importante;Não, nunca tive;0;Não;;;;;;;Sim;Não tenho a certeza;Não;Não, nunca ou raramente.;;;;;;;;;;;;;;Não experienciei nenhuma destas situações;5 ou mais pessoas;Uso diário ou quase diário;Nunca;Uso diário ou quase diário, várias vezes por dia;Nunca;Nunca;Nunca;Nunca;Nunca;Uso semanal (pelo menos 1 vez por semana);Nunca;Uso diário ou quase diário, várias vezes ao dia;Nunca;Nunca
1;2;1;1;1;1;1;1;1;1;1;1;1;1;1;1;1;4;1;2;1;2;3;1;1;2;4;4;4;2;3;1;2;1;1;2;2;2;2;3;3;3;2;3;2;1;3;2;3;2;3;2;1;2;2;2;3;1;1;1;1;1;1;4;3;2;4;2;4;3;2;3;3;1;1;1;1;2;1;1;1;2;1;2;1;1;1;1;1;1;2;3;4;2;3;1;1;1;2;1;2;1;1;2;1;4;4;2;1;1;3;1;3;3;1;1;2;2;2;2;2;2;1;3;3;3;1;2;2;1;2;4;1;2;2;2;2;4;3;2;2;3;1;2;1;1;1;1;1;1;1;1;1;2;2;1;3;1;3;3;2;2;3;3;2;2;3;1;1;1;1;1;1;1;1;1;1;2;3;4;1;1;1;2;3;2;2;1;4;1;2;2;1;1;2;3;2;3;2;3;4;1;1;1;2;4;2;3;2;1;3;2;1;1;1;1;1;1;1;2;1;1;1;2;2;4;2;2;4;2;3;3;2;1;2;2;1;1;1;1;1;1;1;1;2;1;2;2;3;2;2;1;1;1;1;1;1;1;2;1;2;1;2;2;1;1;1;1;1;3;1;1;1;4;2;2;2;2;3;1;1;3;2;2;3;2;1;1;1;1;3;3;3;4;1;1;1;3;2;2;2;2;3;1;1;3;1;3;1;2;3;3;1;1;2;1;3;2;2;2;1;4;3;4;2;3;3;4;1;2;4;1;1;2;1;1;1;1;1;1;1;1;1;3;1;4;1;2;1;1;3;2;1;2;1;1;1;4;1;3;3;4;2;1;2;2;2;3;4;3;2;3;4;1;3;1;1;1;1;1;1;1;3;1;1;1;2;1;2;1;1;1;4;3;1;2;2;1;1;1;3;4;4;3;2;1;2;2;1;3;1;1;1;1;1;1;1;1;1;1;1;4;3;1;4;1;1;1;1;1;1;1;1;1;1;1;;45;Portugal;Portugal;Toda a vida;Sim;Península de Setúbal;Santo António da Charneca (BARREIRO);Urbano;Branca;;;;;;;Cisgénero (identifica-se com o sexo atribuído à nascença);Feminino;Ensino Secundário concluído (10º, 11º, 12º ano);Empregado/a;Médio-baixo;Até 1 050€;Casado/a ou em União de Facto;2;Sim, tenho 1 filho/a;Muito Importante;Não, nunca tive;0;Não;;;;;;;Não procurei ajuda porque não precisei;Tenho seguro de saúde que cobre despesas relacionadas com saúde mental;Não;Não, nunca ou raramente.;Dificuldades económicas recorrentes para pagar despesas essenciais (contas de luz, água, aquecimento, alimentação, etc);;;;;;Conflitos familiares ou relacionais persistentes;;;;;;;;Nenhuma;Uso mensal (pelo menos 1 vez por mês);Nunca;Uso diário ou quase diário, várias vezes por dia;Nunca;Nunca;Nunca;Nunca;Nunca;Uso mensal (em média 1 vez por mês);Uso quase diário ou diário;Uso diário ou quase diário, várias vezes ao dia;Nunca;Nunca
2;2;1;1;1;1;1;1;1;1;1;1;1;2;1;2;1;2;1;2;2;2;2;2;3;2;2;2;2;1;2;1;2;1;2;2;2;2;2;2;2;4;2;2;2;2;2;2;2;2;1;2;2;1;2;2;1;1;1;1;1;1;1;2;1;2;1;1;3;3;1;3;2;1;2;1;1;1;1;1;2;2;2;2;1;2;2;2;1;1;1;1;1;1;1;1;1;1;1;1;1;2;2;1;3;3;2;1;1;2;2;2;2;2;1;2;1;2;3;2;3;2;1;2;2;2;2;1;2;2;1;2;2;2;1;2;2;2;2;2;2;2;2;2;1;1;1;1;1;1;1;1;1;2;2;2;1;2;2;1;2;2;3;1;2;2;3;1;1;1;1;1;1;1;1;1;1;2;2;3;1;1;1;2;1;2;2;2;3;2;1;1;1;1;1;2;2;3;2;3;4;3;1;2;1;4;2;2;2;2;2;2;1;1;1;1;1;1;1;3;1;1;1;3;1;2;2;2;3;2;2;2;2;1;1;2;1;1;2;2;2;1;1;1;2;1;2;2;2;2;2;1;1;1;1;1;1;2;3;2;2;1;2;2;1;2;2;1;1;1;1;1;1;2;1;3;3;2;2;2;2;2;1;1;1;1;1;1;1;1;1;1;1;1;1;1;1;2;1;1;1;1;2;2;2;2;2;2;2;2;1;2;1;1;1;1;2;1;3;2;2;3;4;4;2;3;2;2;2;1;1;1;2;2;1;1;1;1;1;1;1;1;1;1;1;1;1;1;1;1;1;2;1;2;1;2;2;1;1;2;1;2;2;2;1;1;2;2;2;2;2;2;1;1;2;3;2;1;1;2;1;1;1;1;1;2;1;1;2;1;1;1;1;2;3;1;2;1;1;1;3;3;3;3;3;1;3;2;1;2;1;2;1;1;1;1;1;1;1;1;1;1;1;1;1;1;1;1;1;1;1;1;1;1;1;1;;50;Portugal;Reino Unido;Menos de 5 anos;Sim;Não aplicável;Não Aplicável;Urbano;Branca;;;;;;;Cisgénero (identifica-se com o sexo atribuído à nascença);Masculino;Ensino Superior concluído (Licenciatura/bacharelato, mestrado, doutoramento);Empregado/a;Médio;2 801 - 4 000 €;Casado/a ou em União de Facto;2;Sim, tenho 1 filho/a;Muito Importante;Não, nunca tive;0;Não;;;;;;;Sim;Não tenho seguro de saúde;Não;Por vezes;;;Insegurança laboral (salários em atraso, contratos precários ou temporários, sem proteção social em caso de despedimento, ou outros);;;;Conflitos familiares ou relacionais persistentes;;;;;;;;2-4 pessoas;Uso mensal (pelo menos 1 vez por mês);Nunca;Uso diário ou quase diário, várias vezes por dia;Nunca;Nunca;Nunca;Nunca;Nunca;Uso semanal (pelo menos 1 vez por semana);Só para experimentar (1-3 vezes na vida);Uso diário ou quase diário, várias vezes ao dia;Nunca;Nunca
1;1;1;1;1;1;1;1;1;1;1;1;1;2;1;2;2;2;1;4;2;2;2;2;2;1;3;3;1;1;2;1;2;2;3;2;2;2;2;2;2;3;2;3;1;1;1;1;1;1;1;2;2;3;4;2;1;1;1;1;1;1;1;1;1;2;2;1;1;1;1;2;1;2;2;2;1;2;1;1;2;2;2;2;1;1;1;1;2;2;1;3;4;2;4;1;1;1;1;1;1;3;3;2;2;2;4;2;2;2;2;2;3;4;1;2;2;1;1;1;1;1;1;2;1;1;2;2;1;2;1;2;3;2;2;2;2;3;2;3;1;2;2;1;1;1;1;1;1;1;1;1;1;2;2;2;2;2;1;1;1;3;2;1;1;2;2;1;1;1;1;1;1;1;1;1;1;2;1;2;1;1;1;2;1;1;1;1;2;2;2;1;1;2;1;2;2;2;2;3;2;2;2;2;1;3;1;2;2;1;2;2;2;2;2;2;3;2;1;2;2;1;1;1;2;2;1;2;2;1;2;2;1;1;1;2;1;1;2;1;2;2;2;2;3;2;2;2;2;2;2;1;1;1;1;1;1;1;1;1;1;1;1;1;1;2;1;1;1;2;2;2;1;1;1;2;2;2;2;3;2;2;2;2;1;1;1;1;1;1;1;1;1;1;1;1;1;1;1;1;1;1;1;2;2;1;2;3;2;2;2;3;2;1;1;1;2;4;2;2;2;2;3;3;2;2;2;1;1;1;1;1;1;1;1;1;1;2;1;1;1;1;1;1;3;2;2;2;1;2;1;1;1;2;1;2;1;2;2;2;2;2;3;3;2;2;2;2;2;2;2;2;1;1;1;1;1;1;1;2;1;2;1;1;3;3;4;3;2;1;1;1;1;1;1;1;1;1;1;1;1;2;2;3;2;3;3;4;2;3;2;2;1;2;1;1;1;2;1;1;1;3;2;3;1;1;1;1;1;1;1;1;1;1;1;1;;53;Angola;Portugal;A maior parte da minha vida;Sim;Norte;Aldoar, Foz do Douro e Nevogilde (PORTO);Urbano;Branca;;;;;;;Cisgénero (identifica-se com o sexo atribuído à nascença);Masculino;Ensino Superior concluído (Licenciatura/bacharelato, mestrado, doutoramento);Empregado/a;Médio;1 801 - 2800 €;Casado/a ou em União de Facto;2;Não;Pouco Importante;Não, nunca tive;0;;Sim, por um psicólogo;;;;;;Sim;Tenho seguro de saúde, mas não cobre despesas relacionadas com saúde mental;Não;Por vezes;;;;Insegurança física (nos trajetos do dia-a-dia e locais que costuma frequentar);;;Conflitos familiares ou relacionais persistentes;;;;;;;;2-4 pessoas;Uso diário ou quase diário, várias vezes por dia;Nunca;Uso semanal (pelo menos 1 vez por semana);Nunca;Nunca;Nunca;Nunca;Nunca;Uso quase diário ou diário;Só para experimentar (1-3 vezes na vida);Uso semanal (pelo menos 1 vez por semana);Nunca;Nunca
1;1;1;1;1;1;1;2;1;1;1;1;1;2;1;2;1;2;2;2;2;2;2;1;2;1;1;2;2;1;2;1;2;1;2;2;1;1;2;3;2;2;2;1;2;1;1;1;4;1;1;1;1;2;2;2;1;1;1;2;1;1;1;1;1;1;1;1;2;2;1;2;2;1;1;1;2;1;1;1;1;1;1;1;1;1;1;1;1;1;1;1;2;1;2;1;2;1;2;1;1;2;2;2;4;2;2;3;1;2;2;1;2;2;1;1;1;1;1;1;1;2;1;1;2;2;1;1;2;2;2;2;2;2;1;2;2;2;2;1;2;2;1;1;1;1;1;1;1;1;1;1;1;1;1;1;1;1;2;1;1;2;2;2;1;1;1;1;1;1;1;1;1;1;1;1;1;2;1;3;1;1;1;2;1;1;2;1;2;2;1;1;1;1;1;1;2;2;2;3;2;2;1;2;1;1;1;1;3;3;3;3;1;1;1;1;1;1;1;1;1;1;1;1;1;2;2;2;2;1;1;1;1;1;1;1;1;1;2;3;1;2;1;2;1;2;2;2;1;1;1;1;1;1;1;1;1;1;3;1;1;1;1;2;1;2;1;1;1;1;2;3;1;2;1;1;3;2;1;1;3;3;1;1;1;1;1;1;1;1;1;1;1;1;1;1;1;1;1;1;1;1;1;1;1;1;1;3;2;1;1;3;1;2;1;1;2;1;2;2;2;3;3;4;2;4;4;1;1;1;1;1;1;1;1;2;3;3;1;3;1;1;1;1;1;4;1;3;1;1;1;2;1;2;1;1;1;2;1;2;2;2;1;1;1;1;2;2;2;2;1;1;1;1;1;1;1;1;1;1;1;3;1;1;1;1;1;1;1;1;1;1;1;1;1;1;1;1;1;1;1;3;2;3;2;1;1;2;1;2;1;2;2;1;2;2;2;2;1;1;2;2;2;2;1;1;1;1;1;2;1;2;1;1;1;1;;47;Portugal;Portugal;Toda a vida;Sim;Algarve;Albufeira e Olhos de Água (ALBUFEIRA);Urbano;Branca;;;;;;;Cisgénero (identifica-se com o sexo atribuído à nascença);Masculino;Ensino Secundário concluído (10º, 11º, 12º ano);Empregado/a;Médio-baixo;1 801 - 2800 €;Casado/a ou em União de Facto;2;Sim, tenho 2 filhos/as;Nada Importante;Não, nunca tive;0;Não;;;;;;;Sim;Tenho seguro de saúde, mas não cobre despesas relacionadas com saúde mental;Não;Não, nunca ou raramente.;;;;;;;Conflitos familiares ou relacionais persistentes;;;;;;;;5 ou mais pessoas;Uso diário ou quase diário;Ocasionalmente (1 - 10 vezes em todo o ano);Uso diário ou quase diário, várias vezes por dia;Nunca;Nunca;Nunca;Uso semanal (pelo menos 1 vez por semana);Nunca;Uso quase diário ou diário;Ocasionalmente (menos de 1 vez por mês);Uso diário ou quase diário, várias vezes ao dia;Ocasionalmente (menos de 1 vez por mês);Nunca
1;1;1;2;2;1;1;1;1;1;1;1;1;2;1;2;2;2;1;2;2;2;2;2;2;2;3;2;3;2;2;3;2;3;2;2;2;2;2;2;2;3;2;2;2;3;2;2;2;2;2;2;2;2;1;2;1;1;1;1;1;1;1;1;1;2;1;1;2;3;2;2;2;2;2;1;1;2;1;1;2;2;2;2;2;2;2;2;1;1;1;1;2;1;1;1;1;1;1;1;1;2;1;2;2;2;2;1;1;2;2;2;2;2;1;2;1;2;2;2;2;2;2;2;2;2;2;1;2;2;1;2;2;2;1;2;2;2;2;2;2;2;2;2;1;1;1;1;1;1;1;1;1;2;2;2;2;2;2;1;2;2;2;1;2;2;2;3;1;1;1;1;1;1;1;1;1;2;2;3;1;1;1;2;2;2;2;3;3;2;1;1;1;2;1;1;1;3;2;3;3;3;1;2;2;3;2;2;2;2;2;2;2;1;1;2;2;1;1;1;2;1;1;1;1;2;2;2;3;2;2;2;2;2;2;1;1;1;2;2;2;1;2;1;1;1;2;2;2;2;2;1;1;1;1;1;1;2;2;2;2;1;2;2;1;2;2;2;1;1;1;1;1;2;1;2;3;3;2;2;2;2;2;2;1;1;1;1;1;1;1;1;1;1;1;1;1;2;1;1;1;1;2;2;2;2;2;2;2;2;2;2;1;1;1;2;2;1;2;2;2;3;3;3;2;2;3;2;1;1;2;1;2;1;1;1;1;1;1;1;1;1;1;1;2;1;1;2;1;1;1;2;1;2;1;2;2;2;2;2;1;2;2;2;2;2;2;2;2;2;2;2;4;4;4;4;4;2;2;2;3;3;3;1;1;2;1;1;2;1;1;1;2;2;2;1;2;1;1;1;3;3;3;3;3;2;2;2;1;2;1;1;1;1;1;1;1;1;1;1;1;1;1;1;1;1;1;1;1;1;1;1;1;1;1;1;;57;Portugal;Reino Unido;A maior parte da minha vida;Sim;Não aplicável;Não Aplicável;Urbano;Branca;;;;;;;Cisgénero (identifica-se com o sexo atribuído à nascença);Feminino;Ensino Superior concluído (Licenciatura/bacharelato, mestrado, doutoramento);Empregado/a;Médio;2 801 - 4 000 €;Casado/a ou em União de Facto;2;Sim, tenho 1 filho/a;Muito Importante;Não, nunca tive;0;Não;;;;;;;Sim;Não tenho seguro de saúde;Não;Não, nunca ou raramente.;;;;;;;Conflitos familiares ou relacionais persistentes;;;;;;;;2-4 pessoas;Uso semanal (pelo menos 1 vez por semana);Nunca;Uso diário ou quase diário, várias vezes por dia;Nunca;Nunca;Nunca;Nunca;Nunca;Uso semanal (pelo menos 1 vez por semana);Só para experimentar (1-3 vezes na vida);Uso diário ou quase diário, várias vezes ao dia;Nunca;Nunca
1;1;1;1;1;1;1;1;1;1;1;1;1;1;1;2;1;3;2;2;3;3;2;2;3;2;2;3;4;1;2;1;2;1;2;2;3;2;3;2;3;2;1;2;1;2;1;1;1;2;1;2;1;1;1;1;1;1;1;2;1;1;1;1;1;4;1;2;1;2;2;1;1;1;1;1;1;1;1;1;1;1;1;1;1;1;3;3;1;1;1;1;2;1;2;1;1;1;1;1;1;2;2;2;1;2;3;1;2;2;2;2;3;2;1;2;2;3;2;4;3;2;2;1;2;3;1;2;2;2;1;3;2;2;1;2;3;3;4;3;4;3;1;4;1;1;1;1;2;1;1;1;1;3;3;2;1;2;3;1;2;4;2;2;1;1;1;1;1;1;1;1;1;1;1;1;1;2;1;2;1;1;1;2;2;2;3;1;2;4;1;1;2;1;1;1;2;2;2;2;2;2;1;1;1;2;1;2;3;3;2;3;1;1;1;2;2;2;1;2;1;2;1;2;1;3;3;2;3;1;2;3;2;1;1;4;1;1;1;1;2;2;2;2;1;2;2;1;2;1;1;1;1;1;1;1;1;1;2;2;3;2;2;2;1;2;2;1;1;1;1;1;1;2;1;1;2;2;1;3;1;1;1;1;1;1;1;1;1;1;1;1;1;1;1;1;1;1;1;1;1;1;2;1;2;1;1;4;2;4;1;2;1;2;1;1;2;1;4;3;2;2;3;2;2;2;3;2;2;1;2;1;1;1;1;2;2;1;1;1;1;1;1;1;1;2;1;2;1;1;1;3;1;2;2;1;1;3;3;3;2;3;2;2;2;2;1;2;2;2;2;4;1;1;1;1;1;1;1;1;1;2;1;1;1;2;3;1;2;1;1;1;1;3;1;1;1;1;1;1;2;2;2;2;2;1;3;1;2;1;1;1;2;2;1;2;1;2;2;1;2;1;1;2;1;2;1;1;2;1;3;1;1;1;1;1;;62;Portugal;Portugal;Toda a vida;Sim;Grande Lisboa;Pontinha e Famões (ODIVELAS);Urbano;Branca;;;;;;;Cisgénero (identifica-se com o sexo atribuído à nascença);Masculino;Ensino Superior concluído (Licenciatura/bacharelato, mestrado, doutoramento);Empregado/a;Médio;4001 - 6000 €;Solteiro/a;2;Sim, tenho 2 filhos/as;Nada Importante;Não, nunca tive;0;Não;;;;;;;Não procurei ajuda porque não precisei;Tenho seguro de saúde que cobre despesas relacionadas com saúde mental;Não;Não, nunca ou raramente.;;;;;;;;;;;;;;Não experienciei nenhuma destas situações;2-4 pessoas;Uso diário ou quase diário, várias vezes por dia;Nunca;Uso diário ou quase diário, várias vezes por dia;Nunca;Nunca;Nunca;Nunca;Nunca;Uso diário ou quase diário, várias vezes ao dia;Uso diário ou quase diário, várias vezes ao dia;Uso diário ou quase diário, várias vezes ao dia;Uso diário ou quase diário, várias vezes ao dia;Uso mensal (em média 1 vez por mês)
1;1;1;1;1;1;1;1;1;1;1;1;1;2;1;1;1;3;1;1;1;1;2;1;1;1;2;1;1;1;2;1;2;1;1;2;2;2;2;1;2;1;1;3;1;2;1;1;1;1;1;2;1;1;3;1;1;1;1;1;1;1;1;1;1;1;1;1;3;1;1;4;2;1;1;1;1;1;1;1;1;1;1;1;1;1;1;2;1;2;1;1;2;1;2;1;1;1;1;1;1;1;1;1;1;2;2;1;1;1;2;1;1;2;1;1;1;2;3;2;2;2;2;1;2;2;1;1;1;2;1;2;1;1;1;1;2;2;2;1;4;2;1;2;3;1;1;1;1;1;1;1;1;1;2;1;2;1;2;1;1;2;1;1;2;1;1;1;1;1;1;1;1;1;1;1;1;2;3;4;1;1;1;4;3;2;2;1;3;1;1;1;1;1;1;1;3;1;2;3;3;2;2;1;1;1;1;1;2;2;2;1;1;1;1;1;1;1;1;2;2;1;1;2;2;1;2;2;4;1;1;3;2;2;1;1;1;1;2;1;2;1;2;1;2;2;1;2;1;1;1;1;1;1;1;1;1;1;1;1;1;1;1;1;1;1;1;1;1;1;1;1;1;2;1;1;1;2;1;1;1;1;1;1;1;1;1;1;1;1;1;1;1;1;1;1;1;1;1;1;1;1;1;1;2;1;2;2;1;2;1;1;1;1;1;1;2;1;2;2;2;2;3;3;1;2;2;2;1;1;1;1;1;1;1;1;1;1;1;2;1;1;1;1;1;1;1;1;1;1;1;1;1;4;1;1;1;1;1;2;1;1;1;2;1;1;1;2;1;1;2;1;1;3;1;1;1;1;1;1;2;3;2;1;1;1;1;1;1;1;1;1;2;2;1;1;1;1;1;1;4;4;3;4;4;1;1;1;2;1;1;1;1;1;1;1;1;1;1;1;1;1;1;1;1;1;1;1;1;1;1;1;1;1;1;1;;47;Portugal;Portugal;Toda a vida;Sim;Norte;Canelas (VILA NOVA DE GAIA);Semiurbano;Branca;;;;;;;Cisgénero (identifica-se com o sexo atribuído à nascença);Feminino;Ensino Superior concluído (Licenciatura/bacharelato, mestrado, doutoramento);Empregado/a;Médio;1 201 - 1 500 €;Viúvo/a;2;Sim, tenho 1 filho/a;Nada Importante;Não, nunca tive;0;Não;;;;;;;Não, apesar de ter tentado;Não tenho seguro de saúde;Não;Por vezes;;;;;;;;;Luto;;;;;;2-4 pessoas;Nunca;Nunca;Nunca;Nunca;Nunca;Nunca;Nunca;Nunca;Nunca;Nunca;Nunca;Nunca;Nunca
1;1;1;1;1;1;1;1;1;1;1;1;1;1;1;1;1;1;1;1;1;1;1;1;1;1;1;1;2;1;2;1;2;1;1;1;1;1;1;1;1;4;1;2;1;2;1;1;2;1;1;1;1;1;2;2;1;1;1;1;1;1;1;1;1;1;1;1;2;2;1;3;2;1;1;1;1;1;1;1;1;1;1;1;1;1;1;2;1;2;1;1;2;1;1;1;1;1;1;1;1;1;1;1;1;1;1;1;1;1;1;1;1;1;1;1;1;2;1;2;2;3;2;1;1;1;1;1;3;1;1;1;1;1;1;1;1;1;2;1;2;1;1;2;1;1;1;1;1;1;1;1;1;2;3;1;1;1;2;1;1;2;2;2;1;1;1;1;1;1;1;1;1;1;1;1;1;3;3;2;1;1;1;3;2;3;1;1;1;2;2;1;1;1;1;1;3;2;2;3;3;2;1;1;1;3;1;1;1;1;1;1;1;1;1;1;1;1;2;2;2;2;1;2;2;2;2;1;2;1;1;1;1;2;2;2;1;1;1;1;1;1;1;1;1;1;2;1;1;1;1;1;1;1;1;1;1;1;2;1;1;1;1;1;1;1;1;1;1;1;1;1;1;2;1;2;3;4;1;3;1;1;1;1;1;1;1;1;1;1;1;1;1;1;1;1;1;2;1;1;1;1;1;1;1;1;1;1;1;2;2;2;1;1;1;1;1;2;3;2;1;3;3;3;2;2;3;2;2;1;1;1;1;1;1;1;1;1;1;1;1;1;1;1;1;1;1;1;1;1;1;2;1;1;1;1;1;1;1;1;1;1;1;1;1;1;2;3;1;2;2;1;1;1;1;1;1;1;1;1;1;1;1;1;1;1;1;1;1;1;1;1;1;1;1;1;1;1;1;1;3;4;4;4;4;1;1;1;2;2;1;1;1;1;1;1;1;1;1;1;1;1;1;1;1;1;1;1;1;1;1;1;1;1;1;1;;54;Moçambique;Portugal;A maior parte da minha vida;Sim;Grande Lisboa;Santa Iria de Azoia, São João da Talha e Bobadela (LOURES);Semiurbano;;;Asiática;;;;;Cisgénero (identifica-se com o sexo atribuído à nascença);Masculino;Ensino Superior concluído (Licenciatura/bacharelato, mestrado, doutoramento);Empregado/a;Médio-alto;4001 - 6000 €;Casado/a ou em União de Facto;4;Sim, tenho 2 filhos/as;Mais ou menos Importante;Não, nunca tive;0;Não;;;;;;;Sim;Tenho seguro de saúde que cobre despesas relacionadas com saúde mental;Não;Não, nunca ou raramente.;;;;;;;;;;;;;;Não experienciei nenhuma destas situações;5 ou mais pessoas;Uso mensal (pelo menos 1 vez por mês);Nunca;Nunca;Nunca;Nunca;Nunca;Nunca;Nunca;Uso mensal (em média 1 vez por mês);Nunca;Nunca;Nunca;Nunca
1;1;1;1;1;1;1;1;1;1;1;1;1;1;1;1;1;2;1;2;2;1;2;2;2;2;2;2;3;1;1;1;1;1;2;1;1;1;1;1;1;2;1;2;1;1;2;2;1;1;1;1;1;1;2;1;1;1;1;2;1;1;1;1;1;1;1;1;2;2;2;1;2;1;1;1;1;1;1;1;1;1;1;1;1;1;1;1;1;2;1;1;1;1;1;1;1;1;1;1;1;2;2;2;1;1;2;2;2;2;2;2;2;2;1;1;2;1;1;1;1;1;1;1;1;1;1;1;1;2;1;1;1;2;1;2;2;2;2;1;1;2;1;1;2;1;1;1;1;1;1;1;1;1;1;1;1;1;1;1;1;1;1;1;1;2;1;1;1;1;1;1;1;1;1;1;1;1;1;2;1;1;1;1;1;1;2;1;2;2;1;1;1;1;1;1;2;2;1;3;2;2;1;1;1;2;1;1;2;2;2;2;1;2;2;1;1;1;1;1;1;1;1;1;1;2;2;1;2;1;1;2;1;1;1;3;1;1;2;1;2;1;2;1;2;2;1;1;1;1;1;1;1;1;1;1;1;1;2;1;1;1;1;1;1;2;2;1;1;1;1;1;1;1;1;1;2;1;2;2;2;1;1;1;1;1;1;1;1;1;1;1;1;1;1;1;1;1;1;1;1;1;1;1;2;1;1;1;1;1;1;2;1;1;1;1;1;1;2;1;1;3;2;2;1;3;3;1;1;1;1;1;1;1;1;1;1;1;1;1;1;1;1;1;1;2;2;2;1;1;1;2;1;1;1;1;1;2;1;2;1;2;2;1;1;1;1;1;2;2;1;1;1;1;1;1;1;1;1;1;1;1;1;1;1;1;2;1;1;1;1;1;1;1;1;1;1;1;1;1;1;2;3;1;1;1;1;1;1;1;1;1;1;1;1;1;1;1;1;1;1;1;1;1;1;1;1;1;1;1;1;1;1;1;1;1;;51;Portugal;Portugal;Toda a vida;Sim;Grande Lisboa;Sacavém e Prior Velho (LOURES);Urbano;Branca;;;;;;;Cisgénero (identifica-se com o sexo atribuído à nascença);Masculino;Ensino Superior concluído (Licenciatura/bacharelato, mestrado, doutoramento);Empregado/a;Médio;1 801 - 2800 €;Casado/a ou em União de Facto;3;Sim, tenho 1 filho/a;Mais ou menos Importante;Não, nunca tive;0;;Sim, por um psicólogo;;;;;;Sim;Tenho seguro de saúde que cobre despesas relacionadas com saúde mental;Não;Frequentemente ou Sempre;;;;;;;;;;;;;;Não experienciei nenhuma destas situações;2-4 pessoas;Nunca;Nunca;Nunca;Nunca;Nunca;Nunca;Nunca;Nunca;Nunca;Nunca;Nunca;Nunca;Nunca
1;1;1;1;1;1;1;1;1;1;1;1;1;1;1;1;1;4;1;1;1;1;1;1;1;2;4;1;4;1;1;2;2;1;1;1;1;1;2;2;1;2;2;4;1;1;1;1;1;1;1;1;1;3;2;4;1;1;1;1;1;1;1;1;1;1;1;1;2;3;1;1;1;1;1;1;1;1;1;1;1;1;1;2;1;1;3;3;1;1;1;3;4;1;1;1;1;1;1;1;1;2;1;1;1;4;4;2;1;2;2;3;1;2;2;4;2;4;4;3;3;3;2;1;1;1;1;2;1;1;1;3;3;1;2;2;3;1;3;4;4;4;2;4;2;1;1;1;1;2;1;1;1;4;4;3;1;4;1;1;1;2;1;1;1;1;1;1;1;1;1;1;1;1;2;1;2;4;4;3;1;1;1;1;4;3;1;1;3;2;3;1;1;1;1;4;1;3;1;4;3;2;1;4;1;2;1;4;3;1;2;4;1;1;1;1;1;1;4;3;3;4;1;3;2;4;3;2;1;1;3;1;3;1;1;1;1;1;1;1;1;2;4;3;2;3;3;3;4;3;3;2;1;1;1;1;1;1;3;1;1;1;1;1;1;4;1;1;1;1;1;1;1;1;1;1;3;3;3;1;1;3;4;1;2;1;1;1;1;1;1;1;1;1;1;1;1;1;1;1;1;1;4;1;1;4;3;3;1;1;1;1;1;1;1;1;2;3;3;3;2;2;3;2;4;2;2;1;1;1;1;1;1;1;1;1;1;1;1;1;1;1;1;1;1;1;1;1;1;1;1;2;1;1;1;3;1;2;2;1;1;1;2;1;1;3;3;1;1;1;1;2;1;1;1;1;1;1;1;1;1;2;1;1;2;2;2;3;4;1;1;1;1;1;1;1;1;1;1;1;4;4;4;4;4;4;4;4;4;4;1;1;1;1;1;1;1;1;1;1;1;1;1;1;1;1;1;1;1;1;1;1;1;1;1;1;;52;Portugal;Portugal;Toda a vida;Sim;Norte;Santa Marinha (VILA NOVA DE GAIA);Urbano;Branca;;;;;;;Cisgénero (identifica-se com o sexo atribuído à nascença);Feminino;Ensino Superior concluído (Licenciatura/bacharelato, mestrado, doutoramento);Empregado/a;Médio-alto;Mais de 6 000 €;Casado/a ou em União de Facto;2;Sim, tenho 2 filhos/as;Nada Importante;Não, nunca tive;0;Não;;;;;;;Sim;Tenho seguro de saúde, mas não cobre despesas relacionadas com saúde mental;Não;Não, nunca ou raramente.;;;;;;;;;;;;;;Não experienciei nenhuma destas situações;2-4 pessoas;Nunca;Nunca;Nunca;Nunca;Nunca;Nunca;Nunca;Nunca;Ocasionalmente (menos de 1 vez por mês);Nunca;Nunca;Nunca;Nunca
1;1;1;1;1;1;1;1;1;1;1;1;1;1;1;1;2;3;1;1;2;1;1;1;1;2;2;2;4;1;2;1;2;1;2;2;2;2;2;1;2;2;2;2;1;1;2;1;1;1;1;2;2;2;3;2;1;1;1;1;1;1;1;1;1;1;2;1;2;2;2;2;2;1;1;1;1;1;1;1;2;3;2;1;1;1;1;1;1;2;1;1;2;1;2;1;2;1;2;1;2;2;2;2;2;2;3;3;2;3;3;2;2;2;2;2;2;1;1;2;2;3;1;1;2;2;1;1;3;2;2;3;3;2;1;2;2;2;2;2;2;2;1;2;1;1;1;1;1;1;1;1;1;1;2;2;1;1;2;1;2;2;3;2;1;2;2;1;1;2;1;1;1;1;1;1;1;2;2;2;1;1;1;2;2;2;2;2;3;2;2;1;2;2;1;2;2;2;2;2;3;2;1;2;2;4;2;2;3;2;3;2;1;1;1;1;1;1;1;1;2;1;1;2;2;2;1;2;2;1;1;2;1;1;1;2;1;1;2;1;1;2;2;2;2;3;2;2;2;2;2;1;1;1;1;1;1;1;2;1;2;1;2;1;1;1;1;1;1;2;2;1;1;2;2;3;2;2;1;1;1;1;2;2;2;1;1;2;1;1;1;1;1;1;1;1;1;1;1;1;1;1;1;1;1;2;1;4;3;2;1;4;1;1;1;1;2;2;2;2;2;2;2;2;2;3;3;1;1;2;1;1;1;1;1;2;1;1;1;2;1;1;1;1;1;4;1;1;1;1;1;2;1;1;1;1;1;2;2;2;3;3;2;1;1;2;2;2;1;2;1;2;1;1;2;1;1;1;2;1;1;1;1;1;2;1;1;1;2;1;1;1;2;1;1;2;2;1;1;1;3;3;2;3;2;1;4;2;2;3;1;2;1;1;1;1;2;2;1;1;1;2;3;1;1;1;1;1;1;1;1;1;1;1;1;1;;55;Portugal;Portugal;Toda a vida;Sim;Norte;Castêlo da Maia (MAIA);Urbano;Branca;;;;;;;Cisgénero (identifica-se com o sexo atribuído à nascença);Masculino;Ensino Superior concluído (Licenciatura/bacharelato, mestrado, doutoramento);Empregado/a;Médio-baixo;2 801 - 4 000 €;Casado/a ou em União de Facto;2;Não;Nada Importante;Não, nunca tive;0;Não;;;;;;;Sim;Não tenho seguro de saúde;Não;Não, nunca ou raramente.;;;;;;;;;;;;;;Não experienciei nenhuma destas situações;5 ou mais pessoas;Uso diário ou quase diário, várias vezes por dia;Nunca;Nunca;Nunca;Nunca;Nunca;Nunca;Nunca;Uso diário ou quase diário, várias vezes ao dia;Nunca;Nunca;Nunca;Nunca
1;1;1;1;1;1;1;1;1;1;1;1;1;1;1;1;1;2;2;2;1;1;1;1;1;1;1;1;3;1;2;1;1;1;1;1;1;1;2;2;1;2;1;1;1;2;1;1;1;1;1;1;1;1;1;1;1;1;1;1;1;1;1;1;1;1;1;1;1;1;1;2;1;1;1;1;1;1;1;1;1;1;1;1;1;1;1;1;1;1;1;1;1;1;2;1;1;1;1;1;1;1;2;1;1;1;2;1;1;1;1;1;2;1;1;1;1;1;1;1;1;1;1;1;1;1;1;1;1;1;1;2;1;1;1;1;2;1;1;1;1;2;2;1;1;1;1;1;1;1;1;1;1;3;1;1;1;1;1;1;1;2;1;1;1;3;2;1;1;1;1;1;1;1;1;2;1;1;1;2;1;1;1;2;1;3;1;1;2;2;2;2;1;1;1;2;4;4;1;4;3;3;1;1;1;2;1;1;1;1;3;1;1;1;1;1;1;1;1;1;1;1;1;1;1;1;1;1;2;1;1;1;1;1;1;1;1;1;1;1;1;1;1;1;2;2;1;2;2;1;1;1;1;1;1;1;1;1;1;1;1;1;1;1;1;1;1;1;1;1;1;1;1;1;1;1;1;1;2;2;1;1;2;1;1;1;1;1;1;1;1;1;1;1;1;1;1;1;1;1;1;1;1;1;1;1;1;1;1;2;1;1;1;1;1;1;2;1;3;4;1;3;4;4;2;3;1;1;1;1;1;1;1;1;1;2;1;1;1;1;1;1;1;1;1;1;1;1;1;1;1;1;1;1;1;1;1;2;2;4;2;4;1;1;1;1;1;1;1;4;1;1;1;1;1;1;1;1;1;1;1;1;1;1;1;1;1;1;1;1;1;1;1;1;2;1;2;1;1;1;1;3;2;4;2;1;2;1;1;1;2;4;3;1;4;4;3;3;1;1;2;2;4;2;3;1;1;2;1;1;4;2;1;1;1;1;;49;Portugal;Portugal;Toda a vida;Sim;Oeste e Vale do Tejo;Brogueira, Parceiros de Igreja e Alcorochel (TORRES NOVAS);Urbano;Branca;;;;;;;Cisgénero (identifica-se com o sexo atribuído à nascença);Masculino;Ensino Secundário concluído (10º, 11º, 12º ano);Empregado/a;Médio-baixo;1 801 - 2800 €;Casado/a ou em União de Facto;2;Não;Nada Importante;Não, nunca tive;0;Não;;;;;;;Sim;Não tenho a certeza;Não;Não, nunca ou raramente.;;;;;;;;;;;;;;Não experienciei nenhuma destas situações;5 ou mais pessoas;Uso semanal (pelo menos 1 vez por semana);Nunca;Nunca;Nunca;Nunca;Nunca;Nunca;Nunca;Uso semanal (pelo menos 1 vez por semana);Só para experimentar (1-3 vezes na vida);Uso quase diário ou diário;Uso mensal (em média 1 vez por mês);Nunca
1;1;1;1;1;1;1;1;1;1;1;1;1;1;1;1;3;4;4;1;4;1;4;1;4;2;4;1;4;1;2;1;1;1;1;1;1;1;2;1;1;3;1;2;1;2;1;1;1;1;1;3;3;4;4;4;1;1;1;1;1;1;1;2;1;4;1;1;1;3;2;1;2;1;1;1;1;1;1;1;2;2;1;1;1;1;4;1;2;3;2;2;4;2;4;1;1;1;1;1;1;1;1;1;1;3;4;3;1;3;3;1;2;3;1;1;1;1;3;4;2;1;2;1;1;1;1;2;2;2;1;4;4;4;4;4;4;4;4;1;2;1;1;2;4;1;1;1;1;1;1;1;1;1;1;1;1;1;4;1;2;4;3;1;1;4;2;1;1;1;1;1;1;1;1;3;1;2;1;3;1;1;1;1;1;3;1;1;1;1;3;3;3;3;4;3;2;2;1;3;3;3;1;1;1;2;1;1;2;2;3;2;1;1;1;3;3;1;1;1;1;1;1;1;1;4;2;1;4;1;1;1;1;1;1;3;1;1;2;1;2;4;4;3;3;3;2;4;3;2;2;1;1;1;1;1;1;1;3;1;2;1;1;1;1;1;1;1;1;1;1;1;1;2;4;2;3;3;1;1;1;1;4;3;1;4;1;1;1;1;1;1;1;1;1;1;1;2;1;1;1;1;3;1;1;1;1;1;1;1;1;1;1;1;1;1;3;1;2;3;3;1;2;3;2;2;2;1;1;1;1;1;1;1;1;1;1;1;2;1;1;1;1;1;1;3;1;1;1;1;1;2;1;3;1;1;2;1;2;2;2;1;1;1;1;1;1;1;1;1;1;1;1;1;1;3;1;1;1;1;1;1;1;1;1;1;2;1;1;1;1;1;1;1;1;1;1;1;1;1;3;3;3;3;3;1;4;4;1;1;1;1;1;1;1;1;1;1;1;1;1;1;1;1;1;1;1;1;1;1;1;1;1;1;1;1;;47;Portugal;Portugal;A maior parte da minha vida;Sim;Grande Lisboa;Odivelas (ODIVELAS);Urbano;Branca;;;;;;;Cisgénero (identifica-se com o sexo atribuído à nascença);Feminino;Ensino Superior concluído (Licenciatura/bacharelato, mestrado, doutoramento);Empregado/a;Médio;1 051 - 1 201 €;Casado/a ou em União de Facto;2;Sim, tenho 1 filho/a;Nada Importante;Não, nunca tive;0;Não;;;;;;;Sim;Tenho seguro de saúde, mas não cobre despesas relacionadas com saúde mental;Não;Não, nunca ou raramente.;Dificuldades económicas recorrentes para pagar despesas essenciais (contas de luz, água, aquecimento, alimentação, etc);;;;;;Conflitos familiares ou relacionais persistentes;;;;;;;;5 ou mais pessoas;Uso mensal (pelo menos 1 vez por mês);Nunca;Nunca;Nunca;Nunca;Nunca;Nunca;Nunca;Uso mensal (em média 1 vez por mês);Uso semanal (pelo menos 1 vez por semana);Nunca;Nunca;Nunca
2;2;3;2;2;1;1;1;1;1;1;1;1;1;1;1;4;3;3;2;3;1;1;4;2;1;2;2;3;2;3;2;2;3;2;1;1;2;2;1;4;2;3;4;2;1;1;1;1;3;1;2;3;4;4;3;1;1;1;3;2;1;1;2;1;2;1;1;1;2;2;2;1;4;1;3;1;2;1;2;1;2;2;2;1;1;1;2;2;2;2;2;3;1;2;2;3;2;2;2;1;4;4;3;4;3;4;3;3;3;4;4;4;4;2;3;3;1;1;1;1;2;1;1;2;2;1;2;2;2;1;2;1;2;1;1;2;3;2;1;2;2;1;1;1;1;1;1;2;1;1;1;1;1;2;1;1;1;2;2;1;2;2;2;1;1;1;1;1;1;1;1;1;1;3;2;1;1;1;2;1;1;1;1;2;1;3;3;3;2;2;2;2;2;1;3;2;2;2;2;2;3;2;3;3;2;2;2;4;4;3;3;4;3;4;4;3;4;1;1;1;1;1;1;1;2;3;2;3;2;3;3;2;4;1;1;1;1;2;3;2;2;2;2;4;4;2;2;2;1;1;1;1;1;1;1;1;1;3;1;2;1;1;2;1;3;1;2;1;1;1;1;1;1;2;2;3;2;1;1;1;1;2;2;2;1;1;1;1;1;2;2;3;2;1;1;1;1;2;1;1;1;1;1;1;1;1;4;4;2;1;4;1;1;1;1;2;2;2;2;3;2;2;3;3;3;3;1;1;1;1;1;1;1;1;3;4;3;4;2;1;1;1;1;1;1;3;2;1;3;1;1;4;2;1;1;1;4;2;4;2;4;4;3;4;4;3;2;2;2;1;2;1;1;1;1;2;2;2;2;1;2;3;1;2;3;4;2;3;1;1;1;4;4;4;2;4;1;1;1;1;1;1;1;1;2;2;2;2;1;1;1;1;1;1;1;1;1;1;1;1;1;1;1;1;1;1;1;1;1;1;1;1;1;1;1;;57;Angola;Portugal;A maior parte da minha vida;Sim;Centro;Ílhavo (São Salvador) (ÍLHAVO);Urbano;Branca;;;;;;;Cisgénero (identifica-se com o sexo atribuído à nascença);Feminino;Ensino Superior concluído (Licenciatura/bacharelato, mestrado, doutoramento);Empregado/a;Médio;Não sei/prefiro não responder;Viúvo/a;2;Sim, tenho 2 filhos/as;Mais ou menos Importante;Não, nunca tive;0;;;;;;Prefiro não responder;;Sim;Tenho seguro de saúde, mas não cobre despesas relacionadas com saúde mental;Sim, mais de 15 dias;Bastantes vezes;;;;;;;;;Luto;;;;;;2-4 pessoas;Nunca;Nunca;Nunca;Nunca;Nunca;Nunca;Nunca;Nunca;Nunca;Nunca;Nunca;Nunca;Nunca
1;1;1;1;1;1;1;1;1;2;1;1;1;2;1;2;2;2;1;2;1;2;3;2;1;2;1;3;3;1;1;1;1;1;2;2;2;2;2;2;2;2;2;2;1;2;1;1;1;2;1;1;2;2;2;2;1;1;1;1;1;1;1;1;1;1;2;1;3;4;3;3;3;1;1;1;2;2;1;1;1;2;2;2;1;1;1;2;1;1;2;2;2;1;3;1;2;2;1;1;1;2;1;2;1;2;2;3;2;2;2;1;2;2;1;2;1;1;2;2;2;2;1;1;1;1;1;1;2;1;2;2;1;2;2;3;2;3;2;2;1;2;1;2;1;1;1;1;1;1;1;1;1;1;1;1;1;1;2;1;2;2;2;1;1;1;2;1;1;1;1;1;1;1;1;1;1;1;1;2;1;1;1;1;1;2;1;1;3;2;2;2;2;2;2;2;3;3;1;2;3;2;1;2;1;1;2;2;2;2;2;2;1;1;2;2;2;2;1;2;2;1;1;2;1;2;1;2;3;3;2;1;3;1;1;2;1;1;2;1;2;2;1;1;1;2;3;2;2;2;2;1;1;1;1;1;1;2;2;2;1;2;2;1;1;2;2;1;1;1;1;1;1;2;1;1;2;2;2;1;2;1;2;2;1;2;1;1;1;1;1;1;1;1;1;1;1;2;1;2;2;1;1;1;1;2;1;2;2;2;2;3;2;1;1;1;2;1;3;3;2;2;3;2;2;2;1;1;1;3;2;1;1;1;1;1;1;2;1;2;1;1;1;1;2;3;1;2;1;1;1;2;1;2;1;1;1;2;2;1;3;2;2;2;3;1;2;1;1;1;3;2;1;1;1;1;1;1;1;1;1;1;1;1;2;1;2;2;1;1;1;1;1;2;2;2;1;1;1;1;2;2;3;3;3;2;3;1;2;1;1;1;1;2;1;1;1;1;1;1;1;1;1;1;1;1;1;1;1;1;1;1;1;1;1;1;;57;África do Sul;Portugal;A maior parte da minha vida;Sim;Norte;Matosinhos (MATOSINHOS);Urbano;Branca;;;;;;;Cisgénero (identifica-se com o sexo atribuído à nascença);Masculino;Ensino Superior concluído (Licenciatura/bacharelato, mestrado, doutoramento);Desempregado/a;Baixo;Até 1 050€;Solteiro/a;1, sou só eu;Não;Nada Importante;Não, nunca tive;0;Não;;;;;;;Não procurei ajuda porque não precisei;Não tenho seguro de saúde;Não;Não, nunca ou raramente.;Dificuldades económicas recorrentes para pagar despesas essenciais (contas de luz, água, aquecimento, alimentação, etc);Insegurança habitacional (atraso no pagamento de renda ou conta, risco de perda, sobrelotação, ou outros);;;Desemprego;;Conflitos familiares ou relacionais persistentes;;Luto;;;;;;5 ou mais pessoas;Ocasionalmente (1 - 10 vezes em todo o ano);Nunca;Nunca;Nunca;Nunca;Nunca;Nunca;Nunca;Uso semanal (pelo menos 1 vez por semana);Nunca;Nunca;Nunca;Nunca
1;1;1;1;1;1;1;1;1;1;1;1;1;1;1;1;1;1;1;1;2;1;1;1;1;1;1;2;1;1;1;1;1;1;2;1;2;1;1;1;1;1;1;1;1;1;1;1;1;1;1;1;1;1;1;1;1;1;1;1;1;1;1;1;1;1;1;1;1;2;1;2;1;1;1;1;1;1;1;1;1;1;1;1;1;1;1;1;1;1;1;1;1;1;1;1;1;1;1;1;1;1;1;1;1;1;1;1;1;1;1;1;1;1;1;1;1;1;1;1;1;1;1;1;1;1;1;1;1;1;1;1;1;1;1;1;1;1;1;1;1;1;1;1;1;1;1;1;1;1;1;1;1;1;1;1;1;1;1;1;1;1;1;1;1;1;1;1;1;1;1;1;1;1;1;1;1;2;1;2;1;1;1;1;1;1;1;1;1;1;1;1;1;1;1;1;2;2;1;2;1;2;1;1;1;1;1;1;1;1;2;1;1;1;1;1;1;1;2;1;1;1;1;1;1;1;2;1;2;1;1;1;1;2;1;2;2;2;1;1;1;1;1;1;1;1;1;1;1;1;1;1;1;1;1;1;1;1;1;1;1;1;1;1;1;1;1;1;1;1;1;1;1;1;1;1;1;1;1;1;1;1;1;1;1;1;1;1;1;1;1;1;1;1;1;1;1;1;1;1;1;1;1;1;1;1;1;2;1;1;1;1;1;1;1;1;1;1;1;1;1;1;2;1;1;3;1;1;1;1;1;1;1;1;1;1;1;2;3;2;1;1;1;1;1;1;1;1;1;1;1;1;1;1;1;1;1;1;1;1;1;2;1;1;1;1;1;1;1;2;2;2;1;1;1;1;1;1;1;1;1;1;1;1;1;1;1;1;1;1;1;1;1;2;1;1;1;1;1;1;2;2;2;1;1;1;1;1;1;1;1;1;1;1;1;1;1;1;1;1;1;1;1;1;1;1;1;1;1;1;1;1;1;1;1;1;;50;Portugal;Portugal;A maior parte da minha vida;Sim;Algarve;Silves (SILVES);Semiurbano;Branca;;;;;;;Cisgénero (identifica-se com o sexo atribuído à nascença);Masculino;Ensino Secundário concluído (10º, 11º, 12º ano);Empregado/a;Médio-baixo;Não sei/prefiro não responder;Separado/a ou Divorciado/a;1, sou só eu;Sim, tenho 2 filhos/as;Nada Importante;Não, nunca tive;0;Não;;;;;;;Sim;Não tenho a certeza;Não;Não, nunca ou raramente.;;;;;;;;;;Separação/divórcio;;;;;2-4 pessoas;Uso mensal (pelo menos 1 vez por mês);Nunca;Nunca;Nunca;Nunca;Nunca;Nunca;Nunca;Uso mensal (em média 1 vez por mês);Nunca;Ocasionalmente (menos de 1 vez por mês);Nunca;Nunca
2;1;2;1;1;1;1;1;1;1;1;1;1;1;1;1;1;2;2;2;2;2;1;2;3;1;2;1;1;1;1;1;1;1;2;2;2;2;2;2;2;1;2;2;1;2;2;1;1;1;1;3;2;3;1;2;2;1;1;1;2;1;1;1;1;1;1;1;1;1;1;2;2;2;2;2;1;2;1;1;1;2;2;2;1;1;1;2;1;3;2;1;3;1;3;1;2;2;1;1;2;3;3;3;2;3;3;4;3;4;4;3;3;4;1;3;1;1;1;2;2;2;1;2;2;2;1;1;2;1;1;1;1;1;2;2;3;2;2;2;1;2;1;2;2;1;1;1;1;1;1;1;1;2;2;1;1;1;3;1;3;4;2;2;2;2;1;1;1;1;1;1;1;1;1;1;1;2;2;1;1;1;1;2;1;2;1;1;2;1;3;2;1;1;2;3;2;2;1;2;2;2;1;1;1;4;1;1;1;1;1;1;1;1;1;2;1;1;1;1;2;1;1;1;1;1;2;1;2;1;2;1;1;1;1;1;1;1;1;1;2;3;2;2;2;2;3;2;2;1;2;1;1;1;1;1;1;2;2;2;2;1;1;3;1;3;2;1;1;1;1;1;1;1;1;1;3;1;2;1;1;2;1;1;1;1;1;1;1;1;1;1;1;1;2;1;1;2;1;1;2;2;1;1;2;1;1;3;3;2;1;4;1;1;1;1;2;3;2;2;2;2;2;2;2;2;2;1;2;1;1;1;1;1;1;1;1;1;2;1;1;1;1;1;1;1;1;2;1;1;1;1;1;2;1;1;1;2;2;2;2;2;3;2;1;2;2;2;2;1;1;1;2;2;2;1;2;1;1;1;1;4;1;1;1;2;2;2;1;1;1;1;1;2;1;1;2;1;1;1;2;3;1;2;2;1;1;1;1;1;1;1;1;1;1;1;1;1;1;1;1;1;1;1;1;1;1;1;1;1;1;1;1;1;1;1;;54;Portugal;Portugal;Toda a vida;Sim;Região Autónoma dos Açores;Praia da Vitória (Santa Cruz) (PRAIA DA VITÓRIA);Semiurbano;Branca;;;;;;;Cisgénero (identifica-se com o sexo atribuído à nascença);Feminino;Ensino Superior concluído (Licenciatura/bacharelato, mestrado, doutoramento);Empregado/a;Médio-baixo;1 051 - 1 201 €;Separado/a ou Divorciado/a;1, sou só eu;Sim, tenho 3 filhos/as;Nada Importante;Não, nunca tive;0;Não;;;;;;;Não procurei ajuda porque não precisei;Tenho seguro de saúde, mas não cobre despesas relacionadas com saúde mental;Não;Não, nunca ou raramente.;Dificuldades económicas recorrentes para pagar despesas essenciais (contas de luz, água, aquecimento, alimentação, etc);;;;;;;;;;;;;;2-4 pessoas;Ocasionalmente (1 - 10 vezes em todo o ano);Nunca;Nunca;Nunca;Nunca;Nunca;Nunca;Ocasionalmente (1 - 10 vezes em todo o ano);Uso mensal (em média 1 vez por mês);Nunca;Só para experimentar (1-3 vezes na vida);Nunca;Nunca
3;3;3;3;3;1;1;1;1;1;1;1;1;2;1;2;1;1;1;3;3;2;3;3;3;1;1;2;1;1;1;1;1;1;2;1;1;2;2;1;2;2;3;2;2;4;3;3;3;1;2;3;2;2;2;3;1;1;2;2;2;1;1;2;1;2;1;1;3;3;1;3;1;4;1;4;1;2;1;1;1;1;1;1;2;1;1;1;1;2;1;2;1;1;1;2;2;2;1;1;2;3;2;2;3;3;2;3;2;3;2;3;3;3;1;2;1;1;1;1;1;2;2;1;3;2;1;1;2;2;2;2;2;1;1;2;3;2;2;2;1;2;1;2;1;1;1;1;1;1;1;1;1;1;1;1;1;1;3;1;1;2;3;1;1;2;3;3;1;1;1;1;1;1;1;1;1;2;2;1;1;1;1;2;2;2;4;4;4;4;2;1;1;1;1;2;3;2;3;3;3;3;1;2;2;4;3;3;3;3;3;3;4;4;4;4;4;4;1;1;1;1;1;1;1;2;2;2;3;2;1;2;2;1;1;1;1;1;3;2;3;2;2;3;2;2;2;2;3;2;2;1;1;1;1;1;1;1;2;1;1;1;1;2;3;3;4;3;1;1;1;1;1;1;1;1;1;1;1;1;1;1;1;1;1;1;1;1;1;1;1;1;1;1;1;1;1;2;1;2;1;1;1;1;1;1;1;3;1;1;1;1;2;2;1;2;2;1;2;2;1;3;3;2;4;3;3;1;1;1;1;1;1;1;1;1;1;1;1;1;1;1;1;1;1;1;4;4;1;4;1;1;1;1;1;1;1;2;3;3;2;4;1;1;1;1;1;3;2;3;2;2;4;4;4;4;3;1;4;2;1;2;3;2;1;1;1;1;4;1;1;1;2;2;3;2;2;1;1;1;2;2;1;2;1;1;1;1;1;1;1;1;1;1;1;1;1;1;1;1;1;1;1;1;1;1;1;1;1;1;1;1;1;1;1;1;;80;Portugal;Reino Unido;A maior parte da minha vida;Sim;Não aplicável;Não Aplicável;Urbano;Branca;;;;;;;Cisgénero (identifica-se com o sexo atribuído à nascença);Feminino;Ensino Superior concluído (Licenciatura/bacharelato, mestrado, doutoramento);Reformado/a;Médio;1 501 - 1 800 €;Casado/a ou em União de Facto;3;Sim, tenho 1 filho/a;Muito Importante;Não, nunca tive;0;Não;;;;;;;Sim;Tenho seguro de saúde que cobre despesas relacionadas com saúde mental;Não;Não, nunca ou raramente.;;;;Insegurança física (nos trajetos do dia-a-dia e locais que costuma frequentar);;;Conflitos familiares ou relacionais persistentes;Deficiência física, doença crónica ou problema de saúde grave (do próprio ou de pessoa próxima) com impacto na vida diária;;;;;;;2-4 pessoas;Uso semanal (pelo menos 1 vez por semana);Nunca;Uso diário ou quase diário;Nunca;Nunca;Nunca;Nunca;Nunca;Uso semanal (pelo menos 1 vez por semana);Nunca;Uso diário ou quase diário, várias vezes ao dia;Nunca;Nunca
2;1;1;1;1;1;1;1;1;1;1;1;1;1;2;1;1;2;1;2;1;1;2;2;3;1;3;1;2;1;1;1;1;1;1;3;3;1;2;2;3;2;2;3;3;2;1;2;1;2;1;2;2;3;2;2;1;1;1;1;1;1;1;1;1;2;2;1;2;3;2;3;2;1;1;2;1;2;1;1;2;2;2;2;1;1;1;1;2;2;2;1;3;1;2;1;2;1;1;1;1;2;2;2;1;1;2;2;2;2;2;2;2;2;1;3;1;1;2;1;2;1;1;1;1;1;1;1;1;2;2;2;1;1;1;2;2;1;2;2;3;1;1;1;2;1;2;1;1;1;1;1;1;1;1;2;1;1;1;1;2;1;1;1;1;2;1;2;2;1;1;1;1;1;2;1;1;2;2;1;1;1;1;2;1;1;2;2;2;1;2;1;1;1;1;1;1;2;1;2;3;1;1;1;1;2;2;2;3;2;3;3;1;1;1;1;1;1;1;1;1;1;1;2;1;3;2;2;4;1;2;1;1;2;2;2;1;1;1;1;1;1;2;2;2;2;2;1;2;1;2;1;1;1;1;1;1;1;2;1;1;2;1;1;1;1;2;1;1;2;1;1;2;1;2;1;3;3;1;4;2;3;1;2;2;1;1;1;1;1;1;1;1;1;1;1;1;1;1;1;1;1;2;2;1;1;2;2;1;2;2;2;1;1;1;1;3;1;2;1;2;3;2;2;2;3;2;1;2;2;2;1;1;1;1;2;2;3;2;1;1;1;1;1;1;3;2;2;2;1;1;2;1;1;1;1;2;3;2;2;3;3;1;2;2;1;2;2;3;1;3;2;1;1;1;2;1;1;1;1;1;1;2;1;2;1;2;2;1;1;1;1;1;1;1;1;1;1;1;1;2;3;2;3;2;2;2;2;1;2;2;2;2;1;1;2;1;1;1;1;1;1;1;1;1;1;1;1;1;1;1;1;1;1;1;1;;48;Portugal;Portugal;A maior parte da minha vida;Sim;Península de Setúbal;Moita (MOITA);Semiurbano;Branca;;;;;;;Cisgénero (identifica-se com o sexo atribuído à nascença);Masculino;Ensino Superior concluído (Licenciatura/bacharelato, mestrado, doutoramento);Empregado/a;Médio;2 801 - 4 000 €;Casado/a ou em União de Facto;5;Sim, tenho 3 filhos/as;Mais ou menos Importante;Não, nunca tive;0;Não;;;;;;;Não, apesar de ter tentado;Tenho seguro de saúde, mas não cobre despesas relacionadas com saúde mental;Não;Não, nunca ou raramente.;;;Insegurança laboral (salários em atraso, contratos precários ou temporários, sem proteção social em caso de despedimento, ou outros);Insegurança física (nos trajetos do dia-a-dia e locais que costuma frequentar);;;Conflitos familiares ou relacionais persistentes;;;;;;;;2-4 pessoas;Uso semanal (pelo menos 1 vez por semana);Nunca;Nunca;Nunca;Nunca;Nunca;Nunca;Nunca;Uso semanal (pelo menos 1 vez por semana);Nunca;Só para experimentar (1-3 vezes na vida);Só para experimentar (1-3 vezes na vida);Nunca
1;1;1;1;1;1;1;1;1;1;1;1;1;1;1;1;1;1;3;2;2;2;1;2;1;1;1;1;1;1;2;1;1;1;2;2;4;2;2;2;3;2;2;2;1;3;1;1;1;1;1;3;2;2;2;2;1;1;1;2;1;1;1;1;1;1;1;1;1;1;1;1;1;1;1;1;1;2;1;1;2;2;2;2;1;1;1;1;1;1;1;1;2;1;1;1;1;2;1;1;1;2;2;1;2;2;2;1;1;1;2;1;1;2;1;2;1;1;1;1;1;2;1;2;2;1;1;1;2;1;1;4;2;2;2;3;3;2;1;2;1;1;1;1;2;1;1;1;1;1;1;1;1;1;2;1;1;1;1;1;2;2;1;1;1;1;1;1;1;1;1;1;1;1;1;1;1;2;2;2;1;1;1;1;1;1;1;1;1;1;1;1;1;1;1;2;2;2;1;2;2;1;1;1;1;2;1;2;1;2;2;2;2;3;3;1;1;1;1;1;1;1;1;1;1;4;4;2;3;2;2;3;1;1;1;1;1;1;2;1;1;1;1;2;3;1;3;1;2;2;2;1;1;1;1;1;1;1;1;2;1;1;1;1;1;1;1;1;2;1;1;1;3;2;1;2;2;1;3;4;4;2;1;1;4;1;1;1;1;1;1;2;1;1;2;1;1;1;1;2;1;1;4;2;1;1;1;2;2;2;1;2;1;1;1;1;1;2;2;3;2;3;3;3;3;2;3;1;2;1;1;1;1;1;1;2;1;1;1;1;1;1;1;1;4;4;2;4;1;1;1;1;1;3;1;1;1;1;2;1;1;2;1;1;1;1;1;2;3;2;2;3;1;1;1;1;1;1;1;1;1;1;1;1;1;1;1;1;1;1;1;1;1;3;1;1;1;1;1;1;2;2;2;3;2;1;2;2;1;2;1;2;1;1;1;1;2;2;1;1;1;1;1;1;2;1;1;1;1;1;1;1;1;1;1;1;;51;Portugal;Portugal;Toda a vida;Sim;Península de Setúbal;Barreiro e Lavradio (BARREIRO);Urbano;Branca;;;;;;;Cisgénero (identifica-se com o sexo atribuído à nascença);Masculino;Ensino Secundário concluído (10º, 11º, 12º ano);Empregado/a;Médio-baixo;1 501 - 1 800 €;Casado/a ou em União de Facto;2;Sim, tenho 1 filho/a;Nada Importante;Não, nunca tive;0;Não;;;;;;;Sim, mas com algumas dificuldades;Não tenho seguro de saúde;Não;Não, nunca ou raramente.;;;;;;;;;;;;;;Não experienciei nenhuma destas situações;2-4 pessoas;Uso diário ou quase diário, várias vezes por dia;Nunca;Nunca;Nunca;Nunca;Nunca;Nunca;Nunca;Uso diário ou quase diário, várias vezes ao dia;Só para experimentar (1-3 vezes na vida);Uso mensal (em média 1 vez por mês);Nunca;Nunca
1;1;1;1;1;1;1;1;1;1;1;1;1;1;1;1;1;3;1;2;2;1;1;1;2;2;4;4;4;1;1;1;1;1;2;2;2;2;1;2;2;2;2;2;2;2;2;1;2;1;1;2;1;2;1;1;1;1;1;2;1;1;1;1;1;1;1;1;2;3;1;2;2;1;1;1;2;1;2;2;2;2;2;2;2;1;1;1;1;1;2;1;2;2;2;1;1;1;1;1;1;2;1;2;1;3;3;2;2;2;3;1;2;2;1;1;1;2;2;2;2;1;1;1;1;2;2;2;2;2;2;2;2;2;1;1;2;2;1;1;2;3;2;2;2;1;1;1;2;1;1;1;1;2;2;1;1;1;2;1;2;3;1;2;1;2;1;1;2;2;1;2;1;1;1;2;1;2;3;3;1;1;1;1;1;2;1;1;2;2;1;1;1;1;1;1;2;2;1;2;3;2;1;1;1;2;2;3;2;1;2;1;1;2;1;1;1;2;2;1;2;1;1;2;1;2;2;3;4;2;3;2;2;2;2;4;2;2;1;1;1;2;1;2;1;1;2;2;2;2;2;1;1;1;1;1;1;2;2;1;2;1;1;1;2;2;2;1;1;2;2;1;1;1;1;1;1;2;4;4;4;4;1;1;1;1;1;1;1;1;1;1;1;1;1;1;1;1;1;1;1;1;1;1;2;1;2;3;2;2;2;3;1;1;1;1;1;2;2;2;2;2;3;3;3;2;3;2;1;1;1;2;2;2;1;1;1;1;1;1;1;2;1;1;4;4;2;4;1;1;1;2;1;2;1;1;1;2;1;1;1;3;2;1;1;1;1;2;3;3;2;3;1;2;2;4;1;1;1;1;1;4;1;1;2;2;2;2;1;1;1;1;1;1;1;1;1;1;1;1;2;2;3;2;3;2;1;2;3;1;1;1;1;1;1;1;1;1;1;1;1;1;1;1;1;1;1;1;2;1;1;1;1;1;1;1;;48;Portugal;Portugal;Toda a vida;Sim;Grande Lisboa;Alcântara (LISBOA);Urbano;Branca;;;;;;;Cisgénero (identifica-se com o sexo atribuído à nascença);Masculino;Ensino Superior concluído (Licenciatura/bacharelato, mestrado, doutoramento);Empregado/a;Médio;1 801 - 2800 €;Separado/a ou Divorciado/a;1, sou só eu;Sim, tenho 1 filho/a;Pouco Importante;Não, nunca tive;0;Não;;;;;;;Sim;Tenho seguro de saúde que cobre despesas relacionadas com saúde mental;Não;Não, nunca ou raramente.;;;;Insegurança física (nos trajetos do dia-a-dia e locais que costuma frequentar);;;;Deficiência física, doença crónica ou problema de saúde grave (do próprio ou de pessoa próxima) com impacto na vida diária;;;;;;;2-4 pessoas;Nunca;Nunca;Ocasionalmente (1 - 10 vezes em todo o ano);Nunca;Nunca;Nunca;Nunca;Nunca;Uso semanal (pelo menos 1 vez por semana);Nunca;Ocasionalmente (menos de 1 vez por mês);Nunca;Nunca
3;3;2;2;1;1;1;2;1;1;1;1;1;2;1;2;1;2;2;2;3;1;1;3;2;1;3;3;2;2;3;2;2;2;2;2;2;2;2;2;2;2;1;2;2;1;1;1;1;1;1;2;3;3;3;2;1;1;1;1;1;1;1;1;1;1;1;1;2;3;2;2;3;2;1;2;1;1;1;1;2;3;2;2;1;1;1;1;1;2;4;2;3;2;1;1;3;1;1;1;1;2;3;3;3;3;4;3;3;3;3;3;4;4;1;2;2;1;1;1;1;3;1;1;1;1;3;1;1;1;1;3;1;3;4;3;3;3;3;2;3;1;1;1;1;1;1;1;1;1;1;1;1;1;1;1;1;1;3;1;2;2;4;1;1;1;2;1;1;1;1;1;1;1;1;1;1;2;3;3;1;1;1;2;3;1;1;2;3;2;1;1;1;2;2;2;2;2;2;3;2;3;1;4;2;4;3;3;1;1;2;1;1;1;1;3;1;2;1;1;1;1;1;1;1;4;3;3;4;3;2;4;3;4;3;3;2;1;1;1;1;2;2;3;2;2;2;2;2;3;2;1;1;1;1;1;1;2;3;2;1;3;1;1;1;2;1;1;1;1;1;1;1;2;2;2;2;3;1;1;2;1;2;2;1;2;1;1;1;1;2;1;1;1;1;1;1;1;1;1;1;1;3;3;1;3;3;2;2;3;1;2;1;1;1;1;1;1;3;3;2;2;3;3;2;2;1;1;4;1;2;2;2;1;2;4;4;3;4;3;1;1;1;1;1;2;1;2;1;1;1;2;1;1;1;1;2;4;3;4;4;4;3;3;4;1;3;3;2;3;2;2;2;2;2;2;4;1;2;1;1;2;2;1;2;2;3;1;1;1;1;1;1;2;1;2;1;1;1;1;2;3;3;2;2;1;2;1;1;3;2;2;2;1;2;1;2;1;1;1;1;2;2;2;1;1;2;1;1;1;2;1;3;3;1;1;;49;Portugal;Portugal;Toda a vida;Sim;Centro;Torres Novas (São Pedro), Lapas e Ribeira Branca (TORRES NOVAS);Urbano;Branca;;;;;;;Cisgénero (identifica-se com o sexo atribuído à nascença);Feminino;Ensino Superior concluído (Licenciatura/bacharelato, mestrado, doutoramento);Empregado/a;Médio-baixo;1 051 - 1 201 €;Solteiro/a;1, sou só eu;Sim, tenho 1 filho/a;Mais ou menos Importante;Não, nunca tive;0;Não;;;;;;;Não, apesar de ter tentado;Tenho seguro de saúde, mas não cobre despesas relacionadas com saúde mental;Não;Frequentemente ou Sempre;Dificuldades económicas recorrentes para pagar despesas essenciais (contas de luz, água, aquecimento, alimentação, etc);;;;Desemprego;;;;;;;;;;2-4 pessoas;Uso mensal (pelo menos 1 vez por mês);Nunca;Uso diário ou quase diário;Nunca;Nunca;Nunca;Nunca;Nunca;Uso mensal (em média 1 vez por mês);Só para experimentar (1-3 vezes na vida);Uso diário ou quase diário, várias vezes ao dia;Nunca;Nunca
3;2;2;2;2;1;1;1;1;1;1;1;1;4;2;4;1;1;1;3;4;2;4;3;3;2;3;2;4;1;2;1;2;1;2;2;2;2;1;2;3;4;4;4;2;2;3;2;1;2;1;3;3;2;2;4;2;1;3;2;2;2;2;1;1;1;1;1;1;1;1;1;2;1;1;1;1;2;1;1;1;3;2;2;1;2;2;1;1;2;1;2;2;2;3;1;2;2;1;2;2;2;2;1;2;3;4;2;4;3;4;2;4;4;3;3;3;2;2;3;4;2;4;1;2;1;2;2;2;3;2;3;3;3;2;3;4;3;3;2;2;1;2;2;1;1;1;1;1;1;1;1;1;1;1;1;1;1;2;1;2;3;1;2;4;3;3;4;1;1;1;1;1;1;1;1;1;2;2;1;1;1;1;1;2;1;2;3;3;2;2;2;1;2;1;2;2;4;4;3;2;2;2;2;2;2;3;2;4;4;3;4;1;1;1;1;1;1;1;1;1;1;1;1;1;4;2;2;4;3;4;2;4;1;1;1;1;1;3;2;3;2;2;3;2;3;2;3;3;2;1;1;1;1;1;1;1;1;1;1;2;1;1;4;2;3;2;2;1;1;1;1;1;2;4;4;3;4;1;1;1;1;1;2;1;1;1;1;1;1;1;1;1;1;1;1;1;2;1;1;1;1;2;2;2;2;2;2;2;2;1;3;4;4;4;3;2;1;2;4;3;2;3;2;3;2;2;1;2;1;1;1;1;1;1;1;1;1;2;1;1;1;1;1;1;1;1;1;1;1;1;2;1;2;2;1;1;4;2;2;2;4;2;4;2;1;2;2;2;2;2;2;3;1;1;1;2;4;1;2;2;2;2;1;1;1;2;1;3;1;1;1;2;4;2;2;2;1;1;1;2;2;1;2;2;1;1;2;1;2;1;1;1;1;1;1;1;1;1;1;1;1;1;1;1;1;1;1;1;1;1;1;1;1;1;1;;54;Angola;Portugal;A maior parte da minha vida;Sim;Centro;Leiria, Pousos, Barreira e Cortes (LEIRIA);Urbano;Branca;;;;;;;Cisgénero (identifica-se com o sexo atribuído à nascença);Feminino;Ensino Secundário concluído (10º, 11º, 12º ano);Empregado/a;Médio;Até 1 050€;Separado/a ou Divorciado/a;2;Sim, tenho 1 filho/a;Mais ou menos Importante;Não, nunca tive;0;Não;;;;;;;Sim, mas com algumas dificuldades;Não tenho a certeza;Não;Bastantes vezes;Dificuldades económicas recorrentes para pagar despesas essenciais (contas de luz, água, aquecimento, alimentação, etc);Insegurança habitacional (atraso no pagamento de renda ou conta, risco de perda, sobrelotação, ou outros);Insegurança laboral (salários em atraso, contratos precários ou temporários, sem proteção social em caso de despedimento, ou outros);;;Sobrecarga de cuidados a crianças, idosos ou pessoas dependentes;;;;;;;;;1 pessoa;Nunca;Nunca;Nunca;Nunca;Nunca;Nunca;Nunca;Nunca;Uso mensal (em média 1 vez por mês);Nunca;Nunca;Nunca;Nunca
1;1;2;1;1;1;1;1;1;1;1;1;1;1;1;1;1;2;2;2;1;1;1;1;1;1;2;1;1;1;2;1;2;1;1;1;1;1;1;2;1;3;1;2;1;1;1;1;1;1;1;1;1;2;1;2;1;1;1;1;1;1;1;1;1;1;1;1;2;2;1;2;1;1;1;1;1;1;1;1;1;2;2;1;1;2;2;1;1;1;1;1;3;1;3;1;1;1;1;1;1;2;2;2;1;2;2;1;1;1;2;1;2;1;1;2;1;1;1;1;1;3;2;1;1;1;1;1;1;1;1;2;2;1;1;2;2;1;3;1;1;2;1;1;1;1;1;1;1;1;1;1;1;2;1;1;1;1;1;1;1;2;1;1;1;1;1;1;1;1;1;1;1;1;1;1;1;2;1;4;1;1;1;3;2;2;1;2;2;2;2;3;1;1;1;2;3;2;2;2;2;2;1;1;1;1;1;1;1;1;1;1;2;1;1;1;1;1;1;1;1;1;1;1;1;3;1;1;3;1;2;1;1;1;1;1;1;1;1;1;1;2;1;2;2;2;3;2;2;2;2;1;1;1;1;1;1;2;4;2;2;2;2;1;1;1;1;1;1;1;1;1;1;2;2;2;3;2;1;4;1;1;1;2;1;1;1;1;1;1;1;1;1;1;1;1;1;1;1;1;1;1;1;1;1;2;1;2;3;2;2;3;1;1;1;1;1;1;2;4;2;3;4;3;2;3;3;1;2;1;1;1;1;1;1;2;1;1;1;1;1;1;1;1;1;2;1;1;1;1;1;1;1;2;1;1;1;2;2;2;1;4;1;1;2;2;2;2;1;1;1;1;1;3;1;1;1;1;1;1;4;4;1;1;2;1;2;2;1;1;1;1;1;1;1;1;1;1;1;1;2;4;3;3;3;1;2;2;1;3;1;2;2;1;2;1;2;1;1;1;1;2;2;2;1;2;1;1;1;2;1;1;1;2;1;1;;46;Portugal;Portugal;A maior parte da minha vida;Sim;Norte;São Mamede de Infesta (MATOSINHOS);Semiurbano;Branca;;;;;;;Cisgénero (identifica-se com o sexo atribuído à nascença);Masculino;Ensino Secundário concluído (10º, 11º, 12º ano);Empregado/a;Médio;1 801 - 2800 €;Casado/a ou em União de Facto;2;Não;Pouco Importante;Não, nunca tive;0;Não;;;;;;;Sim;Tenho seguro de saúde que cobre despesas relacionadas com saúde mental;Não;Não, nunca ou raramente.;;;;;Desemprego;;;;;;;;;;5 ou mais pessoas;Uso semanal (pelo menos 1 vez por semana);Uso diário ou quase diário;Uso diário ou quase diário;Nunca;Nunca;Nunca;Nunca;Nunca;Uso semanal (pelo menos 1 vez por semana);Uso quase diário ou diário;Uso quase diário ou diário;Só para experimentar (1-3 vezes na vida);Nunca
1;1;1;1;1;1;1;1;1;1;1;1;1;1;1;1;1;2;4;4;2;2;2;1;3;1;2;2;2;1;1;2;4;2;2;1;2;1;1;1;3;2;2;3;2;1;2;1;2;1;1;3;3;2;3;3;1;1;1;1;1;1;1;1;1;1;1;1;4;2;3;4;2;1;3;1;1;1;3;1;2;2;3;1;1;1;1;2;2;2;2;1;3;3;1;2;1;1;1;1;1;1;1;1;1;3;2;1;1;1;2;1;2;4;1;1;1;2;3;1;3;2;3;1;2;1;1;1;1;1;2;2;1;2;1;2;1;2;3;2;2;2;1;1;2;2;1;1;3;1;1;1;1;2;3;2;2;4;2;1;1;2;1;1;1;2;2;1;1;1;1;1;1;1;1;1;1;3;2;3;1;1;1;1;3;4;2;2;3;3;3;1;1;1;1;3;2;2;2;2;2;3;2;2;1;2;4;2;4;3;2;1;1;1;1;1;1;1;1;1;4;1;1;1;1;1;2;2;1;1;1;1;1;2;2;2;1;1;3;3;2;2;1;1;3;2;2;3;2;2;1;1;1;1;1;1;1;1;1;3;2;2;1;1;1;3;2;1;1;2;1;1;2;1;1;1;1;1;3;4;3;3;1;2;1;1;1;1;1;1;1;1;1;1;1;1;1;1;1;1;1;1;1;1;1;2;1;2;1;2;1;1;1;2;3;1;2;1;2;2;2;3;4;3;3;3;1;1;1;2;2;1;1;1;1;1;1;1;1;1;1;1;1;2;1;2;2;2;1;1;1;2;1;1;1;1;1;3;1;2;1;1;2;2;3;1;1;2;2;1;2;2;2;4;2;2;3;1;2;2;2;3;2;1;1;1;2;1;2;1;1;1;1;2;1;1;1;1;1;1;3;4;2;4;4;3;4;4;2;4;1;2;1;1;1;1;1;2;1;1;1;1;1;1;1;1;1;1;1;1;1;1;1;1;1;1;;55;Portugal;Portugal;Toda a vida;Sim;Península de Setúbal;Amora (SEIXAL);Urbano;Branca;;;;;;;Cisgénero (identifica-se com o sexo atribuído à nascença);Masculino;Ensino Superior concluído (Licenciatura/bacharelato, mestrado, doutoramento);Empregado/a;Médio-alto;4001 - 6000 €;Casado/a ou em União de Facto;3;Sim, tenho 2 filhos/as;Mais ou menos Importante;Não, nunca tive;0;Não;;;;;;;Sim;Tenho seguro de saúde que cobre despesas relacionadas com saúde mental;Não;Não, nunca ou raramente.;;;;;;Sobrecarga de cuidados a crianças, idosos ou pessoas dependentes;;;;;;;;;5 ou mais pessoas;Nunca;Nunca;Nunca;Nunca;Nunca;Nunca;Nunca;Nunca;Nunca;Nunca;Nunca;Nunca;Nunca
1;1;1;1;1;1;1;1;1;1;1;1;1;1;1;1;1;2;1;2;2;1;2;1;1;1;1;1;1;1;1;1;1;1;1;1;2;1;1;1;2;2;2;2;2;1;1;1;1;1;1;2;2;3;1;2;1;1;1;2;1;1;1;1;1;1;1;1;2;2;1;2;2;1;1;1;1;1;1;1;1;1;1;1;1;1;1;1;1;1;1;1;2;1;1;1;1;1;1;1;1;1;1;2;2;2;2;1;1;1;2;1;2;3;1;2;1;1;2;1;1;2;1;1;1;1;1;1;1;1;1;2;3;2;2;3;2;2;1;1;2;2;1;1;2;1;1;1;2;1;1;1;1;1;1;1;1;1;1;1;1;1;2;1;1;2;1;1;1;1;1;1;1;1;1;2;1;2;1;2;1;1;1;1;1;2;1;1;2;2;1;2;1;1;1;1;2;1;1;1;2;2;1;1;1;2;2;1;3;2;3;2;1;1;1;1;1;1;1;1;1;1;1;1;1;3;1;1;3;1;1;1;1;2;2;1;1;1;1;1;1;1;1;1;2;2;1;1;1;1;2;1;1;1;1;1;1;1;1;2;1;1;1;2;1;2;1;1;1;1;1;1;1;1;1;1;2;1;3;3;3;3;1;1;2;1;1;1;1;1;1;1;1;1;1;1;1;1;1;1;1;1;1;1;2;1;1;1;2;2;1;1;1;1;1;1;2;1;1;2;2;1;2;1;1;2;1;1;1;1;1;1;1;1;1;1;1;1;1;1;1;1;1;1;2;2;2;2;1;1;1;2;1;1;1;1;2;2;1;2;2;2;2;1;1;1;2;1;1;1;1;1;2;1;2;1;1;2;1;1;1;2;2;1;1;1;1;1;1;1;1;1;1;1;1;1;1;1;1;1;2;2;2;2;2;1;1;1;2;1;1;2;1;1;1;1;1;1;1;1;1;1;1;1;1;1;1;1;1;1;1;1;1;1;1;1;;47;Portugal;Portugal;Toda a vida;Sim;Norte;Nogueiró e Tenões (BRAGA);Urbano;Branca;;;;;;;Cisgénero (identifica-se com o sexo atribuído à nascença);Masculino;Ensino Superior concluído (Licenciatura/bacharelato, mestrado, doutoramento);Empregado/a;Médio;2 801 - 4 000 €;Casado/a ou em União de Facto;4;Sim, tenho 1 filho/a;Nada Importante;Não, nunca tive;0;Não;;;;;;;Sim;Tenho seguro de saúde, mas não cobre despesas relacionadas com saúde mental;Não;Não, nunca ou raramente.;;;;;;;Conflitos familiares ou relacionais persistentes;;;;;;;;2-4 pessoas;Uso semanal (pelo menos 1 vez por semana);Nunca;Nunca;Nunca;Nunca;Nunca;Nunca;Nunca;Uso mensal (em média 1 vez por mês);Nunca;Nunca;Nunca;Nunca
1;3;3;2;3;1;1;1;1;2;1;1;1;1;1;1;1;2;2;1;1;1;2;1;1;1;2;2;3;1;2;1;1;1;1;2;2;1;1;1;2;3;3;3;2;1;1;1;2;1;1;2;2;2;3;3;1;1;1;1;1;1;1;1;1;1;1;1;3;2;1;3;1;1;1;1;1;1;1;1;1;3;2;1;2;1;1;1;2;2;1;2;3;1;1;1;1;1;1;1;2;2;2;1;2;2;3;2;2;2;2;1;2;3;1;2;1;1;1;3;1;2;1;1;1;2;1;2;2;2;2;2;3;2;1;3;2;2;2;2;2;2;1;1;2;1;1;1;2;1;1;1;1;1;1;1;1;1;2;1;1;3;1;1;1;1;1;1;1;1;1;1;1;1;1;1;1;1;2;2;1;1;1;2;1;1;1;1;1;1;2;2;1;1;1;2;4;3;2;4;3;2;1;2;1;4;1;1;2;2;1;1;1;1;1;1;1;1;1;1;1;1;1;1;1;3;3;3;3;1;1;2;1;2;2;1;1;1;1;1;2;2;2;2;3;1;2;1;2;1;1;1;1;1;1;1;1;1;1;2;1;1;2;1;1;2;1;1;1;1;1;1;1;1;2;1;3;2;1;1;1;1;1;1;1;1;1;1;1;1;1;1;1;1;1;1;1;1;1;1;1;1;3;3;2;3;3;3;2;2;1;2;1;1;1;1;2;1;3;2;2;3;3;2;3;4;2;1;1;1;1;1;1;1;1;1;1;1;1;1;1;1;1;1;1;1;1;1;1;1;1;1;1;2;1;1;1;3;3;3;2;3;3;1;3;2;3;2;1;4;2;2;2;1;1;1;1;1;1;1;1;1;2;1;1;2;2;2;1;1;1;1;2;1;1;1;1;1;1;1;1;3;2;3;2;2;1;1;2;2;1;1;1;1;1;1;1;1;1;1;1;1;1;1;1;1;1;1;1;1;1;1;1;1;1;1;;72;Portugal;Portugal;Toda a vida;Sim;Centro;Leiria, Pousos, Barreira e Cortes (LEIRIA);Urbano;Branca;;;;;;;Cisgénero (identifica-se com o sexo atribuído à nascença);Feminino;Ensino Superior concluído (Licenciatura/bacharelato, mestrado, doutoramento);Reformado/a;Médio-baixo;4001 - 6000 €;Casado/a ou em União de Facto;2;Sim, tenho 2 filhos/as;Pouco Importante;Não, nunca tive;0;Não;;;;;;;Não procurei ajuda porque não precisei;Não tenho a certeza;Não;Por vezes;;;;;;Sobrecarga de cuidados a crianças, idosos ou pessoas dependentes;Conflitos familiares ou relacionais persistentes;;;;;;;;2-4 pessoas;Ocasionalmente (1 - 10 vezes em todo o ano);Nunca;Nunca;Nunca;Nunca;Nunca;Nunca;Nunca;Ocasionalmente (menos de 1 vez por mês);Nunca;Nunca;Nunca;Ocasionalmente (menos de 1 vez por mês)
1;1;1;1;1;1;1;1;1;1;1;1;1;2;1;2;1;2;2;1;1;1;3;1;2;1;2;1;1;1;2;1;2;1;2;3;3;3;3;3;2;3;2;2;2;2;1;1;1;1;1;1;1;2;1;2;1;1;1;1;1;1;1;3;1;2;2;1;2;3;2;2;2;1;2;1;1;1;1;1;2;3;2;2;1;2;2;2;1;1;1;1;2;2;2;1;1;1;1;1;1;1;1;2;1;2;2;1;1;1;2;2;1;2;1;1;2;3;2;3;2;3;2;1;2;1;2;1;2;1;1;2;2;2;1;3;2;2;2;2;2;3;2;2;2;1;1;1;1;1;1;1;1;2;2;2;1;2;1;1;1;1;1;1;2;2;2;1;1;1;1;1;1;1;1;1;1;2;1;3;1;1;1;2;2;3;1;2;2;2;3;1;1;1;1;2;3;3;3;3;3;4;1;2;1;2;3;1;1;2;2;2;1;2;2;1;1;1;1;1;2;1;1;1;1;3;3;2;3;1;2;2;2;2;2;2;1;1;1;1;1;2;2;1;2;2;1;2;2;1;2;1;1;1;1;1;1;1;2;2;1;1;1;1;1;2;2;1;1;2;1;2;2;1;2;1;3;1;2;3;2;2;1;1;1;1;1;1;1;1;4;1;1;1;1;1;1;1;1;1;1;2;1;1;1;1;1;2;3;2;2;2;1;1;1;1;2;2;3;3;2;3;3;3;2;3;2;3;2;2;1;1;1;1;1;2;1;1;1;1;1;1;1;1;1;2;1;1;1;1;1;2;1;1;1;1;1;3;2;2;2;3;2;1;2;1;2;1;1;2;1;2;2;1;2;1;2;1;1;1;1;2;1;1;1;1;2;1;1;1;1;1;1;2;1;1;1;1;1;1;2;3;3;3;2;1;3;1;3;1;1;1;1;1;1;1;1;1;1;1;1;1;1;1;1;1;1;1;1;1;1;1;1;1;1;1;;46;Portugal;Portugal;Toda a vida;Sim;Norte;Urgezes (GUIMARÃES);Urbano;Branca;;;;;;;Cisgénero (identifica-se com o sexo atribuído à nascença);Masculino;Ensino Superior concluído (Licenciatura/bacharelato, mestrado, doutoramento);Empregado/a;Médio-alto;4001 - 6000 €;Casado/a ou em União de Facto;2;Sim, tenho 1 filho/a;Nada Importante;Não, nunca tive;0;Não;;;;;;;Sim;Tenho seguro de saúde que cobre despesas relacionadas com saúde mental;Não;Não, nunca ou raramente.;;;;;;;;;;;;;;Não experienciei nenhuma destas situações;5 ou mais pessoas;Uso semanal (pelo menos 1 vez por semana);Nunca;Ocasionalmente (1 - 10 vezes em todo o ano);Nunca;Nunca;Nunca;Nunca;Nunca;Uso semanal (pelo menos 1 vez por semana);Só para experimentar (1-3 vezes na vida);Ocasionalmente (menos de 1 vez por mês);Nunca;Nunca
1;1;1;1;2;1;1;1;1;1;1;1;1;1;1;1;1;1;1;1;1;1;1;1;2;1;1;1;3;1;1;1;2;1;2;2;3;1;2;2;3;2;2;2;2;3;1;2;1;2;1;1;1;3;2;1;1;1;1;1;1;1;1;2;1;2;1;1;3;3;2;4;3;1;1;1;1;1;1;1;1;2;2;1;1;2;1;2;1;1;1;1;2;2;1;1;1;1;1;1;1;1;1;2;1;1;2;2;1;1;2;1;2;1;1;1;1;1;2;1;2;2;1;1;1;1;1;1;2;1;1;2;1;1;1;1;2;2;3;1;1;2;1;1;2;1;3;1;1;1;1;1;1;1;2;1;1;1;2;1;1;2;2;2;1;1;1;1;1;1;1;1;1;1;2;1;1;1;2;3;1;1;1;1;1;2;1;1;2;1;1;1;1;1;1;1;2;2;1;4;3;3;1;1;2;2;1;2;3;4;3;3;2;2;3;2;2;2;1;1;1;1;1;2;1;4;3;1;4;1;2;2;1;2;2;1;1;1;2;1;2;2;2;2;3;2;1;2;1;2;2;1;1;1;1;1;1;1;2;1;2;1;2;1;1;1;1;1;1;1;1;1;1;2;2;3;4;2;4;4;4;4;2;1;2;1;1;2;1;1;1;1;1;1;1;1;1;1;1;1;1;1;1;1;3;3;2;3;3;3;1;2;1;1;1;1;2;1;2;2;2;4;3;3;2;1;1;2;1;1;1;1;1;1;1;1;1;1;1;4;1;1;1;1;4;3;3;3;1;1;2;1;1;1;1;1;1;2;1;2;2;2;2;2;2;1;2;1;2;3;1;2;1;1;1;1;1;1;1;1;1;1;1;1;1;2;2;2;1;1;1;1;1;2;1;1;1;1;1;1;4;2;3;3;2;3;2;2;2;2;1;1;1;1;1;1;1;1;1;1;1;1;1;1;1;1;1;1;1;1;1;1;1;1;1;1;;57;Portugal;Portugal;Toda a vida;Sim;Grande Lisboa;Alverca do Ribatejo e Sobralinho (VILA FRANCA DE XIRA);Urbano;Branca;;;;;;;Cisgénero (identifica-se com o sexo atribuído à nascença);Masculino;Ensino Secundário concluído (10º, 11º, 12º ano);Empregado/a;Médio;4001 - 6000 €;Casado/a ou em União de Facto;2;Sim, tenho 2 filhos/as;Nada Importante;Não, nunca tive;0;Não;;;;;;;Não procurei ajuda porque não precisei;Tenho seguro de saúde que cobre despesas relacionadas com saúde mental;Não;Não, nunca ou raramente.;;;;;;;;;;;;;;Não experienciei nenhuma destas situações;2-4 pessoas;Uso semanal (pelo menos 1 vez por semana);Nunca;Nunca;Nunca;Nunca;Nunca;Nunca;Nunca;Uso semanal (pelo menos 1 vez por semana);Nunca;Uso diário ou quase diário, várias vezes ao dia;Nunca;Nunca
1;1;1;1;1;1;1;1;1;1;1;1;1;2;2;2;1;1;1;1;1;1;1;1;3;4;4;2;1;3;4;1;3;1;2;2;3;2;2;3;4;4;4;2;1;1;2;1;1;4;1;3;4;4;2;4;1;1;1;1;1;1;1;1;4;1;3;3;4;3;1;4;1;1;1;1;1;1;1;1;2;4;2;1;1;1;1;1;1;1;1;1;1;1;1;1;1;1;1;1;1;3;2;4;4;4;4;4;2;4;4;2;1;2;2;2;2;2;3;2;2;2;1;2;4;2;3;2;4;2;4;3;3;3;3;3;4;4;4;4;4;2;1;4;3;1;1;1;1;2;1;1;1;1;1;1;1;1;4;1;2;4;4;4;4;1;2;1;1;1;1;1;1;1;1;1;1;1;3;4;1;1;1;3;1;1;4;4;4;4;4;3;1;3;1;3;4;4;4;4;4;4;1;4;1;4;4;2;2;2;4;2;1;1;1;1;1;1;3;3;2;3;1;4;3;4;4;4;4;1;2;4;4;4;4;4;4;1;1;1;1;3;3;3;3;3;1;2;2;2;1;1;1;1;1;1;1;1;4;2;1;2;2;1;1;1;1;1;2;4;3;4;2;3;3;2;4;4;2;4;1;1;3;2;2;1;1;1;1;1;1;2;1;1;1;1;1;1;1;1;1;1;4;1;4;4;4;3;1;2;3;2;1;4;4;1;2;1;3;3;2;3;4;4;4;4;3;4;1;3;4;1;1;4;1;2;2;1;1;1;1;1;1;1;1;4;2;1;1;1;1;1;1;2;2;1;1;4;4;4;2;4;4;2;4;4;4;4;1;1;1;1;1;1;1;1;1;1;4;1;1;4;2;1;3;2;4;2;4;1;2;1;4;4;2;1;2;1;1;1;1;2;1;2;2;2;3;3;1;2;4;4;4;4;4;2;4;1;1;1;3;1;3;2;1;1;1;1;1;3;1;2;1;1;1;1;;59;África do Sul;Portugal;A maior parte da minha vida;Sim;Não aplicável;Quinta do Anjo (PALMELA);Semiurbano;Branca;;;;;;;Cisgénero (identifica-se com o sexo atribuído à nascença);Masculino;Ensino pós-secundário não superior (cursos técnico-profissionais, cursos de especialização, formação técnica);Empregado/a;Médio-alto;Mais de 6 000 €;Casado/a ou em União de Facto;4;Sim, tenho 2 filhos/as;Nada Importante;Não, nunca tive;0;Não;;;;;;;Não procurei ajuda porque não precisei;Não tenho seguro de saúde;Não;Não, nunca ou raramente.;;;;;;;;;;;;;;Não experienciei nenhuma destas situações;2-4 pessoas;Uso diário ou quase diário;Nunca;Nunca;Nunca;Nunca;Nunca;Nunca;Nunca;Uso quase diário ou diário;Ocasionalmente (menos de 1 vez por mês);Ocasionalmente (menos de 1 vez por mês);Ocasionalmente (menos de 1 vez por mês);Nunca
4;2;4;1;3;1;1;1;1;1;1;1;1;3;1;1;3;4;2;4;3;3;4;2;2;3;4;3;4;2;3;3;4;3;2;3;1;4;2;2;3;4;4;3;1;2;2;2;2;1;1;2;2;3;4;4;1;1;1;1;1;4;1;2;3;4;4;1;3;3;4;3;3;1;1;4;3;1;1;1;2;1;1;1;1;2;1;1;1;4;2;3;4;4;4;2;1;4;3;3;1;4;3;3;2;4;4;4;4;3;1;1;1;4;2;4;4;3;4;3;4;2;2;3;4;3;1;2;4;3;3;4;1;3;2;4;4;4;4;2;3;2;2;3;2;1;2;1;1;1;1;2;1;4;3;4;3;3;3;1;3;2;3;2;3;2;1;3;1;1;1;1;1;1;1;1;1;3;3;4;1;1;1;3;2;2;3;2;4;3;2;2;2;1;1;4;2;3;2;2;2;3;1;4;4;4;3;2;2;3;3;2;4;2;4;1;4;4;2;1;2;1;1;2;2;2;3;2;3;4;2;3;3;3;4;3;1;1;4;3;3;4;3;4;3;4;4;4;4;4;2;3;1;1;1;1;1;3;4;2;3;1;1;1;3;4;4;2;2;1;1;2;1;3;3;3;3;4;1;1;3;1;2;1;2;1;1;3;4;3;3;2;3;4;1;1;1;4;2;3;1;1;2;3;3;3;2;3;1;2;1;4;1;1;1;3;4;4;4;3;3;3;3;3;4;2;2;2;1;2;2;1;1;1;1;4;3;1;2;3;1;1;1;1;3;3;1;3;3;3;1;1;2;2;1;1;1;4;3;1;2;3;4;1;4;1;2;2;3;2;4;2;4;4;2;2;3;3;4;2;4;4;3;3;3;2;3;3;4;1;1;1;2;3;2;2;3;1;1;1;4;2;3;3;4;4;4;2;3;3;2;1;2;1;4;1;4;1;1;2;1;3;1;1;2;1;1;1;1;4;3;3;1;1;1;1;;62;Portugal;Portugal;Toda a vida;Sim;Norte;Santa Marinha (VILA NOVA DE GAIA);Urbano;Branca;;;;;;;Cisgénero (identifica-se com o sexo atribuído à nascença);Feminino;Ensino pós-secundário não superior (cursos técnico-profissionais, cursos de especialização, formação técnica);Desempregado/a;Médio;1 801 - 2800 €;Casado/a ou em União de Facto;3;Sim, tenho 2 filhos/as;Mais ou menos Importante;Não, nunca tive;0;Não;;;;;;;Sim, mas com algumas dificuldades;Não tenho a certeza;Não;Não, nunca ou raramente.;;;;;Desemprego;;;;;;;;;;2-4 pessoas;Uso diário ou quase diário;Nunca;Nunca;Nunca;Nunca;Nunca;Nunca;Nunca;Uso quase diário ou diário;Nunca;Nunca;Nunca;Nunca
1;1;1;1;1;1;1;1;1;1;1;1;1;1;1;1;1;2;1;1;1;1;1;1;1;1;1;1;2;1;1;1;1;1;1;1;2;2;1;2;1;3;1;2;1;1;1;2;1;1;1;1;1;1;2;1;1;1;1;1;1;1;1;1;1;1;1;1;4;2;1;4;1;2;2;2;1;2;3;1;3;3;2;1;1;2;1;1;1;1;1;2;3;1;2;1;1;1;1;1;1;1;2;2;1;2;1;1;1;1;1;1;1;1;1;1;1;2;1;1;2;2;1;1;1;1;1;1;1;1;1;2;1;1;1;1;2;2;2;2;1;2;1;1;1;1;2;1;2;2;1;1;1;1;2;1;1;1;1;1;1;1;1;1;1;2;1;1;1;1;1;1;1;1;1;1;1;2;2;4;1;1;1;1;2;4;2;2;4;2;1;1;1;1;1;1;2;2;3;3;3;2;1;1;1;2;2;1;1;1;1;1;2;2;2;3;3;2;1;1;1;1;1;3;2;1;1;1;2;1;1;1;1;3;2;2;3;1;2;2;2;1;1;1;1;1;3;1;2;1;2;1;1;1;1;1;1;1;3;2;2;2;2;1;1;1;1;1;1;2;1;1;1;1;1;1;1;1;1;1;2;1;1;1;2;1;1;1;1;1;1;1;1;1;1;1;1;2;1;1;1;1;1;1;1;1;2;2;1;2;2;1;1;1;1;1;2;2;3;2;2;1;2;3;1;3;1;1;1;1;1;1;1;1;1;1;1;1;1;1;1;1;1;1;1;2;1;1;2;2;2;1;1;1;1;1;1;1;1;1;1;1;1;1;1;1;1;1;1;2;2;2;1;1;1;1;1;1;1;1;1;3;1;1;1;1;1;1;2;1;1;1;1;1;1;1;1;1;1;1;4;4;4;4;2;1;1;1;1;1;1;1;1;1;1;1;1;1;1;1;1;1;1;1;1;1;1;1;1;1;1;1;1;1;1;1;;47;Portugal;Portugal;A maior parte da minha vida;Sim;Oeste e Vale do Tejo;Marinhais (SALVATERRA DE MAGOS);Semiurbano;Branca;;;;;;;Cisgénero (identifica-se com o sexo atribuído à nascença);Intersexo, ou seja, indivíduos que nascem com características (genitália e cromossomas) de ambos os sexos. É uma questão biológica, determinada à nascença, e não deverá ser confundida com as questões de género anteriormente referidas.;Ensino Superior concluído (Licenciatura/bacharelato, mestrado, doutoramento);Empregado/a;Alto;2 801 - 4 000 €;Casado/a ou em União de Facto;2;Não;Mais ou menos Importante;Não, nunca tive;0;Não;;;;;;;Não procurei ajuda porque não precisei;Tenho seguro de saúde que cobre despesas relacionadas com saúde mental;Não;Não, nunca ou raramente.;;;;;;;;;;;;;;Não experienciei nenhuma destas situações;5 ou mais pessoas;Nunca;Nunca;Nunca;Nunca;Nunca;Nunca;Nunca;Nunca;Só para experimentar (1-3 vezes na vida);Nunca;Nunca;Nunca;Nunca
1;1;1;1;1;1;1;1;1;1;1;1;1;2;1;1;1;1;1;2;1;1;1;2;1;1;1;1;2;1;1;2;1;1;1;1;1;1;1;1;2;2;1;2;2;1;1;1;1;1;1;1;1;1;2;1;1;1;1;1;1;1;1;1;2;1;1;1;2;2;2;2;2;1;1;1;1;1;1;1;1;1;1;1;1;1;1;2;1;1;1;2;1;1;2;1;1;1;1;1;1;1;1;1;1;1;1;1;1;1;1;1;2;2;1;1;1;2;2;2;2;3;1;1;1;3;1;1;3;1;1;2;1;1;1;2;2;1;2;1;1;1;1;1;1;1;1;1;1;1;1;1;1;2;3;1;1;2;1;1;2;2;2;1;1;1;1;1;1;1;1;1;1;1;1;1;1;2;1;3;1;1;1;1;2;3;1;2;3;2;1;2;1;2;1;2;2;2;1;2;3;1;1;1;1;1;2;1;2;1;2;1;4;1;1;1;1;1;1;1;1;2;1;1;1;2;1;1;1;1;1;1;1;3;1;1;1;1;1;1;1;1;1;1;2;1;1;1;2;1;1;1;1;1;1;1;1;1;1;1;2;1;1;1;1;2;2;1;1;1;1;1;1;2;1;2;2;2;2;2;2;2;1;2;1;1;1;1;1;1;1;1;1;1;1;1;1;1;1;1;1;1;1;1;1;1;1;2;1;1;1;1;1;1;1;1;2;1;1;3;1;2;2;2;1;2;1;1;2;2;1;1;1;1;1;1;1;1;1;1;1;1;1;1;1;2;1;1;1;1;1;1;1;2;1;1;1;1;1;1;1;3;1;1;1;1;1;1;1;1;2;2;1;1;1;1;1;1;1;1;1;1;1;1;1;1;1;1;1;1;1;1;1;1;1;1;1;1;1;1;4;4;3;4;3;1;1;1;1;1;1;1;1;1;1;1;1;1;1;1;1;1;1;1;1;1;1;1;1;1;1;1;1;1;1;1;;48;Portugal;Portugal;A maior parte da minha vida;Sim;Grande Lisboa;Benfica (LISBOA);Urbano;Branca;;;;;;;Cisgénero (identifica-se com o sexo atribuído à nascença);Masculino;Ensino Superior concluído (Licenciatura/bacharelato, mestrado, doutoramento);Empregado/a;Médio-alto;4001 - 6000 €;Casado/a ou em União de Facto;2;Sim, tenho 1 filho/a;Mais ou menos Importante;Não, nunca tive;0;Não;;;;;;;Sim;Tenho seguro de saúde que cobre despesas relacionadas com saúde mental;Não;Não, nunca ou raramente.;;;;;;;;;Luto;;;;;;5 ou mais pessoas;Uso mensal (pelo menos 1 vez por mês);Nunca;Uso diário ou quase diário, várias vezes por dia;Nunca;Nunca;Nunca;Nunca;Nunca;Uso mensal (em média 1 vez por mês);Nunca;Uso diário ou quase diário, várias vezes ao dia;Nunca;Nunca
1;1;2;1;1;1;1;1;1;1;1;1;1;2;1;2;2;1;1;1;2;1;1;2;1;1;1;2;3;1;1;1;1;1;1;3;1;1;2;1;2;3;2;3;2;2;1;1;2;2;1;1;1;2;2;2;1;1;1;1;1;1;1;2;1;2;3;1;2;3;1;3;2;2;2;2;1;1;1;1;2;2;2;1;1;1;1;1;1;2;1;2;3;1;2;1;1;1;1;1;1;2;1;1;2;2;3;2;2;2;2;2;2;3;1;1;2;3;1;1;2;1;2;1;1;1;1;1;2;2;2;2;2;2;1;2;2;2;2;2;1;1;1;1;1;1;1;1;1;1;1;1;1;1;1;2;1;1;2;1;1;3;1;1;1;2;2;1;1;1;1;1;1;1;1;1;1;2;1;4;1;1;1;1;3;2;2;2;2;2;4;2;2;1;1;2;2;3;2;4;3;2;1;2;1;3;2;1;2;2;2;2;2;3;3;1;2;1;1;1;1;1;1;2;1;2;2;3;2;1;1;2;1;1;1;2;1;1;1;1;1;2;1;2;2;2;1;2;2;2;1;1;1;1;1;1;1;1;1;2;1;1;1;1;1;1;1;1;1;1;1;1;1;2;2;3;2;4;1;2;1;2;1;1;1;1;1;1;1;1;1;1;1;1;1;1;1;1;1;1;1;1;1;1;1;1;2;2;1;2;1;2;1;1;1;1;2;2;3;2;2;2;2;3;2;2;2;1;1;1;2;1;1;2;1;1;1;1;1;1;1;1;1;1;3;3;3;3;1;1;1;2;1;1;1;1;2;3;2;2;2;3;2;2;2;2;2;1;1;1;1;1;1;1;1;1;1;1;2;2;1;1;2;1;1;1;1;1;3;1;1;1;1;3;1;1;1;1;1;1;3;3;3;2;4;4;2;2;2;3;1;1;1;1;1;1;1;1;1;1;1;3;1;1;1;1;1;1;1;1;1;1;1;1;1;1;;55;Portugal;Portugal;A maior parte da minha vida;Sim;Norte;Lordelo do Ouro e Massarelos (PORTO);Urbano;Branca;;;;;;;Cisgénero (identifica-se com o sexo atribuído à nascença);Masculino;Ensino Superior concluído (Licenciatura/bacharelato, mestrado, doutoramento);Empregado/a;Médio-alto;Não sei/prefiro não responder;Casado/a ou em União de Facto;4;Sim, tenho 3 filhos/as;Mais ou menos Importante;Não, nunca tive;0;Não;;;;;;;Não procurei ajuda porque não precisei;Tenho seguro de saúde que cobre despesas relacionadas com saúde mental;Não;Não, nunca ou raramente.;;;;;;;;;;;;;;Não experienciei nenhuma destas situações;5 ou mais pessoas;Nunca;Nunca;Uso diário ou quase diário, várias vezes por dia;Nunca;Nunca;Nunca;Nunca;Nunca;Uso quase diário ou diário;Ocasionalmente (menos de 1 vez por mês);Uso diário ou quase diário, várias vezes ao dia;Nunca;Nunca
1;1;1;1;1;1;1;1;1;1;1;1;1;1;1;1;1;2;1;2;2;1;1;1;2;3;2;2;2;2;2;1;2;1;1;1;1;1;1;3;1;1;1;1;1;1;1;2;1;1;1;1;1;1;1;1;1;1;1;1;1;1;1;1;1;1;1;1;2;1;2;2;2;1;1;1;1;1;1;1;1;1;1;1;1;1;1;1;1;1;1;1;3;1;1;1;1;1;1;1;1;1;1;1;1;2;2;2;1;1;1;1;1;1;1;1;1;1;1;1;1;1;1;1;1;1;1;1;1;1;1;3;1;2;1;2;2;3;2;1;1;3;2;1;1;2;2;1;2;1;1;1;1;1;1;1;1;2;2;1;2;2;1;1;1;1;1;1;1;1;1;1;1;1;1;1;1;2;1;1;1;1;1;2;1;1;1;2;1;1;1;1;1;2;1;1;1;1;1;1;2;2;1;1;1;3;1;1;3;2;3;2;1;1;1;1;1;1;1;1;1;1;1;1;1;2;1;1;2;1;1;1;1;3;2;3;3;3;1;1;1;1;1;1;1;1;2;1;1;1;1;1;1;1;1;1;1;1;1;1;1;1;1;1;1;1;1;1;1;1;1;1;1;1;1;2;1;1;2;2;2;2;2;1;2;1;1;1;1;1;1;1;1;1;1;1;1;1;1;1;1;1;1;1;1;1;1;1;1;1;1;1;1;1;1;1;2;2;2;1;2;1;1;2;1;1;1;1;1;1;1;1;1;1;1;1;1;1;1;1;1;1;1;1;1;2;1;2;1;1;1;1;1;1;1;1;1;1;1;2;1;3;1;1;1;1;1;1;1;1;2;2;1;1;1;1;2;1;1;1;1;1;1;1;1;1;2;1;1;1;1;1;1;1;2;1;1;1;1;1;2;3;3;3;3;1;2;2;1;1;1;1;1;1;1;1;1;1;1;1;1;1;1;1;1;1;1;1;1;1;1;1;1;1;1;1;;52;Portugal;Portugal;Toda a vida;Sim;Península de Setúbal;Quinta do Anjo (PALMELA);Semiurbano;Branca;;;;;;;Cisgénero (identifica-se com o sexo atribuído à nascença);Masculino;Ensino Secundário concluído (10º, 11º, 12º ano);Empregado/a;Médio;2 801 - 4 000 €;Casado/a ou em União de Facto;2;Sim, tenho 2 filhos/as;Mais ou menos Importante;Não, nunca tive;0;Não;;;;;;;Sim;Não tenho a certeza;Não;Não, nunca ou raramente.;;;;;;Sobrecarga de cuidados a crianças, idosos ou pessoas dependentes;;;;;;;;;2-4 pessoas;Ocasionalmente (1 - 10 vezes em todo o ano);Nunca;Nunca;Nunca;Nunca;Nunca;Nunca;Nunca;Uso mensal (em média 1 vez por mês);Só para experimentar (1-3 vezes na vida);Só para experimentar (1-3 vezes na vida);Nunca;Nunca
2;1;2;2;1;1;1;1;1;1;1;1;1;1;1;1;2;2;2;2;1;1;1;1;1;2;1;2;2;1;2;1;2;1;2;1;3;1;2;1;2;3;2;3;2;2;1;1;1;1;1;2;2;1;2;2;1;1;1;2;1;1;1;1;1;3;2;1;2;4;1;2;1;1;1;1;1;1;1;1;1;2;2;1;1;1;1;1;1;1;1;1;3;1;2;1;1;1;1;1;1;2;3;1;2;3;2;1;1;2;2;1;1;3;1;3;1;2;2;2;2;2;2;1;2;1;1;1;1;1;2;2;1;1;1;2;2;2;2;1;2;2;1;1;2;1;1;1;1;1;1;1;1;1;1;1;1;1;1;2;1;2;1;1;1;3;2;1;1;1;1;1;1;1;1;1;1;2;2;2;1;1;1;2;1;2;2;1;2;2;2;2;1;1;1;3;4;3;3;3;4;3;1;2;1;2;2;1;3;3;4;1;1;1;1;1;1;1;1;2;1;1;1;1;1;2;2;2;3;1;2;1;2;1;1;1;1;1;4;2;1;1;1;2;2;1;1;1;1;1;2;1;1;1;1;1;1;1;2;1;1;2;1;1;1;1;1;1;1;1;1;1;1;2;2;3;3;3;2;3;2;2;1;1;1;1;1;1;1;1;1;1;1;1;1;1;1;1;1;1;1;1;2;2;2;1;2;2;1;1;1;2;1;1;1;1;2;1;1;2;2;2;3;2;4;3;2;2;2;1;2;1;1;3;1;2;1;1;1;1;1;1;1;1;1;2;1;1;1;1;1;1;1;1;1;1;1;3;1;2;1;2;3;2;2;4;2;2;1;3;1;1;1;1;1;1;1;1;1;1;1;1;1;1;2;1;3;1;2;1;1;1;1;2;1;1;1;1;1;1;3;2;2;2;2;2;3;3;2;2;1;1;1;1;2;1;2;2;1;1;1;2;2;1;1;1;1;1;1;1;1;1;1;1;1;1;;53;Portugal;Portugal;A maior parte da minha vida;Sim;Centro;Buarcos (FIGUEIRA DA FOZ);Semiurbano;Branca;;;;;;;Cisgénero (identifica-se com o sexo atribuído à nascença);Masculino;Ensino Superior concluído (Licenciatura/bacharelato, mestrado, doutoramento);Empregado/a;Médio;2 801 - 4 000 €;Casado/a ou em União de Facto;4;Sim, tenho 2 filhos/as;Mais ou menos Importante;Não, nunca tive;0;Não;;;;;;;Sim;Tenho seguro de saúde que cobre despesas relacionadas com saúde mental;Não;Não, nunca ou raramente.;;;;;;;;;;;;;;Não experienciei nenhuma destas situações;5 ou mais pessoas;Uso semanal (pelo menos 1 vez por semana);Nunca;Nunca;Nunca;Nunca;Nunca;Nunca;Nunca;Uso semanal (pelo menos 1 vez por semana);Nunca;Nunca;Nunca;Nunca
1;1;1;1;1;1;1;1;1;1;1;1;1;1;1;1;1;1;2;1;1;1;1;1;1;1;1;1;1;1;1;1;2;1;1;1;1;1;1;1;2;4;1;1;1;1;1;1;1;1;1;1;1;1;1;1;1;1;1;1;1;1;1;1;1;2;1;1;1;1;1;2;1;1;1;1;1;1;1;1;1;1;1;1;1;1;1;1;1;1;1;1;1;1;1;1;1;1;1;1;1;1;1;1;1;1;1;1;1;1;1;1;1;2;1;1;1;2;1;1;1;1;1;1;1;2;1;1;3;1;1;1;1;1;1;1;1;1;1;1;1;1;1;1;1;1;1;1;1;1;1;1;1;1;1;1;1;1;1;2;1;1;1;1;1;1;1;1;1;1;1;1;1;1;1;1;1;2;2;2;1;1;1;1;1;2;1;1;3;1;1;1;1;1;1;1;4;4;1;4;4;4;1;1;1;1;2;1;1;1;1;1;1;1;1;1;1;1;1;1;1;1;1;2;1;3;2;2;2;1;1;2;1;1;1;1;1;1;1;1;1;1;1;1;1;1;1;1;1;1;1;1;1;1;1;1;1;1;1;1;1;1;1;1;1;1;1;1;1;1;1;1;1;2;1;1;4;3;1;2;1;1;1;1;1;1;1;1;1;1;1;1;1;1;1;1;1;1;1;1;1;1;1;1;1;1;1;2;1;2;1;2;1;1;1;1;1;1;2;2;1;4;4;4;1;4;4;1;1;1;1;1;1;1;1;1;1;1;1;1;1;1;1;1;1;1;1;1;1;1;1;1;1;1;1;1;1;2;1;1;1;2;1;1;1;1;1;2;2;3;1;1;1;1;1;1;1;1;1;1;1;1;1;1;1;1;1;1;1;1;1;1;1;1;1;1;1;1;1;1;2;4;2;3;3;1;1;1;2;1;1;2;1;1;1;1;2;1;1;1;1;1;1;1;1;1;1;1;1;1;1;1;1;1;1;1;;47;Portugal;Portugal;Toda a vida;Sim;Alentejo;Serpa (Salvador e Santa Maria) (SERPA);Urbano;Branca;;;;;;;Cisgénero (identifica-se com o sexo atribuído à nascença);Masculino;Ensino Secundário concluído (10º, 11º, 12º ano);Empregado/a;Médio;1 801 - 2800 €;Casado/a ou em União de Facto;4;Sim, tenho 2 filhos/as;Nada Importante;Não, nunca tive;0;Não;;;;;;;Não procurei ajuda porque não precisei;Não tenho seguro de saúde;Não;Não, nunca ou raramente.;;;;;;;;;;;;;;Não experienciei nenhuma destas situações;5 ou mais pessoas;Nunca;Uso mensal (pelo menos 1 vez por mês);Uso diário ou quase diário, várias vezes por dia;Nunca;Nunca;Nunca;Nunca;Nunca;Nunca;Ocasionalmente (menos de 1 vez por mês);Uso diário ou quase diário, várias vezes ao dia;Nunca;Nunca
1;2;1;1;1;1;1;1;1;1;1;1;1;1;1;1;1;3;2;1;1;1;2;1;1;2;2;2;2;1;3;2;3;2;2;1;1;1;1;1;1;2;2;2;1;1;1;1;1;2;1;2;1;3;2;2;1;1;1;1;1;1;1;1;1;1;1;1;3;2;2;3;1;1;1;1;1;1;1;1;2;3;2;1;1;1;1;1;1;1;1;1;2;1;1;1;1;1;1;1;1;1;2;1;2;2;3;1;1;2;2;1;3;3;1;2;1;1;1;1;1;2;1;1;1;1;1;1;1;1;1;2;1;1;1;2;2;2;2;2;2;3;1;1;1;1;1;1;1;1;1;1;1;1;1;1;1;1;1;1;2;2;1;1;1;3;2;1;1;1;1;1;1;1;1;1;1;1;2;3;1;1;1;3;2;2;1;2;3;2;1;1;1;1;1;2;1;4;3;3;3;3;1;1;1;2;2;2;2;3;1;2;1;1;1;3;1;1;1;1;1;1;1;2;1;2;2;2;2;1;1;1;1;3;2;2;2;1;1;1;2;1;2;1;3;1;1;2;2;1;2;1;1;1;1;1;1;1;1;1;1;1;1;1;1;1;1;1;1;1;1;1;1;3;2;2;3;3;2;1;1;1;1;1;1;1;2;2;1;1;1;1;1;1;1;1;1;1;1;1;1;1;2;1;1;1;1;2;1;1;1;1;1;2;1;1;1;2;3;2;2;4;3;4;2;4;3;1;1;1;1;1;1;1;1;3;3;2;4;2;1;1;1;1;1;1;2;1;1;1;1;1;1;1;1;1;1;3;2;2;2;3;3;1;1;4;2;1;1;2;1;2;2;2;2;1;1;3;1;1;2;3;1;2;1;1;2;1;1;1;1;1;1;2;2;1;2;1;1;1;2;2;3;2;2;1;1;1;2;1;1;1;1;1;1;1;1;1;1;1;1;1;1;1;1;1;1;1;1;1;1;1;1;1;1;1;;46;Portugal;Portugal;Toda a vida;Sim;Centro;Aguada de Baixo (ÁGUEDA);Urbano;Branca;;;;;;;Cisgénero (identifica-se com o sexo atribuído à nascença);Feminino;Ensino Superior concluído (Licenciatura/bacharelato, mestrado, doutoramento);Empregado/a;Médio;1 801 - 2800 €;Solteiro/a;1, sou só eu;Não;Nada Importante;Não, nunca tive;0;Não;;;;;;;Sim;Tenho seguro de saúde, mas não cobre despesas relacionadas com saúde mental;Não;Não, nunca ou raramente.;;;Insegurança laboral (salários em atraso, contratos precários ou temporários, sem proteção social em caso de despedimento, ou outros);;;;;;;;;;;;2-4 pessoas;Nunca;Nunca;Nunca;Nunca;Nunca;Nunca;Nunca;Nunca;Ocasionalmente (menos de 1 vez por mês);Só para experimentar (1-3 vezes na vida);Uso diário ou quase diário, várias vezes ao dia;Nunca;Nunca
1;1;1;1;1;1;1;1;1;1;1;1;1;1;1;1;1;1;1;1;1;1;2;1;1;1;1;1;1;1;1;1;1;1;1;1;1;1;1;1;1;1;1;1;1;1;1;1;1;1;1;1;1;1;1;1;1;1;1;1;1;1;1;1;1;1;1;1;1;1;1;2;1;1;1;1;1;1;1;1;1;1;1;1;1;1;1;1;1;1;1;1;1;1;1;1;1;1;1;1;1;1;1;1;1;1;1;1;1;1;1;1;1;1;1;1;1;1;1;1;2;1;1;1;1;1;1;1;1;1;1;1;1;1;1;1;1;1;1;1;1;1;1;1;1;1;1;1;2;1;1;1;1;1;1;1;1;1;1;1;1;1;1;1;1;1;1;1;1;1;1;1;1;1;1;1;1;1;2;2;1;1;1;3;1;3;1;1;1;1;1;1;1;1;1;1;2;2;1;2;2;2;1;1;1;1;1;1;1;1;1;1;1;1;1;1;1;1;1;1;1;1;1;1;3;1;1;1;1;1;1;1;1;1;1;2;1;1;1;1;1;1;1;1;1;1;2;1;1;1;1;1;1;1;1;1;1;1;2;2;2;2;1;1;1;1;1;1;1;1;1;1;1;1;1;1;1;1;1;2;2;1;1;1;1;1;1;1;1;1;1;1;1;1;1;1;1;1;1;1;1;1;1;1;1;1;1;1;1;1;1;1;1;1;1;1;1;1;1;1;2;2;2;2;1;1;2;1;1;1;1;1;1;1;1;1;1;1;1;1;1;1;1;1;1;1;1;1;1;1;1;1;1;1;1;1;1;1;1;1;1;1;1;1;1;1;1;1;1;1;1;1;1;1;1;1;1;1;1;1;1;1;1;1;1;1;1;1;1;1;1;1;1;1;1;1;1;1;1;1;3;3;3;4;4;1;1;1;1;1;1;1;1;1;1;1;1;2;1;1;1;1;1;1;1;1;1;1;1;1;1;1;1;1;1;1;;60;Portugal;Portugal;A maior parte da minha vida;Sim;Região Autónoma da Madeira;Imaculado Coração de Maria (FUNCHAL);Urbano;Branca;;;;;;;Cisgénero (identifica-se com o sexo atribuído à nascença);Masculino;Ensino Superior concluído (Licenciatura/bacharelato, mestrado, doutoramento);Empregado/a;Médio;Mais de 6 000 €;Casado/a ou em União de Facto;3;Sim, tenho 2 filhos/as;Pouco Importante;Não, nunca tive;0;Não;;;;;;;Sim;Tenho seguro de saúde que cobre despesas relacionadas com saúde mental;Não;Não, nunca ou raramente.;;;;;;;;;;;;;;Não experienciei nenhuma destas situações;2-4 pessoas;Uso semanal (pelo menos 1 vez por semana);Nunca;Nunca;Nunca;Nunca;Nunca;Nunca;Nunca;Uso semanal (pelo menos 1 vez por semana);Só para experimentar (1-3 vezes na vida);Só para experimentar (1-3 vezes na vida);Nunca;Nunca
2;1;2;2;1;1;1;1;1;1;1;1;1;1;1;2;1;2;2;4;2;1;2;3;3;2;2;2;2;1;2;1;1;1;1;2;2;1;1;1;3;3;3;2;2;1;1;1;1;1;1;1;1;3;2;2;1;1;1;2;1;1;1;1;1;1;1;1;2;2;2;2;2;1;1;2;1;1;1;1;1;1;1;1;1;1;1;1;1;2;1;1;4;2;2;2;1;1;1;1;1;2;2;2;3;3;3;2;1;2;2;2;3;3;2;3;2;1;2;1;2;1;1;1;1;1;1;1;1;2;1;1;1;1;1;2;2;2;2;1;1;1;1;1;1;1;1;1;1;1;1;1;1;1;1;1;1;1;3;1;1;3;2;1;1;2;1;2;1;1;1;1;1;1;1;1;1;1;2;3;1;1;1;2;1;2;2;1;3;1;2;3;1;2;3;3;2;2;4;2;3;3;1;3;3;2;2;2;4;3;3;4;2;1;2;2;2;2;1;1;1;1;1;1;1;2;2;2;2;1;1;1;1;1;1;1;1;1;2;1;1;2;1;2;3;1;2;2;1;1;1;1;1;1;1;1;1;1;1;1;1;1;1;2;1;3;2;1;1;1;1;1;1;1;2;1;2;2;1;1;1;1;2;2;1;1;1;1;2;1;1;1;1;1;1;1;1;1;1;1;1;1;2;2;2;2;2;4;1;2;1;3;1;1;1;2;1;2;1;1;1;2;3;3;1;2;2;1;1;1;1;1;1;1;1;2;2;2;2;1;1;1;1;1;1;3;2;2;2;1;1;1;1;1;1;1;1;3;2;3;2;3;2;2;2;1;2;3;2;3;2;2;1;1;2;1;1;1;1;1;1;3;2;2;2;3;1;3;2;1;1;1;2;2;3;1;2;1;1;1;2;3;3;2;3;2;4;2;1;3;1;1;1;1;1;1;1;1;1;1;1;1;1;1;1;1;1;1;1;1;1;1;1;1;1;1;;56;Portugal;Portugal;Toda a vida;Sim;Norte;Santa Joana (AVEIRO);Semiurbano;Branca;;;;;;;Cisgénero (identifica-se com o sexo atribuído à nascença);Feminino;Ensino Superior concluído (Licenciatura/bacharelato, mestrado, doutoramento);Empregado/a;Médio-baixo;1 201 - 1 500 €;Casado/a ou em União de Facto;3;Sim, tenho 2 filhos/as;Muito Importante;Não, nunca tive;0;Não;;;;;;;Sim, mas com algumas dificuldades;Tenho seguro de saúde que cobre despesas relacionadas com saúde mental;Não;Não, nunca ou raramente.;Dificuldades económicas recorrentes para pagar despesas essenciais (contas de luz, água, aquecimento, alimentação, etc);;;;;;Conflitos familiares ou relacionais persistentes;;;;;;;;2-4 pessoas;Nunca;Nunca;Nunca;Nunca;Nunca;Nunca;Nunca;Nunca;Nunca;Nunca;Nunca;Nunca;Nunca
2;1;1;1;2;1;1;1;1;1;1;1;1;1;1;1;1;2;2;2;3;1;2;1;2;2;1;2;3;1;2;1;2;1;1;1;1;1;1;1;2;2;2;2;1;2;1;1;1;2;1;1;1;1;2;1;1;1;1;1;1;1;1;1;1;1;1;1;2;3;1;3;2;4;1;4;1;1;1;1;1;2;1;1;1;1;2;1;1;1;1;1;4;1;2;1;1;1;1;1;1;1;1;1;2;2;3;1;1;2;1;1;2;2;1;1;1;3;2;2;2;2;2;1;1;1;1;1;2;1;1;2;1;1;1;1;1;2;2;1;2;2;1;2;1;1;1;1;1;1;1;1;1;2;2;1;1;2;2;1;1;1;1;1;1;1;1;1;1;1;1;1;1;1;1;1;1;3;2;3;1;1;1;2;2;3;1;2;2;2;1;2;2;2;2;2;2;2;2;2;2;2;1;2;2;2;2;1;2;2;2;1;4;2;4;3;4;2;1;1;1;2;1;3;1;3;2;1;2;1;1;1;1;2;2;2;2;1;1;1;1;1;2;2;2;2;2;1;1;1;1;1;1;1;1;1;1;1;1;1;1;1;1;2;1;2;2;1;1;1;1;1;1;2;2;2;3;3;1;1;1;1;2;2;2;1;1;1;1;1;1;1;1;1;1;1;1;1;1;1;1;1;1;1;1;1;1;1;1;2;1;2;1;1;1;1;1;2;2;2;1;2;4;3;2;4;2;1;1;1;1;1;1;1;1;2;2;2;4;1;1;1;1;1;2;1;2;2;1;3;1;1;1;1;1;1;1;2;2;2;2;2;2;1;1;1;2;1;1;3;2;2;1;1;2;1;1;1;1;1;1;2;2;1;1;1;1;1;1;1;1;1;1;1;1;2;1;1;1;1;3;4;4;4;4;3;4;3;3;4;1;1;1;1;1;1;1;1;1;1;1;1;1;1;1;1;1;1;1;1;1;1;1;1;1;1;;60;Portugal;Portugal;Toda a vida;Sim;Centro;Cernache (COIMBRA);Urbano;Branca;;;;;;;Cisgénero (identifica-se com o sexo atribuído à nascença);Feminino;Ensino Superior concluído (Licenciatura/bacharelato, mestrado, doutoramento);Empregado/a;Médio;4001 - 6000 €;Casado/a ou em União de Facto;3;Sim, tenho 1 filho/a;Mais ou menos Importante;Não, nunca tive;0;Não;;;;;;;Sim;Não tenho a certeza;Não;Por vezes;;;;;;;;;;;;;;Não experienciei nenhuma destas situações;5 ou mais pessoas;Uso semanal (pelo menos 1 vez por semana);Nunca;Nunca;Nunca;Nunca;Nunca;Nunca;Nunca;Uso quase diário ou diário;Nunca;Uso diário ou quase diário, várias vezes ao dia;Nunca;Só para experimentar (1-3 vezes na vida)
1;1;1;1;1;1;1;1;1;1;1;1;1;3;1;3;1;1;1;3;1;1;1;1;1;1;1;1;1;1;1;1;2;1;1;1;1;1;1;1;1;1;1;1;1;1;1;1;1;1;1;2;3;3;1;2;1;1;1;1;1;1;1;1;1;1;1;1;1;1;1;1;1;1;1;1;1;1;1;1;2;2;2;2;1;1;1;1;1;3;1;1;2;1;3;1;1;1;1;1;1;3;3;1;4;4;4;4;4;3;4;4;2;3;1;4;3;1;1;1;1;1;1;1;4;1;1;1;1;1;1;3;1;2;1;2;3;3;3;2;1;1;1;1;1;1;1;1;1;1;1;1;1;1;1;1;1;1;2;1;1;4;3;1;1;2;2;1;1;1;1;2;1;1;1;1;1;1;1;1;1;1;1;1;1;1;1;1;1;1;1;1;1;1;1;1;3;3;1;1;4;3;1;1;1;1;1;1;3;2;2;2;2;2;3;1;2;1;1;1;1;1;1;1;1;3;1;1;3;2;2;1;2;1;1;1;1;1;1;1;2;2;1;1;2;3;1;2;1;2;1;1;1;1;1;1;1;1;1;2;1;1;1;1;1;3;1;1;1;1;1;1;1;3;1;1;3;3;1;3;1;1;1;1;1;1;1;1;1;1;1;1;1;1;1;1;1;1;1;1;1;1;1;1;1;1;1;2;1;1;1;2;1;1;1;1;1;2;2;2;1;3;2;3;2;3;3;1;1;1;1;2;2;2;2;1;1;1;1;1;1;1;1;1;1;2;1;2;1;1;1;2;1;2;1;1;1;1;2;1;1;3;2;1;1;1;1;1;1;1;1;1;1;1;1;1;1;1;1;1;1;1;1;1;2;1;1;3;2;1;3;1;1;1;1;1;1;1;1;1;1;2;1;1;1;1;3;4;1;1;1;1;1;1;1;1;1;1;1;1;1;1;1;1;1;1;1;1;1;1;1;1;1;1;1;1;;47;Portugal;Portugal;Toda a vida;Sim;Centro;Santo António dos Olivais (COIMBRA);Urbano;Branca;;;;;;;Cisgénero (identifica-se com o sexo atribuído à nascença);Masculino;Ensino Superior concluído (Licenciatura/bacharelato, mestrado, doutoramento);Empregado/a;Baixo;Até 1 050€;Solteiro/a;3;Não;Mais ou menos Importante;Não, nunca tive;0;Não;;;;;;;Sim;Não tenho a certeza;Sim, mais de 15 dias;Bastantes vezes;;;;;;;Conflitos familiares ou relacionais persistentes;;;;;;;;2-4 pessoas;Ocasionalmente (1 - 10 vezes em todo o ano);Nunca;Nunca;Nunca;Nunca;Nunca;Nunca;Nunca;Ocasionalmente (menos de 1 vez por mês);Nunca;Nunca;Nunca;Nunca
1;1;1;1;1;1;1;1;1;1;1;1;1;1;1;1;1;2;1;1;1;1;1;1;1;1;1;1;2;1;2;2;2;2;1;1;1;1;1;1;1;1;1;2;1;2;1;1;1;1;1;1;1;1;1;1;1;1;1;1;1;1;1;1;1;1;1;1;4;4;2;4;3;1;1;1;1;1;1;1;1;1;1;1;1;1;1;1;1;1;1;1;2;1;1;1;1;1;1;1;1;1;1;1;1;2;2;1;1;1;1;1;1;2;1;1;1;2;2;2;2;2;1;1;1;2;1;1;2;1;1;1;1;1;1;1;1;1;1;1;1;2;1;1;1;1;1;1;1;2;1;1;1;2;2;2;2;2;1;1;1;1;1;1;1;2;3;1;1;1;1;1;1;1;1;1;1;2;1;4;1;1;1;4;4;3;1;1;2;1;1;1;1;2;1;2;2;3;1;2;3;2;1;1;1;1;2;1;1;1;1;1;1;1;1;1;1;1;2;3;2;3;1;2;2;1;2;1;2;1;1;1;1;3;2;2;2;1;1;1;1;1;1;1;2;1;2;2;2;1;1;1;1;1;1;1;1;1;2;1;2;1;1;1;1;1;1;1;1;1;1;1;1;1;2;3;2;2;1;1;1;1;1;2;2;1;1;1;1;1;1;3;1;1;1;1;1;1;1;1;1;1;1;1;1;3;2;1;1;1;1;1;1;1;1;1;2;1;2;2;2;2;2;2;2;2;2;2;2;1;2;1;1;1;1;1;1;1;1;1;1;1;1;1;1;1;1;1;1;1;1;1;1;1;1;1;1;2;1;2;2;2;1;1;1;1;1;2;1;2;2;2;1;2;1;1;1;1;1;1;1;1;1;1;1;1;1;1;1;1;1;1;1;3;1;1;1;1;1;1;4;3;4;4;4;2;3;2;2;2;1;1;1;1;1;1;1;1;1;1;1;1;1;1;1;1;1;1;1;1;1;1;1;1;1;1;;50;Portugal;Portugal;Toda a vida;Sim;Península de Setúbal;Alcochete (ALCOCHETE);Urbano;Branca;;;;;;;Cisgénero (identifica-se com o sexo atribuído à nascença);Feminino;Ensino Superior concluído (Licenciatura/bacharelato, mestrado, doutoramento);Empregado/a;Médio-alto;1 801 - 2800 €;Solteiro/a;3;Sim, tenho 2 filhos/as;Prefiro não responder;Não, nunca tive;0;Não;;;;;;;Sim;Tenho seguro de saúde, mas não cobre despesas relacionadas com saúde mental;Não;Não, nunca ou raramente.;;;;;;;;;;;;;;Não experienciei nenhuma destas situações;2-4 pessoas;Nunca;Nunca;Nunca;Nunca;Nunca;Nunca;Nunca;Nunca;Uso mensal (em média 1 vez por mês);Nunca;Nunca;Nunca;Nunca
1;2;1;1;2;1;1;1;1;1;1;1;1;1;1;1;1;2;1;4;1;1;2;2;1;2;4;3;2;2;4;3;2;3;1;1;1;1;1;1;2;3;2;2;2;1;1;1;2;1;1;1;2;1;2;1;1;1;1;1;1;1;1;2;1;2;2;1;2;2;1;2;4;1;1;1;2;1;1;1;1;2;2;2;1;1;1;3;1;1;1;2;2;1;4;2;2;2;1;2;1;2;2;2;2;3;2;2;2;2;2;1;2;4;1;2;1;2;2;2;2;1;1;2;1;1;1;1;1;1;1;1;1;1;1;1;1;1;2;1;1;1;1;1;2;1;1;1;1;1;1;1;1;2;2;1;2;2;2;1;2;2;2;1;1;1;2;1;1;1;1;1;1;1;1;1;1;2;2;2;1;1;1;2;2;2;1;1;2;1;1;1;1;4;2;3;4;3;1;2;3;2;1;2;1;2;1;2;3;4;2;2;1;1;1;2;2;2;1;1;1;1;1;1;1;2;2;2;4;2;2;2;2;1;1;2;1;1;2;1;1;1;1;1;1;1;2;1;1;2;2;1;1;1;1;1;1;1;1;1;1;1;1;2;1;2;1;1;1;1;1;1;1;1;1;1;2;1;2;2;2;2;3;2;3;3;1;2;1;1;1;1;1;1;3;1;1;1;2;1;1;1;1;1;1;1;1;4;1;1;1;4;1;2;1;1;1;2;1;1;1;2;2;3;2;4;2;1;1;1;1;2;1;1;1;1;1;2;4;2;1;1;1;1;1;1;2;1;1;1;2;1;1;2;1;1;1;2;2;2;3;2;2;2;1;1;2;2;2;2;2;2;2;1;1;1;2;1;2;1;1;3;1;2;2;2;2;2;2;1;2;1;1;4;1;2;1;1;1;1;2;2;2;3;2;1;3;1;2;1;1;2;1;1;1;2;1;1;1;1;1;1;1;1;1;1;1;1;1;1;1;1;2;1;1;1;;45;Portugal;Portugal;Toda a vida;Sim;Península de Setúbal;Alto do Seixalinho, Santo André e Verderena (BARREIRO);Urbano;Branca;;;;;;;Cisgénero (identifica-se com o sexo atribuído à nascença);Feminino;Ensino Secundário concluído (10º, 11º, 12º ano);Empregado/a;Médio;1 051 - 1 201 €;Solteiro/a;2;Sim, tenho 1 filho/a;Mais ou menos Importante;Não, nunca tive;0;Não;;;;;;;Não procurei ajuda porque não precisei;Tenho seguro de saúde que cobre despesas relacionadas com saúde mental;Não;Por vezes;Dificuldades económicas recorrentes para pagar despesas essenciais (contas de luz, água, aquecimento, alimentação, etc);Insegurança habitacional (atraso no pagamento de renda ou conta, risco de perda, sobrelotação, ou outros);;;;;;;;;;;;;5 ou mais pessoas;Uso diário ou quase diário;Nunca;Nunca;Nunca;Nunca;Nunca;Nunca;Uso semanal (pelo menos 1 vez por semana);Uso quase diário ou diário;Nunca;Nunca;Nunca;Uso semanal (pelo menos 1 vez por semana)
1;1;1;1;1;1;1;1;1;1;1;1;1;2;1;1;4;4;3;2;2;2;2;1;3;1;2;3;4;1;1;1;2;1;2;1;1;1;1;1;2;2;1;2;1;1;1;1;1;1;1;3;4;2;3;2;1;1;1;1;1;1;1;1;1;1;1;1;2;2;2;2;2;2;1;2;1;1;1;1;2;1;1;1;1;1;1;1;1;2;1;2;4;2;2;1;2;2;1;1;1;2;3;4;3;4;4;4;4;4;4;3;4;4;1;3;1;1;1;1;1;1;1;1;3;2;1;1;3;4;3;3;2;2;2;4;4;4;3;2;3;1;1;2;1;1;1;1;1;1;1;1;1;1;2;1;1;1;1;1;1;4;1;1;1;1;1;1;1;1;1;1;1;1;1;1;1;1;2;2;1;1;1;1;1;1;1;2;2;2;1;1;1;2;2;2;2;3;2;3;3;3;1;4;1;4;3;1;4;4;4;4;2;2;2;2;4;2;1;1;1;1;1;1;1;3;3;1;4;1;1;2;1;1;1;1;1;1;2;1;1;1;1;1;2;3;1;2;2;1;1;1;1;1;1;1;1;3;3;1;1;1;1;1;1;4;1;2;1;1;1;1;1;1;1;2;4;2;1;1;1;1;2;2;1;2;1;1;1;1;1;1;1;1;1;1;1;1;1;1;1;1;2;1;1;1;2;3;1;3;1;2;1;1;1;1;2;1;3;3;1;4;3;3;2;4;3;2;1;1;1;1;1;1;1;2;1;2;1;1;1;1;1;1;2;2;2;2;1;1;1;1;1;1;1;1;1;4;2;4;4;4;2;2;2;1;1;1;2;2;1;2;1;1;2;1;1;1;1;1;1;1;1;1;2;1;2;1;2;1;1;1;1;4;1;2;1;1;1;1;2;2;2;2;2;1;2;1;1;3;1;1;1;1;1;1;2;1;1;1;1;1;1;1;1;1;1;1;1;1;1;1;1;1;1;1;;48;Portugal;Portugal;Toda a vida;Sim;Norte;Vilar de Andorinho (VILA NOVA DE GAIA);Urbano;Branca;;;;;;;Cisgénero (identifica-se com o sexo atribuído à nascença);Feminino;Ensino Secundário concluído (10º, 11º, 12º ano);Empregado/a;Médio;1 501 - 1 800 €;Casado/a ou em União de Facto;2;Sim, tenho 3 filhos/as;Muito Importante;Não, nunca tive;0;Não;;;;;;;Sim, mas com algumas dificuldades;Não tenho seguro de saúde;Não;Bastantes vezes;;;Insegurança laboral (salários em atraso, contratos precários ou temporários, sem proteção social em caso de despedimento, ou outros);Insegurança física (nos trajetos do dia-a-dia e locais que costuma frequentar);;Sobrecarga de cuidados a crianças, idosos ou pessoas dependentes;;;Luto;;;;;;1 pessoa;Nunca;Nunca;Uso diário ou quase diário, várias vezes por dia;Nunca;Nunca;Nunca;Nunca;Nunca;Uso semanal (pelo menos 1 vez por semana);Uso diário ou quase diário, várias vezes ao dia;Uso diário ou quase diário, várias vezes ao dia;Nunca;Nunca
1;1;1;1;1;1;1;1;1;1;1;1;1;2;1;2;1;1;1;2;2;2;2;2;2;2;3;2;4;2;2;1;2;2;3;2;2;1;2;2;3;2;1;2;2;2;1;1;1;1;1;2;1;2;3;2;1;1;1;1;1;1;1;1;1;1;2;1;2;2;2;2;2;3;2;3;1;1;1;2;1;3;2;1;1;1;1;2;1;2;1;1;2;1;2;1;1;1;1;1;1;3;3;2;2;2;2;2;1;2;2;2;3;2;1;2;1;1;2;1;1;2;3;1;2;1;1;1;1;1;1;2;1;2;2;1;2;1;1;3;3;4;2;2;1;1;1;1;1;1;1;1;1;2;2;1;1;1;2;2;1;2;2;1;1;2;2;2;1;1;1;1;1;1;1;2;1;3;3;3;1;1;1;3;2;2;1;1;2;2;2;1;1;1;2;2;3;2;1;3;3;3;2;3;1;2;2;2;2;3;2;3;3;3;2;4;4;2;1;1;1;1;1;1;1;2;2;1;3;1;2;2;2;1;1;2;1;1;2;1;2;1;1;2;3;1;2;2;2;2;2;1;1;1;1;1;1;1;2;1;1;2;1;1;1;2;1;1;2;1;2;2;1;1;1;1;2;2;1;1;1;1;2;1;2;1;1;1;1;1;2;1;1;2;1;1;1;1;1;1;1;1;1;1;1;1;1;2;3;2;1;2;1;1;2;1;2;2;2;3;2;2;3;2;2;3;2;2;2;1;1;2;1;1;1;4;4;4;4;4;1;1;1;1;2;2;2;2;2;2;2;1;1;1;1;1;1;4;2;4;4;4;2;2;1;1;2;2;2;2;2;3;1;2;1;1;3;1;1;1;1;1;1;1;1;2;2;1;2;1;1;1;1;4;2;1;1;1;1;1;3;3;3;3;3;2;2;2;3;2;2;2;1;1;1;1;2;1;1;1;1;1;2;3;1;1;1;1;1;1;1;1;1;2;1;1;;46;Portugal;Portugal;A maior parte da minha vida;Sim;Região Autónoma dos Açores;Rosto do Cão (São Roque) (PONTA DELGADA);Urbano;Branca;;;;;;;Cisgénero (identifica-se com o sexo atribuído à nascença);Feminino;Ensino Secundário concluído (10º, 11º, 12º ano);Empregado/a;Médio-alto;1 051 - 1 201 €;Separado/a ou Divorciado/a;1, sou só eu;Sim, tenho 1 filho/a;Mais ou menos Importante;Não, nunca tive;0;Não;;;;;;;Não procurei ajuda porque não precisei;Tenho seguro de saúde, mas não cobre despesas relacionadas com saúde mental;Não;Não, nunca ou raramente.;;;;;;;;;;;;;;Não experienciei nenhuma destas situações;2-4 pessoas;Ocasionalmente (1 - 10 vezes em todo o ano);Nunca;Uso diário ou quase diário, várias vezes por dia;Nunca;Nunca;Nunca;Nunca;Ocasionalmente (1 - 10 vezes em todo o ano);Ocasionalmente (menos de 1 vez por mês);Nunca;Uso diário ou quase diário, várias vezes ao dia;Nunca;Só para experimentar (1-3 vezes na vida)
1;1;1;1;1;1;1;1;1;1;1;1;1;1;1;1;1;1;1;1;1;1;1;2;1;1;1;1;1;1;1;1;2;1;1;1;1;1;1;1;1;2;2;2;1;1;1;1;1;1;1;1;1;1;2;1;1;1;1;1;1;1;1;1;1;1;1;1;3;2;1;2;3;1;1;1;1;1;1;1;1;1;1;1;1;1;1;1;1;1;1;1;3;1;1;1;1;1;1;1;1;1;1;1;1;1;2;1;1;1;1;1;2;2;1;1;1;2;2;2;2;1;1;1;1;1;1;1;1;1;1;2;1;1;1;1;1;2;1;1;2;2;1;1;1;1;1;1;1;2;1;1;1;1;2;1;1;1;1;1;1;1;1;1;1;1;1;1;1;1;1;1;1;1;1;1;1;2;3;4;1;1;1;3;2;3;1;1;2;1;1;1;1;1;1;1;2;2;2;2;2;2;1;2;1;2;2;1;1;2;2;2;1;1;1;1;1;1;1;1;1;2;1;2;1;3;2;1;2;1;1;1;1;2;2;2;2;1;1;1;1;1;2;1;2;1;2;2;2;1;1;1;1;1;1;1;1;1;2;1;1;1;1;1;1;2;2;1;1;1;1;1;1;2;1;2;1;3;1;1;2;2;1;1;1;1;1;1;1;1;1;1;1;1;1;1;1;1;1;1;1;1;1;1;1;1;1;2;1;1;2;2;2;1;1;1;1;1;2;1;2;2;2;2;1;2;2;1;1;1;2;1;1;1;1;1;1;1;1;1;1;1;1;1;1;1;1;1;1;1;1;1;1;1;1;1;1;1;1;1;2;2;1;1;1;1;1;1;1;3;1;1;1;1;1;1;1;1;1;1;1;2;1;1;2;1;2;2;1;1;1;1;1;2;1;1;1;1;1;1;3;3;3;4;4;3;2;2;2;3;1;1;1;1;1;1;1;1;1;1;1;1;1;1;1;1;1;1;1;1;1;1;1;1;1;1;;57;Portugal;Portugal;A maior parte da minha vida;Sim;Centro;Leiria, Pousos, Barreira e Cortes (LEIRIA);Urbano;Branca;;;;;;;Cisgénero (identifica-se com o sexo atribuído à nascença);Masculino;Ensino Superior concluído (Licenciatura/bacharelato, mestrado, doutoramento);Empregado/a;Médio-alto;2 801 - 4 000 €;Casado/a ou em União de Facto;3;Sim, tenho 2 filhos/as;Mais ou menos Importante;Não, nunca tive;0;Não;;;;;;;Sim;Tenho seguro de saúde que cobre despesas relacionadas com saúde mental;Não;Não, nunca ou raramente.;;;;;;;;;;;;;;Não experienciei nenhuma destas situações;5 ou mais pessoas;Nunca;Nunca;Nunca;Nunca;Nunca;Nunca;Nunca;Nunca;Ocasionalmente (menos de 1 vez por mês);Nunca;Uso diário ou quase diário, várias vezes ao dia;Nunca;Nunca
1;1;1;1;1;1;1;1;1;1;1;1;1;1;1;1;1;1;1;2;1;1;1;2;1;1;1;1;1;1;1;1;2;1;1;1;1;1;1;1;2;2;2;3;1;1;1;1;1;1;1;1;1;1;1;2;1;1;1;1;1;1;1;1;1;2;3;2;1;1;2;1;1;1;1;1;1;1;1;1;1;1;2;1;1;1;1;1;2;2;1;2;2;1;1;1;1;1;1;1;1;2;2;1;1;2;2;2;2;2;2;2;1;2;1;2;1;1;1;1;1;2;1;1;1;1;2;1;1;1;1;2;2;1;1;2;2;2;2;1;1;1;1;1;1;1;1;1;1;1;1;1;1;1;1;1;1;1;2;1;1;2;2;1;1;1;1;1;1;1;1;1;1;1;1;1;1;1;2;2;1;1;1;1;1;1;1;1;1;1;1;1;1;1;1;1;2;2;2;3;2;2;1;2;1;2;2;2;3;3;3;3;1;1;1;1;1;1;1;2;1;1;1;3;2;3;2;2;2;1;2;2;1;1;1;3;1;1;1;1;1;1;1;2;1;1;2;2;2;2;1;1;1;1;1;1;1;1;1;1;2;2;1;1;1;2;1;1;1;1;1;1;1;1;2;2;2;2;1;1;1;1;1;1;1;1;1;1;1;1;1;1;1;1;1;1;1;1;1;1;1;1;1;1;1;1;1;2;2;1;1;2;1;1;1;1;1;1;2;1;2;2;3;3;2;2;2;1;1;1;1;1;1;1;1;2;2;2;2;2;1;1;1;1;1;1;1;1;1;1;1;1;1;1;1;1;1;3;2;2;2;2;2;2;2;1;2;1;1;1;1;2;1;1;1;1;1;1;1;1;1;1;1;1;2;2;2;3;1;1;1;1;1;1;1;1;1;1;1;1;3;2;2;3;1;2;3;2;3;1;1;1;1;1;1;1;1;1;1;1;2;1;1;1;1;1;1;1;1;1;1;1;1;1;1;1;;45;Portugal;Portugal;Toda a vida;Sim;Região Autónoma dos Açores;Praia da Vitória (Santa Cruz) (PRAIA DA VITÓRIA);Urbano;Branca;;;;;;;Cisgénero (identifica-se com o sexo atribuído à nascença);Masculino;Ensino Superior concluído (Licenciatura/bacharelato, mestrado, doutoramento);Empregado/a;Médio;4001 - 6000 €;Casado/a ou em União de Facto;2;Não;Mais ou menos Importante;Não, nunca tive;0;Não;;;;;;;Sim;Não tenho a certeza;Não;Não, nunca ou raramente.;;;;;;;Conflitos familiares ou relacionais persistentes;;;Separação/divórcio;;;;;2-4 pessoas;Uso mensal (pelo menos 1 vez por mês);Nunca;Uso diário ou quase diário, várias vezes por dia;Nunca;Nunca;Nunca;Nunca;Nunca;Ocasionalmente (menos de 1 vez por mês);Só para experimentar (1-3 vezes na vida);Uso quase diário ou diário;Nunca;Nunca
1;1;1;1;1;1;1;1;1;1;1;1;1;1;1;1;1;1;1;1;1;1;1;1;1;1;1;1;1;1;2;1;2;1;1;2;2;1;2;1;1;2;1;1;1;3;2;1;2;1;1;1;1;1;1;1;1;1;1;1;1;1;1;1;1;1;1;1;2;2;1;3;3;1;1;1;1;1;1;1;1;1;1;1;1;1;1;1;1;1;1;1;2;1;1;1;1;1;1;1;1;1;1;1;1;2;1;1;1;1;1;1;1;2;1;1;1;2;1;1;2;3;2;1;1;2;1;1;1;2;1;2;1;1;1;2;2;1;2;2;1;2;1;2;1;1;1;1;1;1;1;1;1;1;1;2;1;2;1;1;1;2;1;1;2;3;1;1;1;1;1;1;1;1;1;1;1;3;2;2;1;1;1;2;3;3;1;1;2;2;1;1;1;1;1;2;1;2;1;2;2;1;1;1;1;2;2;1;1;1;1;1;1;1;1;1;1;1;3;2;1;3;1;2;3;1;2;1;1;1;1;1;1;1;1;1;1;1;1;1;1;1;1;1;1;1;2;2;2;1;1;1;1;1;1;1;1;2;1;1;1;1;1;1;1;1;1;1;1;1;1;1;1;2;1;3;3;3;1;2;1;1;1;1;1;1;1;1;1;1;1;1;1;1;1;1;1;1;1;1;1;1;1;1;1;1;1;2;2;1;1;1;2;1;1;1;1;1;2;1;2;1;2;1;2;2;2;1;1;1;1;1;1;1;1;2;1;1;1;1;1;1;1;1;1;2;1;1;1;1;1;1;1;1;1;1;1;1;1;2;2;2;1;1;1;1;1;1;1;2;1;1;1;1;1;1;1;1;1;1;1;1;1;1;1;1;1;1;1;1;1;1;1;2;1;1;1;1;1;1;2;3;2;3;3;2;2;2;2;2;1;1;1;1;1;1;1;1;1;1;1;1;1;1;1;1;1;1;1;1;1;1;1;1;1;1;;53;Portugal;Portugal;Toda a vida;Sim;Norte;Lordelo do Ouro e Massarelos (PORTO);Urbano;Branca;;;;;;;Cisgénero (identifica-se com o sexo atribuído à nascença);Masculino;Ensino Superior concluído (Licenciatura/bacharelato, mestrado, doutoramento);Empregado/a;Alto;Mais de 6 000 €;Separado/a ou Divorciado/a;2;Sim, tenho 1 filho/a;Nada Importante;Não, nunca tive;0;Não;;;;;;;Não procurei ajuda porque não precisei;Tenho seguro de saúde que cobre despesas relacionadas com saúde mental;Não;Não, nunca ou raramente.;;;;;;;;;;;;;;Não experienciei nenhuma destas situações;2-4 pessoas;Uso semanal (pelo menos 1 vez por semana);Nunca;Nunca;Nunca;Nunca;Nunca;Nunca;Nunca;Uso semanal (pelo menos 1 vez por semana);Nunca;Nunca;Nunca;Nunca
1;1;1;1;1;1;1;1;1;1;1;1;1;2;1;2;1;1;2;1;2;1;1;1;2;2;3;3;4;1;1;1;2;1;2;3;3;2;2;2;2;2;2;2;2;1;1;1;1;1;1;2;2;1;2;2;1;1;1;1;1;1;1;1;1;1;2;1;2;1;1;3;1;1;1;1;1;1;1;1;1;2;3;1;1;2;2;3;1;1;2;1;1;1;1;1;1;1;1;1;2;2;2;2;1;2;3;2;2;2;3;2;3;3;1;3;2;2;1;2;1;2;2;1;1;1;1;1;2;2;1;2;1;1;1;2;2;1;3;1;1;3;1;2;1;1;1;1;1;1;1;1;1;1;1;1;1;1;1;1;3;2;1;1;1;1;1;1;1;1;1;1;1;1;1;1;1;2;1;4;1;1;1;2;2;2;1;1;1;1;2;2;1;1;1;2;3;4;1;3;4;3;1;2;1;2;3;2;3;2;3;3;1;1;1;1;1;1;1;1;1;1;1;3;1;2;3;3;3;1;2;2;1;3;3;1;1;3;1;1;1;1;1;1;3;2;1;2;2;1;1;1;1;1;1;1;1;1;2;1;3;1;1;1;1;1;1;1;1;1;1;1;1;3;1;1;3;2;1;1;2;1;1;1;1;1;1;1;1;1;1;1;1;1;1;1;1;1;1;1;1;1;1;1;1;3;1;3;2;2;1;3;3;1;1;1;3;2;4;3;2;2;3;3;2;2;3;1;2;1;1;1;1;1;1;1;1;1;1;1;1;1;1;1;1;1;1;1;1;1;1;1;1;1;1;1;1;2;4;3;2;2;1;1;1;4;2;2;1;2;2;1;1;1;1;1;1;1;1;1;1;1;1;1;1;1;1;1;1;1;1;1;1;3;1;1;1;1;2;1;2;2;1;2;2;1;3;1;1;2;1;2;1;1;1;1;2;1;1;1;1;1;1;1;1;1;1;1;1;1;1;1;1;1;1;1;;58;Portugal;Reino Unido;A maior parte da minha vida;Sim;Não aplicável;Não Aplicável;Urbano;Branca;;;;;;;Cisgénero (identifica-se com o sexo atribuído à nascença);Masculino;Ensino Superior concluído (Licenciatura/bacharelato, mestrado, doutoramento);Empregado/a;Médio-alto;Mais de 6 000 €;Casado/a ou em União de Facto;5;Sim, tenho 3 filhos/as;Nada Importante;Não, nunca tive;0;Não;;;;;;;Sim;Não tenho seguro de saúde;Não;Não, nunca ou raramente.;;;;;;;;;;;;;;Não experienciei nenhuma destas situações;2-4 pessoas;Uso semanal (pelo menos 1 vez por semana);Nunca;Uso diário ou quase diário, várias vezes por dia;Nunca;Nunca;Nunca;Nunca;Nunca;Uso quase diário ou diário;Nunca;Uso diário ou quase diário, várias vezes ao dia;Nunca;Nunca
1;1;1;1;1;1;1;1;1;1;1;1;1;1;1;1;1;1;1;3;3;1;2;1;1;3;3;4;1;3;3;4;4;4;2;2;2;2;2;2;2;4;2;4;1;3;4;3;4;4;3;1;1;2;2;1;1;1;1;1;1;1;1;1;4;2;4;1;4;3;1;4;2;4;4;4;1;3;1;1;2;2;2;2;2;2;2;2;1;3;1;2;2;1;2;1;1;1;2;1;1;2;2;2;3;3;3;4;4;3;3;2;2;3;1;3;3;2;1;2;2;2;1;1;2;2;2;2;2;2;1;3;3;2;2;4;3;3;4;2;1;3;2;1;3;1;3;2;3;4;1;1;1;1;1;2;2;1;3;1;4;2;4;2;2;2;3;1;1;1;1;1;1;1;1;1;1;1;2;1;1;1;1;2;1;1;2;2;3;3;2;2;2;1;1;2;3;3;1;3;3;3;2;3;2;3;3;2;2;2;3;2;4;4;4;1;1;3;1;1;2;1;1;1;1;4;4;4;4;2;3;3;2;4;4;3;4;4;2;1;2;2;1;3;2;2;2;2;2;2;2;1;1;1;1;1;1;3;3;2;2;1;2;2;1;2;2;1;3;1;1;1;1;2;2;2;3;3;1;1;1;4;1;1;1;1;1;1;1;1;1;1;2;1;1;1;1;1;1;1;1;1;2;2;2;1;2;3;3;2;2;3;2;1;2;1;3;2;3;3;3;3;4;4;4;4;3;2;1;2;1;3;3;2;4;2;1;1;2;1;1;1;1;1;4;4;3;4;2;2;2;2;3;3;1;2;2;2;2;3;1;3;4;3;4;1;4;3;2;3;3;4;1;2;3;1;1;1;1;1;1;2;1;1;3;2;4;4;3;1;3;1;1;4;1;1;1;1;2;1;1;2;1;2;3;1;2;3;1;1;2;2;2;3;2;1;2;1;1;1;1;1;1;1;1;1;1;1;1;1;1;1;1;1;1;1;;46;Portugal;Portugal;Toda a vida;Sim;Grande Lisboa;Avenidas Novas (LISBOA);Urbano;Branca;;;;;;;Cisgénero (identifica-se com o sexo atribuído à nascença);Masculino;Ensino pós-secundário não superior (cursos técnico-profissionais, cursos de especialização, formação técnica);Empregado/a;Médio-alto;1 801 - 2800 €;Solteiro/a;3;Não;Nada Importante;Não, nunca tive;0;Não;;;;;;;Não procurei ajuda porque não precisei;Não tenho seguro de saúde;Não;Não, nunca ou raramente.;;;Insegurança laboral (salários em atraso, contratos precários ou temporários, sem proteção social em caso de despedimento, ou outros);;;;Conflitos familiares ou relacionais persistentes;;;;;;;;2-4 pessoas;Ocasionalmente (1 - 10 vezes em todo o ano);Nunca;Nunca;Nunca;Nunca;Nunca;Nunca;Nunca;Uso mensal (em média 1 vez por mês);Uso diário ou quase diário, várias vezes ao dia;Uso diário ou quase diário, várias vezes ao dia;Ocasionalmente (menos de 1 vez por mês);Nunca
1;1;1;1;1;1;1;1;1;1;1;1;1;1;1;1;1;1;2;1;1;1;2;2;1;1;1;2;3;1;1;1;1;1;1;1;1;1;1;1;1;2;1;1;1;1;1;1;1;1;1;1;1;1;2;1;1;1;1;1;1;1;1;1;1;1;2;1;2;1;1;2;2;1;1;1;1;1;1;1;1;1;1;1;1;1;1;2;1;1;1;1;2;1;1;1;1;1;1;1;1;1;1;1;1;1;1;1;1;1;1;1;2;1;1;1;1;1;1;1;2;1;1;1;1;1;1;1;1;1;1;2;1;1;1;1;1;1;1;1;1;1;1;1;1;1;1;1;1;1;1;1;1;1;1;1;1;1;1;1;1;1;1;1;1;1;1;1;1;1;1;1;1;1;1;1;1;2;2;1;1;1;1;2;2;4;1;2;2;2;1;1;1;1;2;2;1;2;1;2;2;1;1;1;1;2;2;1;2;1;2;2;1;1;1;1;1;1;1;1;1;1;1;1;1;1;1;1;1;1;1;1;1;2;2;2;1;1;1;1;1;1;1;1;1;1;1;1;1;1;2;1;1;1;1;1;1;1;1;1;1;1;1;1;1;1;2;1;1;1;1;1;1;1;1;1;1;1;1;1;1;1;1;1;1;1;1;1;1;1;1;1;2;1;1;1;1;1;1;1;1;1;1;1;1;1;1;1;1;1;2;1;1;1;1;1;1;1;3;1;1;1;2;1;2;2;1;1;1;1;1;1;1;1;1;1;1;1;1;1;1;1;1;1;1;1;1;1;1;1;1;1;1;1;1;1;1;2;1;1;1;2;2;1;1;1;1;1;1;1;1;2;1;1;1;1;1;1;1;1;1;1;1;1;1;1;1;1;1;1;1;1;1;1;1;1;1;1;2;1;4;3;1;3;3;2;3;2;1;1;1;1;1;1;1;1;1;1;1;1;1;1;1;1;1;1;1;1;1;1;1;1;1;1;1;1;;51;Portugal;Portugal;Toda a vida;Sim;Norte;Lousado (VILA NOVA DE FAMALICÃO);Urbano;Branca;;;;;;;Cisgénero (identifica-se com o sexo atribuído à nascença);Masculino;Ensino Superior concluído (Licenciatura/bacharelato, mestrado, doutoramento);Empregado/a;Médio;2 801 - 4 000 €;Casado/a ou em União de Facto;3;Sim, tenho 2 filhos/as;Nada Importante;Não, nunca tive;0;Não;;;;;;;Sim;Tenho seguro de saúde que cobre despesas relacionadas com saúde mental;Não;Não, nunca ou raramente.;;;;;;;;;;;;;;Não experienciei nenhuma destas situações;2-4 pessoas;Uso mensal (pelo menos 1 vez por mês);Nunca;Nunca;Nunca;Nunca;Nunca;Nunca;Nunca;Ocasionalmente (menos de 1 vez por mês);Nunca;Só para experimentar (1-3 vezes na vida);Nunca;Nunca
1;1;1;1;1;1;1;1;1;1;1;1;1;1;1;2;1;3;2;3;3;2;3;2;2;2;3;4;4;2;2;1;1;1;2;1;2;2;2;2;2;3;3;3;2;2;1;1;1;1;1;2;2;2;3;2;1;1;1;1;1;1;1;1;1;1;1;1;3;3;3;3;3;3;1;2;1;2;1;2;1;2;2;2;1;1;1;3;1;2;1;2;4;2;4;1;4;1;1;1;2;2;4;3;2;3;3;4;4;3;4;4;4;4;2;3;3;3;3;2;3;3;2;3;3;2;4;2;1;1;1;2;3;2;2;2;3;2;1;2;2;2;2;2;2;1;1;1;1;1;1;1;1;2;2;2;1;2;2;1;2;2;1;2;1;1;2;1;1;1;1;1;1;1;1;1;1;2;3;2;1;1;1;1;2;3;2;2;2;2;4;4;3;1;2;4;2;4;4;4;4;4;3;3;2;3;3;2;1;3;3;2;2;3;3;4;2;3;1;1;3;1;1;2;1;3;2;2;3;2;2;2;2;1;1;3;1;1;1;1;1;2;2;1;4;2;1;2;2;2;2;1;1;1;1;2;1;1;2;1;1;1;1;2;1;2;1;1;1;2;2;3;1;3;2;2;2;2;3;2;2;2;3;2;2;2;3;2;2;1;1;1;1;1;1;1;1;2;1;1;1;1;1;1;1;1;1;4;4;2;1;3;1;2;2;2;2;4;2;3;3;2;3;2;2;2;2;1;1;1;1;1;1;2;1;3;1;2;4;2;2;1;1;1;3;2;2;3;1;3;1;2;1;2;1;1;1;3;2;4;2;4;3;2;3;2;1;2;1;2;2;3;2;2;2;1;2;1;1;2;1;2;1;1;2;2;3;2;2;1;1;1;1;2;2;1;1;1;1;1;2;2;2;2;2;2;4;2;2;2;3;4;3;3;3;2;4;1;2;1;2;2;3;2;3;4;2;1;2;3;2;3;1;1;1;1;;51;Portugal;Portugal;Toda a vida;Sim;Grande Lisboa;Santa Clara (LISBOA);Urbano;Branca;;;;;;;Cisgénero (identifica-se com o sexo atribuído à nascença);Feminino;Ensino Superior concluído (Licenciatura/bacharelato, mestrado, doutoramento);Empregado/a;Baixo;1 051 - 1 201 €;Casado/a ou em União de Facto;2;Sim, tenho 1 filho/a;Nada Importante;Não, nunca tive;0;Não;;;;;;;Sim, mas com algumas dificuldades;Tenho seguro de saúde, mas não cobre despesas relacionadas com saúde mental;Não;Bastantes vezes;Dificuldades económicas recorrentes para pagar despesas essenciais (contas de luz, água, aquecimento, alimentação, etc);;Insegurança laboral (salários em atraso, contratos precários ou temporários, sem proteção social em caso de despedimento, ou outros);;;Sobrecarga de cuidados a crianças, idosos ou pessoas dependentes;;;;;;;;;1 pessoa;Uso semanal (pelo menos 1 vez por semana);Nunca;Nunca;Nunca;Nunca;Nunca;Nunca;Nunca;Uso semanal (pelo menos 1 vez por semana);Só para experimentar (1-3 vezes na vida);Uso diário ou quase diário, várias vezes ao dia;Só para experimentar (1-3 vezes na vida);Só para experimentar (1-3 vezes na vida)
1;1;1;1;1;1;1;1;1;1;1;1;1;1;1;1;1;1;2;1;2;1;2;1;1;1;2;2;3;1;1;1;2;1;2;1;1;1;2;1;2;2;1;2;1;2;1;1;1;1;1;1;1;2;1;1;1;1;1;1;1;1;1;1;1;1;1;1;1;2;2;2;3;1;1;1;1;1;1;1;2;2;2;2;2;2;1;1;1;1;1;1;2;1;1;1;1;1;1;1;1;1;1;2;1;1;1;2;1;1;1;1;1;1;1;2;1;1;1;1;1;1;1;1;1;1;2;1;1;1;1;1;1;1;1;2;2;1;1;1;1;3;1;1;2;1;1;1;1;1;1;1;1;1;1;1;1;1;1;1;2;2;1;1;1;2;2;1;1;1;1;1;1;1;2;1;1;1;1;2;1;1;1;1;1;1;1;1;1;1;1;1;1;1;1;2;2;3;3;3;3;2;2;1;1;3;2;1;2;2;2;2;1;1;1;1;1;1;1;1;1;1;1;1;1;4;4;3;4;1;2;1;1;1;1;2;1;1;1;1;1;2;1;1;1;1;1;1;2;2;1;1;1;1;1;1;1;2;3;2;1;1;2;1;1;1;1;1;1;1;1;1;1;1;1;1;2;1;1;1;1;1;1;1;2;1;1;1;1;1;1;1;1;1;1;1;1;1;1;1;1;1;1;1;1;1;1;2;1;1;1;2;1;2;1;1;2;1;1;3;1;3;3;3;2;3;2;1;2;1;1;1;1;1;1;3;2;2;2;1;1;1;1;1;1;1;1;1;1;1;1;1;1;1;1;1;2;2;2;3;3;2;1;1;1;1;1;1;1;1;1;2;1;1;2;1;2;1;1;1;1;1;1;1;1;1;2;2;2;1;1;1;1;1;1;1;1;1;1;1;1;3;3;2;2;1;2;1;1;1;1;2;2;1;1;1;1;1;1;1;1;1;1;1;1;1;1;1;1;1;1;1;1;1;1;1;;47;Portugal;Portugal;Toda a vida;Sim;Norte;Vilar e Mosteiró (VILA DO CONDE);Urbano;Branca;;;;;;;Cisgénero (identifica-se com o sexo atribuído à nascença);Masculino;Ensino Superior concluído (Licenciatura/bacharelato, mestrado, doutoramento);Empregado/a;Médio-alto;1 801 - 2800 €;Solteiro/a;1, sou só eu;Não;Pouco Importante;Não, nunca tive;0;Não;;;;;;;Não procurei ajuda porque não precisei;Tenho seguro de saúde, mas não cobre despesas relacionadas com saúde mental;Não;Por vezes;;;;;;;;;;;;;;Não experienciei nenhuma destas situações;2-4 pessoas;Uso mensal (pelo menos 1 vez por mês);Ocasionalmente (1 - 10 vezes em todo o ano);Uso diário ou quase diário;Nunca;Nunca;Nunca;Nunca;Nunca;Ocasionalmente (menos de 1 vez por mês);Ocasionalmente (menos de 1 vez por mês);Uso quase diário ou diário;Nunca;Nunca
1;3;2;1;2;2;1;1;1;2;1;1;1;2;1;2;2;4;4;4;3;4;4;2;4;4;4;4;4;1;1;1;1;1;4;4;4;3;4;3;2;4;4;4;2;4;2;1;4;1;3;4;3;4;4;4;2;1;2;1;2;1;1;1;1;1;2;1;2;3;2;3;3;3;2;3;2;3;1;1;4;4;4;4;3;4;3;3;2;4;2;3;4;4;4;1;3;1;1;3;1;4;4;4;3;4;4;4;4;4;4;4;4;4;3;4;4;2;1;2;2;2;3;2;4;3;3;3;4;4;1;4;4;4;3;4;4;4;4;3;2;3;3;3;4;1;1;1;1;1;1;1;1;2;2;1;2;1;3;1;4;4;4;3;3;4;4;2;1;1;2;1;1;2;3;2;2;2;1;2;1;1;1;1;1;2;4;4;3;4;1;3;1;3;3;2;2;2;1;1;2;2;3;4;4;4;3;4;4;3;4;3;3;2;4;3;2;3;1;1;1;1;2;1;1;4;3;3;4;2;3;4;2;1;1;2;1;2;3;2;3;4;4;4;4;4;3;3;3;4;4;1;1;2;1;1;1;1;2;2;3;2;2;2;1;4;4;4;3;4;1;2;2;2;1;1;1;1;1;4;3;3;3;3;3;2;1;1;1;1;1;1;1;1;2;1;1;1;1;1;2;1;1;2;2;1;1;4;4;4;3;4;2;2;2;2;3;3;3;3;3;3;3;2;3;2;2;3;1;2;2;1;2;4;1;4;3;3;1;3;2;1;2;1;3;4;4;4;2;1;1;2;1;2;1;2;2;4;3;3;3;4;3;3;2;3;4;2;3;2;4;1;1;3;4;3;2;3;3;2;1;2;4;1;2;3;2;3;4;1;1;1;4;4;4;3;3;1;4;1;2;2;2;2;2;1;3;2;2;3;2;4;4;2;2;2;3;2;4;2;3;2;4;2;2;2;2;1;2;2;2;1;2;3;1;1;;49;Portugal;Portugal;A maior parte da minha vida;Sim;Península de Setúbal;Palmela (PALMELA);Semiurbano;Branca;;;;;;;Cisgénero (identifica-se com o sexo atribuído à nascença);Masculino;Ensino Superior concluído (Licenciatura/bacharelato, mestrado, doutoramento);Empregado/a;Médio;1 801 - 2800 €;Solteiro/a;3;Não;Nada Importante;Não, nunca tive;0;Não;;;;;;;Não procurei ajuda, apesar de ter precisado;Tenho seguro de saúde, mas não cobre despesas relacionadas com saúde mental;Sim, 1-5 dias;Bastantes vezes;;Insegurança habitacional (atraso no pagamento de renda ou conta, risco de perda, sobrelotação, ou outros);;Insegurança física (nos trajetos do dia-a-dia e locais que costuma frequentar);;Sobrecarga de cuidados a crianças, idosos ou pessoas dependentes;Conflitos familiares ou relacionais persistentes;;;;;;;;2-4 pessoas;Uso semanal (pelo menos 1 vez por semana);Ocasionalmente (1 - 10 vezes em todo o ano);Uso semanal (pelo menos 1 vez por semana);Nunca;Nunca;Nunca;Nunca;Uso semanal (pelo menos 1 vez por semana);Uso semanal (pelo menos 1 vez por semana);Nunca;Ocasionalmente (menos de 1 vez por mês);Nunca;Ocasionalmente (menos de 1 vez por mês)
1;1;1;1;1;1;1;1;1;1;1;1;1;1;1;1;2;2;2;1;1;1;2;1;2;2;2;1;3;2;2;1;2;1;1;1;1;1;1;1;2;3;2;2;2;1;2;1;2;2;1;1;2;2;2;2;1;1;1;1;1;1;1;1;1;1;1;1;2;2;1;3;2;1;2;1;2;2;1;1;1;2;2;2;1;1;1;1;3;3;2;1;3;2;3;1;1;1;1;1;1;1;2;1;2;2;2;2;2;2;2;1;2;1;1;2;2;2;2;2;2;3;1;1;1;1;2;1;1;1;2;1;2;1;1;2;1;1;2;1;2;1;2;2;1;1;1;1;1;2;1;1;1;2;2;1;1;2;2;1;2;2;2;1;1;1;2;1;1;2;1;1;1;2;1;2;2;2;2;4;1;1;1;2;1;3;2;2;3;2;3;2;2;2;2;3;3;2;2;4;3;3;2;2;2;2;2;2;3;2;2;2;1;1;1;1;1;1;1;1;2;1;1;2;1;2;2;2;3;2;2;2;2;3;2;2;2;2;1;1;2;2;2;2;2;2;1;2;2;2;2;1;1;1;1;1;1;1;1;2;1;1;1;1;1;2;2;1;1;3;1;1;1;2;2;2;3;3;1;3;2;2;3;3;2;2;1;1;1;1;1;1;1;1;1;1;1;1;1;1;1;1;1;1;2;2;2;2;1;2;1;1;1;2;1;1;1;1;3;3;2;3;3;4;2;3;3;2;1;2;2;1;2;2;1;1;1;1;1;1;1;2;1;2;1;2;1;1;1;1;1;2;1;1;1;1;1;2;2;2;2;2;2;1;2;1;2;2;1;3;1;2;2;1;2;1;3;2;2;2;2;2;1;1;2;1;2;3;3;1;1;1;2;3;1;1;2;1;1;1;3;3;3;3;2;1;2;1;1;1;2;2;2;1;2;1;2;1;2;2;2;1;2;2;1;1;1;1;1;1;1;1;1;1;1;1;;52;Portugal;Portugal;Toda a vida;Sim;Norte;Creixomil (GUIMARÃES);Semiurbano;Branca;;;;;;;Cisgénero (identifica-se com o sexo atribuído à nascença);Masculino;Ensino pós-secundário não superior (cursos técnico-profissionais, cursos de especialização, formação técnica);Outro/Prefiro não responder;Médio;4001 - 6000 €;Solteiro/a;4;Sim, tenho 1 filho/a;Muito Importante;Não, nunca tive;0;Não;;;;;;;Não procurei ajuda porque não precisei;Tenho seguro de saúde que cobre despesas relacionadas com saúde mental;Não;Não, nunca ou raramente.;;;Insegurança laboral (salários em atraso, contratos precários ou temporários, sem proteção social em caso de despedimento, ou outros);;Desemprego;Sobrecarga de cuidados a crianças, idosos ou pessoas dependentes;Conflitos familiares ou relacionais persistentes;;;;;;;;2-4 pessoas;Ocasionalmente (1 - 10 vezes em todo o ano);Ocasionalmente (1 - 10 vezes em todo o ano);Nunca;Nunca;Nunca;Nunca;Nunca;Ocasionalmente (1 - 10 vezes em todo o ano);Uso mensal (em média 1 vez por mês);Uso mensal (em média 1 vez por mês);Nunca;Só para experimentar (1-3 vezes na vida);Ocasionalmente (menos de 1 vez por mês)
1;1;1;1;1;1;1;1;1;1;1;1;1;2;1;2;1;2;2;2;2;2;2;2;2;1;2;3;4;1;1;1;1;1;1;1;1;1;1;1;2;2;1;2;1;1;1;1;1;1;1;1;1;1;2;1;1;1;1;1;1;1;1;1;1;1;1;1;2;2;1;1;2;1;1;1;1;1;1;1;1;1;1;1;1;1;1;2;1;1;1;2;3;2;4;1;1;1;1;1;1;1;1;1;1;2;2;1;1;1;2;2;2;2;1;1;1;1;2;1;2;2;1;1;1;2;1;1;1;1;1;2;2;1;1;1;2;2;1;1;1;1;1;1;1;1;1;1;1;1;1;1;1;1;1;1;1;1;2;1;1;2;3;1;1;2;3;1;1;1;1;1;1;1;1;1;1;2;2;3;1;1;1;1;1;3;1;2;1;2;2;1;1;1;1;2;2;3;1;3;3;3;1;2;1;2;2;1;2;2;2;2;1;1;1;1;1;1;1;2;2;1;1;1;1;2;2;1;3;1;1;1;1;2;1;1;1;1;1;2;1;1;1;1;1;1;2;1;1;1;1;1;1;1;1;1;1;1;1;1;1;1;1;1;1;1;1;1;1;1;1;2;1;2;1;3;3;2;4;4;4;2;1;1;1;1;1;1;1;1;1;1;1;1;1;1;1;1;1;1;1;1;1;1;1;1;1;3;2;2;1;2;1;1;3;1;1;1;2;1;1;3;2;2;1;2;2;1;1;1;1;1;1;1;1;1;1;1;1;1;1;1;1;1;1;2;2;1;1;1;1;2;1;1;1;1;2;1;1;1;1;2;1;1;1;1;1;1;1;3;2;2;1;1;1;1;1;1;1;1;2;2;1;1;1;1;1;1;1;1;1;1;1;2;1;1;1;1;1;1;3;3;3;3;3;1;2;3;1;3;1;1;1;1;1;1;1;1;1;1;1;1;2;1;1;1;1;1;1;1;1;1;1;1;1;1;;54;Portugal;Portugal;Toda a vida;Sim;Grande Lisboa;Lumiar (LISBOA);Urbano;Branca;;;;;;;Cisgénero (identifica-se com o sexo atribuído à nascença);Masculino;Ensino Superior concluído (Licenciatura/bacharelato, mestrado, doutoramento);Empregado/a;Médio;2 801 - 4 000 €;Casado/a ou em União de Facto;3;Sim, tenho 3 filhos/as;Mais ou menos Importante;Não, nunca tive;0;Não;;;;;;;Sim;Tenho seguro de saúde que cobre despesas relacionadas com saúde mental;Não;Não, nunca ou raramente.;;;;;;;;;;;;;;Não experienciei nenhuma destas situações;5 ou mais pessoas;Nunca;Nunca;Nunca;Nunca;Nunca;Nunca;Nunca;Nunca;Ocasionalmente (menos de 1 vez por mês);Só para experimentar (1-3 vezes na vida);Uso diário ou quase diário, várias vezes ao dia;Nunca;Nunca
2;3;2;1;2;1;1;1;1;1;1;1;1;1;3;2;4;4;4;2;1;4;3;3;3;4;4;4;4;4;2;2;3;2;1;2;1;1;2;1;4;4;4;3;3;4;1;1;3;1;1;3;3;4;4;3;1;1;1;1;3;1;2;2;3;2;2;4;1;4;4;2;1;2;2;2;1;4;3;1;2;3;3;2;1;3;1;2;2;3;1;3;4;3;3;2;2;4;3;2;4;2;2;3;4;3;3;3;3;2;3;3;2;3;3;2;4;1;1;2;1;3;1;1;3;4;1;1;2;3;2;2;2;3;2;3;3;2;3;2;2;3;1;2;3;1;1;1;1;1;1;1;1;1;1;2;2;2;4;2;4;4;4;4;2;3;2;3;1;1;1;1;1;2;1;3;3;1;2;3;1;1;1;2;1;1;1;1;3;1;1;3;2;3;3;3;3;3;3;2;3;3;1;3;4;3;1;3;2;4;1;3;1;1;1;2;1;1;2;2;3;3;1;2;2;2;2;2;2;2;2;2;1;3;2;3;1;1;2;4;2;2;3;2;4;3;3;2;3;3;2;1;1;2;1;1;1;1;2;1;2;1;2;3;3;3;2;2;1;1;1;1;1;1;1;2;2;1;2;2;2;2;3;2;2;2;1;1;1;1;2;2;1;1;2;1;1;2;2;2;2;1;2;2;3;2;2;1;2;2;1;3;1;1;1;1;2;3;3;3;1;2;2;3;2;2;2;2;2;3;2;1;1;1;1;3;2;2;1;1;1;1;1;1;2;3;3;1;1;1;1;1;1;1;1;1;2;3;1;3;2;4;3;4;3;2;3;3;3;3;4;4;4;4;2;4;3;3;4;4;1;4;2;2;2;3;3;1;2;1;2;1;3;3;2;2;2;1;1;2;3;3;2;3;2;1;3;1;4;1;1;1;1;1;1;1;1;1;1;1;1;1;1;1;1;1;1;1;1;1;1;1;1;1;1;1;;23;Portugal;Portugal;Toda a vida;Sim;Norte;Bougado (São Martinho e Santiago) (TROFA);Urbano;Branca;;;;;;;Cisgénero (identifica-se com o sexo atribuído à nascença);Feminino;Ensino Superior concluído (Licenciatura/bacharelato, mestrado, doutoramento);Desempregado/a;Médio-baixo;1 201 - 1 500 €;Solteiro/a;3;Não;Mais ou menos importante;Não, nunca tive;0;Não;;;;;;;Não procurei ajuda porque não precisei;Não tenho seguro de saúde;Não;Por vezes;;;;;Desemprego;;;;Luto;;;;;;5 ou mais pessoas;Ocasionalmente (1 - 10 vezes em todo o ano);Nunca;Nunca;Nunca;Nunca;Nunca;Nunca;Nunca;Ocasionalmente (menos de 1 vez por mês);Nunca;Nunca;Nunca;Só para experimentar (1-3 vezes na vida)
1;1;1;1;1;1;1;1;1;1;1;1;1;1;1;1;2;2;2;1;2;2;1;1;2;2;2;3;3;2;3;1;2;1;1;1;1;1;1;1;1;3;2;2;1;2;1;1;2;1;1;2;1;3;2;2;1;1;1;1;1;1;1;2;1;2;2;1;2;2;1;2;3;1;1;1;1;2;1;1;1;2;2;1;1;1;1;1;2;2;1;1;2;1;2;1;1;1;1;1;1;2;1;1;1;2;1;1;1;1;2;1;2;2;1;1;2;2;1;2;2;2;1;1;1;1;1;1;1;1;3;1;1;1;1;2;2;1;2;1;1;2;2;1;2;1;1;1;2;1;1;1;1;2;1;1;1;1;2;1;1;1;2;2;1;2;2;2;1;1;1;1;1;1;2;2;2;2;2;3;1;1;1;2;1;1;1;1;2;2;2;2;1;1;1;2;3;2;2;2;3;2;1;1;2;2;2;2;1;1;2;1;1;2;2;1;1;1;1;1;1;1;1;1;1;2;2;2;2;1;1;2;1;2;2;2;1;1;1;1;1;2;2;3;3;2;2;2;2;1;2;1;1;1;1;1;1;1;1;1;1;1;1;1;1;1;1;1;1;2;1;1;1;1;2;1;2;2;2;3;2;2;1;2;1;1;1;1;1;1;1;1;1;1;1;1;1;1;1;1;1;1;2;1;1;2;2;2;2;2;1;2;1;1;1;1;2;2;2;2;2;2;3;2;2;3;2;1;1;1;1;1;1;1;1;1;1;1;1;1;1;1;1;1;1;2;2;2;1;1;1;1;1;1;1;1;1;2;1;2;2;2;2;2;2;1;2;2;1;3;1;1;2;1;2;1;2;2;1;1;1;2;1;1;1;2;2;2;1;1;1;1;1;1;1;1;1;1;1;1;2;3;3;3;2;1;2;1;2;1;1;1;1;1;1;1;1;1;1;1;1;1;1;1;1;1;1;1;1;1;1;1;1;1;1;1;;31;Portugal;Portugal;Toda a vida;Sim;Norte;Rio Tinto (GONDOMAR);Semiurbano;Branca;;;;;;;Cisgénero (identifica-se com o sexo atribuído à nascença);Masculino;Ensino Superior concluído (Licenciatura/bacharelato, mestrado, doutoramento);Empregado/a;Médio;1 801 - 2800 €;Solteiro/a;2;Não;Pouco Importante;Não, nunca tive;0;Não;;;;;;;Sim;Tenho seguro de saúde que cobre despesas relacionadas com saúde mental;Não;Não, nunca ou raramente.;;;;;;;;;;;;;;Não experienciei nenhuma destas situações;2-4 pessoas;Uso mensal (pelo menos 1 vez por mês);Nunca;Nunca;Nunca;Nunca;Nunca;Nunca;Nunca;Uso mensal (em média 1 vez por mês);Só para experimentar (1-3 vezes na vida);Só para experimentar (1-3 vezes na vida);Nunca;Só para experimentar (1-3 vezes na vida)
2;2;2;2;1;1;1;1;1;1;1;1;1;2;1;2;2;2;2;2;2;1;3;2;2;2;2;2;1;2;2;2;2;2;1;1;1;2;1;1;3;2;2;2;2;1;1;1;1;1;1;2;2;2;2;2;1;1;2;2;1;1;1;1;1;1;1;2;2;2;1;3;2;1;1;1;1;1;1;1;2;1;1;1;1;1;1;1;2;1;1;1;2;1;2;1;3;1;1;1;2;2;1;1;2;2;3;2;2;2;2;2;2;2;1;3;2;1;1;1;2;1;1;1;2;2;2;1;2;2;2;2;2;2;1;2;2;2;2;2;1;2;1;1;2;1;1;2;2;1;1;1;1;1;2;2;1;1;2;2;2;3;2;2;3;2;2;2;1;1;1;1;1;1;1;1;1;2;1;3;1;1;1;3;1;2;1;1;2;1;1;1;1;2;1;2;3;2;2;2;2;2;2;2;2;1;1;2;2;2;2;3;1;1;1;1;1;1;1;2;2;1;1;2;2;3;2;2;2;1;2;2;2;2;2;2;2;1;1;1;1;1;2;1;2;2;2;2;2;2;2;1;1;1;1;1;1;2;2;2;2;2;1;2;2;2;1;2;1;1;1;1;1;2;2;1;2;3;2;1;1;1;1;2;2;1;1;1;1;1;1;1;1;1;1;1;1;1;1;1;1;1;1;1;1;1;1;3;1;1;1;2;3;2;3;3;1;2;2;2;2;1;2;2;2;2;1;2;1;1;1;1;1;1;1;2;1;1;2;1;1;1;1;1;3;3;2;3;1;1;1;2;1;2;1;1;1;2;3;2;2;2;2;2;2;2;2;3;1;2;2;2;1;1;1;1;2;1;2;1;2;1;2;1;1;2;2;2;1;1;1;1;2;2;1;1;2;1;1;1;3;3;3;3;2;1;3;2;3;3;2;2;1;1;1;1;1;1;1;1;1;1;1;1;1;1;1;1;1;1;1;1;1;1;1;1;;21;Portugal;Portugal;Toda a vida;Sim;Norte;Conceição (RIBEIRA GRANDE);Urbano;Branca;;;;;;;Cisgénero (identifica-se com o sexo atribuído à nascença);Feminino;Ensino Superior concluído (Licenciatura/bacharelato, mestrado, doutoramento);Estudante;Médio-alto;2 801 - 4 000 €;Solteiro/a;3;Não;Mais ou menos importante;Não, nunca tive;0;Não;;;;;;;Sim;Tenho seguro de saúde, mas não cobre despesas relacionadas com saúde mental;Não;Por vezes;;;;;;;Conflitos familiares ou relacionais persistentes;;;;;;;;5 ou mais pessoas;Uso mensal (pelo menos 1 vez por mês);Ocasionalmente (1 - 10 vezes em todo o ano);Ocasionalmente (1 - 10 vezes em todo o ano);Nunca;Nunca;Nunca;Nunca;Ocasionalmente (1 - 10 vezes em todo o ano);Uso mensal (em média 1 vez por mês);Nunca;Uso mensal (em média 1 vez por mês);Nunca;Só para experimentar (1-3 vezes na vida)
1;1;2;1;1;1;1;1;1;1;1;1;1;1;1;2;1;2;2;1;1;1;2;1;2;1;2;2;3;1;1;1;1;1;2;2;3;1;2;1;2;2;1;2;2;2;1;1;1;1;1;1;2;3;3;2;1;1;2;2;1;1;1;1;1;1;1;1;2;1;2;2;2;1;1;1;1;1;1;1;1;2;1;1;1;1;1;2;2;2;1;2;3;2;2;2;1;1;1;1;1;2;2;1;2;3;2;2;2;2;2;2;2;2;1;2;2;1;2;2;1;2;2;1;1;1;1;2;1;2;2;2;1;1;1;2;2;2;2;2;2;2;2;2;2;1;1;1;1;2;1;1;1;2;2;1;1;1;1;1;1;2;1;1;1;2;1;1;1;1;1;1;1;1;1;2;1;1;1;2;1;1;1;2;2;2;2;1;1;2;1;1;1;1;1;1;2;3;1;3;3;3;2;2;2;2;2;2;3;3;3;3;1;1;1;2;2;2;2;1;1;1;1;1;2;3;2;3;3;2;2;2;2;2;3;1;1;1;1;1;1;2;3;2;2;2;2;2;2;2;2;1;1;1;1;1;1;1;2;1;1;1;1;2;2;2;2;1;1;2;2;1;1;2;2;2;2;2;1;2;2;1;2;2;1;1;1;1;1;1;1;1;1;1;1;1;1;1;1;1;1;1;2;1;1;1;2;3;2;2;1;2;1;1;1;1;2;1;2;2;2;2;3;2;2;3;2;1;2;2;1;2;2;2;2;2;2;2;3;1;1;1;1;1;1;2;2;2;2;2;2;2;1;1;1;2;1;3;2;2;2;3;2;1;2;1;2;2;2;2;2;2;1;1;1;2;1;1;1;1;1;2;2;2;1;2;2;2;1;1;1;1;1;2;1;1;1;1;1;1;2;2;2;2;2;2;2;2;2;2;1;1;1;1;1;1;1;1;1;1;1;1;1;1;1;1;1;1;1;1;1;1;1;1;1;1;;38;Portugal;Portugal;Outro (especifique o número de anos);Sim;Norte;Mafamude (VILA NOVA DE GAIA);Urbano;Branca;;;;;;;Cisgénero (identifica-se com o sexo atribuído à nascença);Masculino;Ensino Superior concluído (Licenciatura/bacharelato, mestrado, doutoramento);Empregado/a;Médio;1 501 - 1 800 €;Solteiro/a;1, sou só eu;Não;Pouco Importante;Não, nunca tive;0;Não;;;;;;;Sim;Tenho seguro de saúde que cobre despesas relacionadas com saúde mental;Não;Por vezes;;;;;;;;;;;;;;Não experienciei nenhuma destas situações;5 ou mais pessoas;Uso mensal (pelo menos 1 vez por mês);Nunca;Nunca;Nunca;Nunca;Nunca;Nunca;Uso mensal (pelo menos 1 vez por mês);Uso mensal (em média 1 vez por mês);Nunca;Só para experimentar (1-3 vezes na vida);Nunca;Ocasionalmente (menos de 1 vez por mês)
1;1;1;1;1;1;1;1;1;1;1;1;1;3;1;3;2;2;2;1;1;2;2;2;1;2;3;3;4;3;3;4;3;4;1;1;1;1;1;1;2;3;3;3;1;2;1;1;3;2;1;2;2;3;2;2;1;1;2;1;1;1;1;2;1;2;2;1;2;3;2;2;3;1;1;1;1;1;1;1;1;1;1;1;1;1;1;1;2;2;1;1;3;2;1;1;1;1;1;1;1;1;1;1;3;2;2;2;2;2;2;2;2;2;1;2;2;2;2;2;2;1;1;1;1;1;1;1;2;1;2;2;2;1;3;2;2;2;2;1;2;2;1;2;1;2;3;1;2;3;1;1;1;2;2;1;2;1;1;1;1;2;2;2;1;1;2;2;1;1;1;1;1;1;1;1;1;2;2;4;1;1;1;4;2;2;1;1;2;1;1;2;1;2;2;2;2;2;2;1;2;2;1;1;2;2;1;2;2;2;2;3;1;1;1;1;1;1;2;1;2;2;2;2;2;3;2;1;2;2;2;2;1;4;3;4;3;1;1;1;1;1;2;1;2;2;1;2;3;1;2;1;1;1;1;1;1;1;1;1;2;1;1;3;2;2;1;1;1;1;1;1;1;1;2;2;3;4;2;1;2;2;2;2;1;1;1;2;2;1;1;1;1;1;1;1;1;3;1;1;1;1;3;2;2;3;2;2;1;1;1;1;1;3;2;2;1;1;2;1;1;2;2;2;2;2;2;2;1;2;1;1;2;1;1;1;1;1;1;1;2;1;1;1;1;1;1;1;1;1;1;2;1;1;1;1;1;2;1;1;2;3;2;1;1;1;2;2;2;2;1;2;1;1;2;1;1;2;1;1;1;1;2;1;1;2;1;1;1;1;1;1;1;2;1;1;1;1;1;1;3;4;3;4;3;1;3;2;3;2;1;3;1;1;2;1;2;1;1;1;1;2;2;1;1;1;1;2;1;1;2;1;1;2;1;1;;21;Brasil;Portugal;Menos de 5 anos;Sim;Norte;Paranhos (PORTO);Urbano;;Negra;;;;;;Cisgénero (identifica-se com o sexo atribuído à nascença);Feminino;Ensino Secundário concluído (10º, 11º, 12º ano);Estudante;Médio-alto;Não sei/Prefiro não responder;Solteiro/a;1, sou só eu;Não;Muito Importante;Não, nunca tive;0;Não;;;;;;;Sim;Não tenho seguro de saúde;Não;Por vezes;;;;;;;;;;;;;;Não experienciei nenhuma destas situações;2-4 pessoas;Uso semanal (pelo menos 1 vez por semana);Uso mensal (pelo menos 1 vez por mês);Uso diário ou quase diário, várias vezes por dia;Nunca;Nunca;Nunca;Nunca;Nunca;Uso semanal (pelo menos 1 vez por semana);Ocasionalmente (menos de 1 vez por mês);Uso quase diário ou diário;Nunca;Nunca
1;1;1;1;1;1;1;1;1;1;1;1;1;2;1;2;1;3;2;2;1;2;2;1;3;1;2;2;1;1;2;2;1;2;1;1;2;2;1;1;2;3;3;4;2;1;1;1;2;1;1;3;3;4;3;3;1;1;1;1;1;1;1;1;1;1;1;1;2;2;2;2;2;2;1;2;1;1;1;1;1;2;2;2;1;1;1;1;3;3;2;3;3;2;3;3;2;1;3;3;2;3;4;3;2;2;2;2;3;3;2;2;2;3;2;4;2;1;1;1;2;2;1;1;3;2;1;1;2;2;2;2;2;1;1;2;1;2;3;1;1;1;1;1;2;1;1;2;2;1;1;1;1;3;1;2;1;1;2;2;3;3;2;1;1;1;1;1;1;1;1;1;1;1;1;1;1;2;2;3;1;1;1;1;1;1;1;1;2;1;2;1;2;1;1;2;3;3;2;2;3;3;1;1;1;2;1;1;2;3;3;3;2;2;2;2;2;2;2;1;2;1;1;1;1;2;2;2;4;1;2;2;2;1;1;2;1;1;1;1;1;4;2;2;4;2;2;2;2;2;2;1;1;1;1;3;1;2;3;2;1;2;2;2;1;2;1;1;1;1;1;1;1;1;2;2;2;3;2;4;2;3;1;1;1;1;1;1;1;1;1;1;1;1;1;1;1;1;2;2;1;1;2;2;3;2;2;4;2;2;2;2;1;2;1;1;1;2;2;2;2;1;2;2;3;2;2;3;1;2;3;1;1;1;2;3;2;3;1;3;1;2;1;2;2;2;2;2;1;2;1;2;1;1;1;1;2;3;1;3;3;2;3;2;2;1;3;2;2;2;2;2;1;1;2;1;1;1;1;1;1;1;1;1;2;3;2;1;2;1;1;1;2;1;2;3;2;1;1;1;1;2;2;3;2;1;1;1;1;1;3;3;3;1;2;3;2;3;2;1;2;2;3;2;3;2;2;2;1;2;1;3;2;2;1;1;;28;Portugal;Portugal;Toda a vida;Sim;Norte;Aveleda (VILA DO CONDE);Semiurbano;;;;;;;Prefiro não responder;Outro/prefiro não responder;Masculino;Ensino Superior concluído (Licenciatura/bacharelato, mestrado, doutoramento);Empregado/a;Médio;2 801 - 4 000 €;Solteiro/a;3;Não;Nada Importante;Não, nunca tive;0;Não;;;;;;;Sim, mas com algumas dificuldades;Tenho seguro de saúde, mas não cobre despesas relacionadas com saúde mental;Sim, 1-5 dias;Bastantes vezes;;;;;;Sobrecarga de cuidados a crianças, idosos ou pessoas dependentes;Conflitos familiares ou relacionais persistentes;;Luto;;;;;;2-4 pessoas;Uso semanal (pelo menos 1 vez por semana);Uso mensal (pelo menos 1 vez por mês);Uso diário ou quase diário, várias vezes por dia;Nunca;Nunca;Ocasionalmente (1 - 10 vezes em todo o ano);Nunca;Nunca;Uso semanal (pelo menos 1 vez por semana);Uso quase diário ou diário;Uso quase diário ou diário;Só para experimentar (1-3 vezes na vida);Nunca
2;1;1;1;3;1;1;1;1;1;1;1;1;2;1;2;1;1;1;3;2;2;2;2;2;1;1;1;1;1;2;1;2;1;3;1;1;1;1;1;4;3;3;4;3;1;4;1;2;2;4;3;3;4;4;3;1;1;1;2;1;1;4;2;1;1;1;2;1;1;1;2;1;2;1;2;1;2;1;1;2;1;2;1;1;1;1;1;4;3;2;4;3;3;3;1;1;1;1;2;1;3;3;2;2;3;2;4;3;3;3;2;2;3;1;3;3;1;1;1;1;1;1;1;1;1;2;2;2;2;2;3;3;1;1;3;4;2;3;1;1;2;1;1;1;1;1;1;1;1;1;1;1;1;1;1;1;1;3;1;1;4;2;1;1;2;1;1;1;1;1;1;1;1;1;1;1;1;1;1;1;1;1;2;1;1;1;2;2;2;2;3;1;1;1;3;3;3;4;1;3;3;1;3;3;1;3;2;4;3;4;3;1;1;2;1;2;1;1;1;1;1;1;1;1;3;1;2;2;2;2;2;1;1;1;1;1;1;3;3;3;3;2;2;2;3;1;1;2;2;2;1;1;1;1;1;1;1;2;2;1;1;1;4;3;3;1;2;1;1;1;1;1;1;1;1;1;1;1;1;1;1;1;1;1;1;1;1;1;1;1;1;1;1;1;1;1;1;1;2;1;1;1;1;1;1;1;3;1;1;1;1;2;2;2;1;2;1;1;2;2;1;2;2;2;2;2;1;1;3;1;1;1;1;1;1;1;1;1;1;1;1;1;1;1;1;1;1;2;1;1;1;1;2;1;1;1;1;2;2;1;2;3;1;4;3;4;2;2;3;3;2;1;1;4;1;4;3;1;1;1;2;1;2;2;2;2;1;2;1;1;1;2;1;1;1;1;1;1;1;2;2;1;2;3;1;4;1;1;2;2;4;1;2;1;1;2;1;1;1;1;1;3;1;2;1;1;1;1;2;1;3;1;1;1;1;;29;Portugal;Portugal;Outro (especifique o número de anos);Sim;Norte;Paranhos (PORTO);Semiurbano;Branca;;;;;;;Cisgénero (identifica-se com o sexo atribuído à nascença);Feminino;Ensino Superior concluído (Licenciatura/bacharelato, mestrado, doutoramento);Empregado/a;Médio;1 501 - 1 800 €;Solteiro/a;1, sou só eu;Não;Pouco Importante;Não, nunca tive;0;Não;;;;;;;Sim;Tenho seguro de saúde, mas não cobre despesas relacionadas com saúde mental;Sim, 6-15 dias;Por vezes;;;;;;;;;;;;;;Não experienciei nenhuma destas situações;2-4 pessoas;Uso semanal (pelo menos 1 vez por semana);Ocasionalmente (1 - 10 vezes em todo o ano);Uso diário ou quase diário, várias vezes por dia;Nunca;Nunca;Nunca;Nunca;Nunca;Uso mensal (em média 1 vez por mês);Ocasionalmente (menos de 1 vez por mês);Uso mensal (em média 1 vez por mês);Nunca;Nunca
2;2;3;2;2;1;1;1;1;1;1;1;1;2;1;2;2;3;4;4;2;1;3;1;3;1;1;1;1;1;2;2;1;1;2;2;2;2;2;1;2;2;2;2;2;4;1;3;3;2;2;1;2;2;2;2;1;1;1;2;1;1;1;2;1;4;1;1;1;2;1;1;1;4;1;4;1;1;1;1;1;1;2;2;1;1;1;1;1;1;1;1;2;1;1;1;1;1;1;1;1;2;1;2;2;4;4;2;1;1;2;2;3;4;1;1;1;1;2;1;1;2;1;4;1;1;3;1;2;2;2;3;2;2;2;3;4;3;2;2;1;2;1;1;1;1;1;1;1;1;1;1;1;1;1;1;1;1;1;1;1;2;2;1;4;2;2;3;1;1;1;1;1;1;1;1;1;2;3;4;1;1;1;4;2;4;1;1;2;1;1;1;1;1;1;1;3;3;2;4;4;3;1;4;2;2;4;1;4;4;3;4;4;4;4;3;4;4;1;1;2;1;1;1;1;2;2;2;2;1;2;2;1;1;1;1;1;1;2;2;2;1;2;1;2;2;1;1;1;1;2;3;1;1;1;1;1;1;1;1;2;3;1;4;1;1;1;1;1;1;1;1;1;1;1;4;4;4;1;1;1;1;1;1;1;1;1;1;1;1;1;1;1;1;1;1;1;2;1;1;1;1;1;1;1;1;1;4;4;2;2;3;2;2;2;1;3;2;2;3;3;2;1;3;2;1;1;1;1;1;1;1;1;1;1;3;2;2;2;2;1;1;1;1;1;3;1;1;4;4;4;1;1;1;1;1;1;4;4;4;4;4;1;4;4;1;2;3;1;1;2;2;1;1;1;1;1;1;1;1;1;1;1;1;2;2;2;2;1;1;1;1;2;2;1;1;1;1;2;1;4;3;4;3;2;4;4;4;4;4;1;1;1;1;1;1;1;1;1;1;1;1;1;1;1;1;1;1;1;1;1;1;1;1;1;1;;31;Portugal;Portugal;Toda a vida;Sim;Norte;Fiães (SANTA MARIA DA FEIRA);Semiurbano;Branca;;;;;;;Cisgénero (identifica-se com o sexo atribuído à nascença);Feminino;Ensino Superior concluído (Licenciatura/bacharelato, mestrado, doutoramento);Empregado/a;Médio-alto;1 801 - 2800 €;Solteiro/a;2;Não;Nada Importante;Não, nunca tive;0;Não;;;;;;;Sim;Não tenho seguro de saúde;Não;Não, nunca ou raramente.;;;;Insegurança física (nos trajetos do dia-a-dia e locais que costuma frequentar);;;Conflitos familiares ou relacionais persistentes;;Luto;;;;;;2-4 pessoas;Nunca;Nunca;Nunca;Nunca;Nunca;Nunca;Nunca;Nunca;Só para experimentar (1-3 vezes na vida);Nunca;Nunca;Nunca;Nunca
1;1;1;1;1;1;1;1;1;1;1;1;1;1;1;1;2;2;1;3;2;2;2;3;3;1;1;2;3;1;2;1;2;1;2;1;3;2;1;2;3;3;3;2;2;3;1;1;3;2;3;1;2;2;3;2;2;1;1;2;1;1;1;1;2;1;3;1;1;2;2;2;3;2;3;2;1;1;1;1;2;2;1;1;1;2;2;2;1;3;1;2;2;2;2;2;1;3;1;1;2;1;2;1;2;2;2;1;1;2;2;1;2;2;2;3;2;3;2;2;2;2;2;2;3;2;2;2;3;2;2;1;1;1;1;2;2;2;2;2;2;3;3;2;2;1;1;1;2;1;1;1;1;1;1;2;1;1;3;3;1;2;4;1;2;3;2;1;3;3;1;1;1;2;1;3;2;3;3;4;1;1;1;2;2;2;1;1;3;1;1;1;1;1;1;3;3;4;1;3;3;3;1;2;2;1;2;2;2;1;2;1;1;2;1;1;2;1;2;2;3;1;1;3;2;3;1;2;3;1;2;1;2;3;1;2;1;1;2;1;2;2;2;2;2;2;2;3;2;2;3;2;1;1;1;1;1;1;2;1;2;3;1;1;1;1;1;1;1;1;1;1;1;1;2;1;2;1;2;4;2;2;2;1;2;1;1;1;1;1;2;2;1;1;1;1;1;1;1;1;1;1;2;1;1;1;1;2;1;2;2;2;1;1;1;1;2;1;3;2;2;2;2;2;3;2;1;3;2;2;2;1;4;1;3;1;1;1;1;1;1;1;1;1;2;3;2;2;1;1;1;3;2;1;1;1;2;2;1;1;1;4;2;1;1;2;1;3;3;3;3;1;1;1;1;1;1;1;1;1;1;1;1;1;2;2;2;1;1;1;1;1;1;2;1;2;1;1;1;1;3;3;4;3;4;2;3;3;1;1;1;2;1;1;1;1;1;1;1;1;1;1;1;1;1;1;2;1;1;1;1;1;1;1;1;1;;25;Portugal;Portugal;Toda a vida;Sim;Norte;Rans (PENAFIEL);Rural;Branca;Negra;;Cigana;Hispânica/Latina;;;Cisgénero (identifica-se com o sexo atribuído à nascença);Masculino;Ensino Superior concluído (Licenciatura/bacharelato, mestrado, doutoramento);Estudante;Médio;2 801 - 4 000 €;Outro/Prefiro não responder;4;Não;Pouco Importante;Não, nunca tive;0;Não;;;;;;;Sim;Tenho seguro de saúde que cobre despesas relacionadas com saúde mental;Não;Não, nunca ou raramente.;;;;Insegurança física (nos trajetos do dia-a-dia e locais que costuma frequentar);;;;;;;;;;;5 ou mais pessoas;Ocasionalmente (1 - 10 vezes em todo o ano);Ocasionalmente (1 - 10 vezes em todo o ano);Nunca;Nunca;Nunca;Nunca;Nunca;Nunca;Uso mensal (em média 1 vez por mês);Uso mensal (em média 1 vez por mês);Nunca;Só para experimentar (1-3 vezes na vida);Nunca
1;1;1;1;1;1;1;1;1;1;1;1;1;1;1;1;2;2;2;1;1;2;1;1;1;2;2;2;1;2;2;3;3;2;1;1;3;2;1;1;2;2;2;3;2;1;1;1;2;1;1;1;1;2;2;1;1;1;1;1;1;1;1;1;1;1;1;1;3;1;2;3;3;2;2;2;1;1;1;1;1;2;2;1;1;1;1;1;3;2;1;3;3;1;2;1;1;1;1;1;1;1;1;1;1;3;3;1;2;1;1;1;2;3;1;2;1;1;1;1;1;1;1;1;1;1;1;1;1;1;1;1;1;1;1;1;1;1;1;2;1;2;1;1;2;1;1;1;1;1;1;1;1;1;1;1;2;1;2;1;2;1;2;1;2;2;2;2;1;1;1;1;1;1;1;1;1;2;2;3;1;1;1;2;2;1;1;1;3;1;1;2;1;1;1;3;3;4;2;2;3;3;1;1;1;1;1;1;2;1;2;2;1;1;1;1;1;1;2;1;2;1;1;2;2;1;1;1;1;1;2;1;1;3;2;3;2;1;1;1;1;1;1;1;2;1;1;2;1;1;1;1;1;1;1;1;1;1;2;1;1;1;1;1;1;1;1;1;1;1;1;1;1;2;1;3;3;3;2;2;1;2;2;1;1;1;1;1;1;1;1;1;1;1;1;1;1;1;1;1;1;1;1;1;1;1;1;2;2;2;2;2;1;1;1;1;1;1;2;3;2;2;3;2;3;2;2;2;2;1;2;1;1;1;1;2;1;2;1;1;1;2;1;1;1;2;1;1;1;1;1;1;1;1;1;1;1;3;1;2;2;3;3;2;2;1;3;2;1;2;2;2;1;1;1;1;1;1;1;1;1;1;1;1;2;2;3;2;2;1;1;1;1;1;1;1;1;1;1;1;4;3;3;3;3;2;3;3;3;2;1;1;1;1;1;1;1;1;1;1;1;1;2;2;1;1;1;1;1;1;1;1;1;1;1;1;;23;Portugal;Portugal;Toda a vida;Sim;Norte;Esposende (ESPOSENDE);Semiurbano;Branca;;;;;;;Cisgénero (identifica-se com o sexo atribuído à nascença);Feminino;Ensino Superior concluído (Licenciatura/bacharelato, mestrado, doutoramento);Empregado/a;Médio;4001 - 6000 €;Solteiro/a;2;Não;Nada Importante;Não, nunca tive;0;Não;;;;;;;Sim;Tenho seguro de saúde, mas não cobre despesas relacionadas com saúde mental;Não;Não, nunca ou raramente.;;;;;;;;;;;;;;Não experienciei nenhuma destas situações;2-4 pessoas;Ocasionalmente (1 - 10 vezes em todo o ano);Nunca;Nunca;Nunca;Nunca;Nunca;Nunca;Nunca;Ocasionalmente (menos de 1 vez por mês);Só para experimentar (1-3 vezes na vida);Só para experimentar (1-3 vezes na vida);Nunca;Nunca
1;1;1;1;1;1;1;1;1;1;1;1;1;2;1;1;1;1;1;3;2;2;2;2;2;1;2;2;1;1;2;1;2;1;1;1;1;1;1;1;4;4;2;2;3;1;1;1;1;2;1;3;2;2;3;2;1;1;1;1;1;1;1;1;1;1;1;1;3;4;1;4;3;1;3;2;1;1;1;1;1;1;1;1;1;1;1;1;1;2;1;1;3;1;2;1;1;1;1;1;1;1;1;1;1;2;2;1;1;1;2;1;2;2;1;3;2;2;1;1;2;2;2;1;2;1;1;1;3;2;2;2;1;1;1;2;3;3;2;2;1;3;2;1;1;1;1;1;1;2;1;1;1;1;2;2;1;1;1;1;1;2;1;1;1;1;1;1;1;1;1;1;1;1;1;1;1;3;2;3;1;1;1;3;1;2;3;2;3;2;1;1;1;1;1;1;2;2;1;1;2;2;2;1;1;2;2;1;2;2;1;2;1;2;1;1;1;2;1;1;2;1;1;2;2;2;1;1;2;1;1;1;1;1;1;3;1;1;1;1;2;2;2;2;2;2;1;2;1;1;1;1;1;1;1;1;1;1;1;1;1;1;1;1;1;2;2;1;1;1;1;1;1;3;3;1;2;3;1;1;1;1;1;1;1;1;1;1;1;1;1;1;1;1;1;1;1;1;1;1;1;1;1;1;1;2;1;3;2;1;1;3;1;1;1;1;2;2;3;3;1;1;2;2;2;2;2;2;2;1;2;1;1;1;1;1;1;1;1;1;1;1;1;1;1;2;2;2;1;1;1;1;1;1;1;1;1;1;1;1;1;2;2;1;2;1;2;3;3;3;3;3;1;1;2;1;2;2;1;2;1;2;1;2;1;1;2;1;1;1;1;1;1;2;1;1;1;1;1;1;3;3;3;3;3;2;3;2;1;2;1;1;1;1;1;1;1;1;1;1;1;1;1;1;1;1;1;1;1;1;1;1;1;1;1;1;;31;Portugal;Portugal;Toda a vida;Sim;Norte;Ramalde (PORTO);Urbano;Branca;;;;;;;Cisgénero (identifica-se com o sexo atribuído à nascença);Feminino;Ensino Secundário concluído (10º, 11º, 12º ano);Empregado/a;Médio;2 801 - 4 000 €;Casado/a ou em União de Facto;2;Não;Pouco Importante;Não, nunca tive;0;Não;;;;;;;Sim, mas com algumas dificuldades;Tenho seguro de saúde que cobre despesas relacionadas com saúde mental;Não;Não, nunca ou raramente.;;;;;;;;Deficiência física, doença crónica ou problema de saúde grave (do próprio ou de pessoa próxima) com impacto na vida diária;;;;;;;5 ou mais pessoas;Ocasionalmente (1 - 10 vezes em todo o ano);Uso mensal (pelo menos 1 vez por mês);Nunca;Nunca;Nunca;Nunca;Nunca;Nunca;Ocasionalmente (menos de 1 vez por mês);Uso mensal (em média 1 vez por mês);Nunca;Nunca;Nunca
1;2;1;1;1;1;1;1;1;1;1;1;1;1;1;1;3;2;3;2;1;1;1;2;1;2;2;2;2;2;2;1;2;1;2;2;3;2;3;2;2;2;2;3;3;4;4;3;3;4;4;2;2;2;1;2;1;1;1;1;1;1;1;2;3;2;2;1;4;2;2;4;4;1;1;1;1;2;1;1;1;4;4;3;1;2;1;1;2;3;1;1;3;2;2;1;1;1;1;1;1;2;2;1;2;2;1;2;3;2;3;3;1;1;1;3;2;1;2;2;2;2;2;2;2;3;3;2;1;1;2;3;3;2;1;3;3;3;3;4;1;3;3;1;1;2;2;1;2;3;1;1;1;1;1;1;1;1;1;1;2;2;1;2;4;3;4;1;1;1;1;1;1;1;2;1;1;2;3;2;1;1;1;4;1;3;3;3;4;1;1;2;2;1;1;1;3;3;2;3;3;3;1;3;1;3;4;2;2;1;2;3;1;1;1;1;1;1;2;2;3;2;1;2;2;3;3;3;2;2;1;3;1;4;4;4;4;1;3;1;2;2;2;3;3;2;1;2;1;2;1;1;1;1;1;1;1;1;4;2;2;2;2;1;1;3;1;1;1;1;1;1;1;2;2;3;2;3;1;2;1;1;1;1;1;1;1;1;1;1;1;1;1;1;1;1;1;2;1;1;1;3;3;2;2;2;2;2;1;2;2;3;1;2;2;1;2;1;3;2;3;3;3;3;3;4;3;2;1;2;1;1;2;2;1;1;1;2;1;1;1;1;1;1;1;4;1;1;1;1;1;3;1;2;2;1;3;3;2;3;2;4;2;3;2;3;2;3;3;4;2;2;1;4;2;3;1;1;1;1;1;3;1;1;1;1;2;1;1;1;1;1;3;4;2;2;2;1;1;1;3;3;2;3;2;1;1;1;1;1;2;3;2;1;2;1;3;4;1;1;1;2;2;2;2;2;1;1;2;2;2;1;3;3;1;1;;25;Portugal;Portugal;Toda a vida;Sim;Norte;São Mamede de Infesta (MATOSINHOS);Semiurbano;Branca;;;;;;;Cisgénero (identifica-se com o sexo atribuído à nascença);Masculino;Ensino Superior concluído (Licenciatura/bacharelato, mestrado, doutoramento);Pausa na carreira;Médio;1 801 - 2800 €;Solteiro/a;3;Não;Nada Importante;Não, nunca tive;0;Não;;;;;;;Sim;Não tenho a certeza;Não;Não, nunca ou raramente.;;;;;Desemprego;;;;;;;;;;2-4 pessoas;Nunca;Uso diário ou quase diário;Uso diário ou quase diário;Nunca;Nunca;Nunca;Nunca;Nunca;Só para experimentar (1-3 vezes na vida);Uso quase diário ou diário;Uso quase diário ou diário;Nunca;Nunca
3;1;1;1;4;1;1;1;1;1;1;1;1;1;1;1;1;1;1;2;3;3;3;4;4;3;3;4;4;3;3;3;2;3;1;1;2;2;1;2;2;4;3;2;1;4;2;1;2;1;3;1;1;1;2;1;1;1;1;1;1;1;2;1;1;1;1;1;1;1;2;2;2;3;3;4;1;2;1;1;1;1;1;1;1;1;1;1;1;3;1;1;4;1;3;1;1;1;1;1;1;4;4;4;4;4;4;4;4;4;4;4;4;4;1;4;3;2;4;4;4;3;4;1;1;1;1;2;3;4;1;4;3;4;4;4;4;4;4;1;1;2;1;1;3;1;1;1;1;1;1;1;1;1;2;1;1;1;1;1;1;3;1;1;3;3;2;1;1;1;1;1;1;1;1;1;1;3;1;1;1;1;1;1;1;3;4;4;4;4;1;2;1;1;1;2;2;2;1;3;3;3;1;4;2;1;2;1;4;2;1;2;4;3;3;3;4;2;1;1;2;1;1;1;1;3;3;1;4;2;1;3;3;2;2;3;1;1;1;1;1;2;2;1;2;4;1;1;3;1;1;1;1;1;1;1;1;1;2;1;2;2;1;3;2;4;4;4;1;1;1;1;1;4;1;4;4;4;1;1;1;1;1;1;1;1;1;1;1;1;1;1;1;1;1;1;1;1;1;1;1;1;1;1;1;1;1;3;1;1;1;2;1;1;1;1;3;2;4;4;3;3;3;3;1;3;3;3;1;1;1;1;1;1;1;1;1;1;1;1;1;1;1;1;4;3;1;3;3;4;3;1;1;3;1;1;1;3;1;3;3;3;2;1;3;1;3;4;3;4;1;1;4;1;3;1;1;1;1;1;1;1;1;4;1;1;1;1;4;3;4;1;1;1;1;1;1;1;1;1;2;2;2;2;1;1;3;1;4;2;1;1;1;1;1;1;1;1;1;1;1;1;1;1;1;1;1;1;1;1;1;1;1;1;1;1;;20;Portugal;Portugal;Toda a vida;Sim;Norte;Avintes (VILA NOVA DE GAIA);Semiurbano;Branca;;;;;;;Cisgénero (identifica-se com o sexo atribuído à nascença);Feminino;Ensino Secundário concluído (10º, 11º, 12º ano);Estudante;Médio-baixo;Não sei/Prefiro não responder;Solteiro/a;3;Não;Mais ou menos importante;Não, nunca tive;0;;Sim, por um psicólogo;;;;;;Prefiro não responder;Não tenho a certeza;Não;Frequentemente ou Sempre;;;;;;;Conflitos familiares ou relacionais persistentes;;;;;;;;2-4 pessoas;Ocasionalmente (1 - 10 vezes em todo o ano);Nunca;Nunca;Nunca;Nunca;Nunca;Nunca;Nunca;Só para experimentar (1-3 vezes na vida);Nunca;Só para experimentar (1-3 vezes na vida);Nunca;Nunca
1;1;1;1;1;1;1;1;1;1;1;1;1;2;1;2;4;4;4;2;4;4;2;2;2;4;4;4;4;1;1;1;1;1;1;1;1;2;1;3;1;3;2;1;1;3;1;1;1;1;1;3;1;4;4;2;1;1;1;2;1;1;1;1;1;1;1;1;2;1;4;2;2;1;1;1;1;1;1;1;1;2;1;3;1;1;1;1;3;4;1;1;3;1;3;1;4;1;1;2;1;4;4;3;1;2;2;4;4;3;4;3;4;3;4;4;4;2;1;1;1;1;1;2;1;1;2;1;2;3;1;2;1;1;1;2;3;2;2;1;1;1;2;1;2;1;1;1;1;1;1;1;1;1;1;1;1;1;3;1;4;4;4;3;1;1;4;1;1;1;1;1;1;1;1;1;1;1;1;1;1;1;1;1;1;1;1;1;3;1;1;1;1;1;1;1;1;3;1;1;2;3;1;2;1;3;2;1;2;2;2;2;1;1;1;1;1;1;1;1;1;1;1;1;1;2;1;2;4;1;1;1;1;2;3;2;3;1;1;1;1;2;2;2;4;2;1;1;1;1;1;1;1;1;1;1;1;1;1;1;1;1;1;2;2;2;1;1;1;1;1;1;1;1;1;1;1;1;1;1;1;1;1;1;1;1;1;1;2;1;1;1;1;1;1;1;1;1;1;1;1;1;1;1;1;1;1;4;4;1;4;4;1;2;1;1;1;2;1;2;2;1;2;4;2;2;4;1;1;1;1;1;1;2;1;2;1;1;1;1;1;1;1;1;1;2;2;1;1;1;1;1;1;1;1;1;1;4;4;4;1;4;4;4;2;2;3;2;2;2;3;1;2;1;1;1;1;1;1;1;1;1;2;2;1;2;4;2;3;1;1;1;2;1;1;1;2;1;1;1;1;2;1;1;1;1;3;1;1;1;1;1;1;1;1;1;1;1;1;1;1;1;1;1;1;1;1;1;1;1;1;1;1;1;1;1;;20;Portugal;Portugal;Toda a vida;Sim;Norte;Avintes (VILA NOVA DE GAIA);Semiurbano;Branca;;;;;;;Cisgénero (identifica-se com o sexo atribuído à nascença);Feminino;Ensino Secundário concluído (10º, 11º, 12º ano);Estudante;Médio;Não sei/Prefiro não responder;Solteiro/a;3;Não;Prefiro não responder;Não, nunca tive;0;;Sim, por um psicólogo;;;;;;Sim;Não tenho a certeza;Não;Bastantes vezes;;;;;;;;;;;;;;Não experienciei nenhuma destas situações;2-4 pessoas;Nunca;Nunca;Nunca;Nunca;Nunca;Nunca;Nunca;Nunca;Nunca;Nunca;Nunca;Nunca;Nunca
1;1;2;1;1;1;1;1;1;1;1;1;1;2;2;2;1;1;1;2;1;2;2;2;2;2;3;3;2;2;2;3;3;3;2;2;4;3;2;2;4;2;3;4;2;4;2;2;3;1;2;2;2;3;4;3;1;1;3;1;1;1;1;1;1;2;1;1;3;2;2;2;1;1;1;2;1;2;1;1;2;2;2;2;1;1;1;1;2;4;1;2;4;4;4;1;2;2;2;1;2;4;3;3;2;2;2;3;4;3;3;3;4;3;2;2;3;1;1;1;1;1;1;3;3;3;3;2;2;2;2;2;2;2;2;2;3;3;3;3;1;2;2;1;2;1;1;1;2;1;1;1;1;1;1;1;3;1;2;2;4;3;2;2;3;2;2;2;1;1;1;1;1;3;2;4;2;1;1;2;1;1;1;2;1;2;1;1;2;1;2;1;2;2;1;2;2;2;2;2;3;2;1;2;2;4;2;2;2;2;2;2;1;2;1;1;1;1;1;1;1;1;1;1;1;3;3;2;3;1;4;2;2;2;1;4;2;2;2;2;1;3;3;3;4;4;2;2;2;2;3;1;1;1;1;1;1;4;4;1;2;4;1;2;1;1;1;1;2;3;1;1;1;1;2;2;3;2;2;4;2;3;2;1;1;1;1;1;1;1;1;1;1;1;1;1;1;2;2;2;2;1;3;2;2;1;3;2;3;2;2;2;2;2;2;1;2;1;2;2;1;3;3;3;1;2;3;2;1;1;1;1;2;2;1;2;1;1;1;1;1;1;1;1;2;3;1;2;2;1;1;2;1;3;2;1;2;3;3;2;2;4;4;4;2;4;2;1;2;2;2;1;4;2;4;4;4;1;2;1;1;1;2;1;2;1;2;2;2;1;1;1;2;2;2;2;2;1;1;4;2;2;2;1;2;1;1;1;2;1;2;2;2;1;2;1;1;1;1;1;1;1;1;1;1;1;1;1;1;1;1;1;1;1;1;1;;20;Portugal;Portugal;Toda a vida;Sim;Norte;Anta (ESPINHO);Urbano;Branca;;;;;;;Cisgénero (identifica-se com o sexo atribuído à nascença);Masculino;Ensino Secundário concluído (10º, 11º, 12º ano);Estudante;Médio-baixo;1 201 - 1 500 €;Solteiro/a;3;Não;Nada Importante;Não, nunca tive;0;Não;;;;;;;Sim;Não tenho a certeza;Não;Por vezes;;;;;Desemprego;;;Deficiência física, doença crónica ou problema de saúde grave (do próprio ou de pessoa próxima) com impacto na vida diária;;;;;;;2-4 pessoas;Ocasionalmente (1 - 10 vezes em todo o ano);Nunca;Nunca;Nunca;Nunca;Nunca;Nunca;Nunca;Ocasionalmente (menos de 1 vez por mês);Só para experimentar (1-3 vezes na vida);Uso mensal (em média 1 vez por mês);Nunca;Nunca
1;1;1;1;1;1;1;1;1;1;1;1;1;1;1;1;1;1;1;1;1;2;1;2;1;1;1;2;1;1;1;1;1;1;1;3;2;2;2;1;3;2;2;2;2;1;1;1;1;1;1;2;1;3;1;1;1;1;1;1;1;1;1;1;1;2;1;1;2;1;2;2;1;1;1;1;1;1;1;1;1;1;1;1;1;1;1;1;1;2;1;2;3;1;2;1;1;1;1;1;1;2;1;1;1;2;3;1;1;2;2;3;2;2;1;2;1;1;3;2;3;2;1;1;2;1;1;2;1;1;2;2;2;1;1;2;3;3;3;1;2;2;1;1;2;1;1;1;1;1;1;1;1;2;1;1;1;1;1;1;1;1;1;1;1;1;2;1;2;1;1;1;1;1;1;1;1;2;1;2;1;1;1;2;2;1;1;1;1;1;1;1;1;1;2;1;2;3;1;2;3;2;1;2;1;2;1;2;2;3;2;3;1;1;1;1;1;1;1;2;1;1;1;2;1;2;1;2;3;1;2;2;1;1;1;1;1;1;1;2;1;1;2;1;3;2;3;2;2;2;1;1;1;1;1;1;1;1;1;1;2;1;1;1;1;2;3;1;1;1;1;1;1;1;1;1;1;1;2;2;2;1;2;1;1;1;1;1;1;1;1;1;1;1;1;1;1;1;1;1;1;1;3;2;1;2;3;2;1;2;1;1;1;1;1;1;2;1;3;2;2;1;2;3;3;1;1;1;1;2;2;1;1;1;1;2;1;1;1;1;1;1;1;1;1;3;2;2;1;1;1;2;1;1;1;1;1;2;1;1;2;4;2;2;2;3;2;1;1;2;1;1;1;1;1;1;1;1;1;1;1;1;1;1;1;1;2;1;1;1;1;1;1;1;1;1;1;1;1;1;3;4;3;3;3;1;3;3;2;2;1;1;1;1;1;1;1;1;1;1;1;1;1;1;1;1;1;1;1;1;1;1;1;1;1;1;;33;Portugal;Portugal;Toda a vida;Sim;Norte;Cedofeita, Ildefonso, Sé, Miragaia, Nicolau, Vitória (PORTO);Rural;Branca;;;;;;;Cisgénero (identifica-se com o sexo atribuído à nascença);Masculino;Ensino Superior concluído (Licenciatura/bacharelato, mestrado, doutoramento);Empregado/a;Médio;1 051 - 1 201 €;Casado/a ou em União de Facto;2;Não;Pouco Importante;Não, nunca tive;0;Não;;;;;;;Sim;Tenho seguro de saúde que cobre despesas relacionadas com saúde mental;Não;Não, nunca ou raramente.;;;;;;;;;;;;;;Não experienciei nenhuma destas situações;2-4 pessoas;Uso semanal (pelo menos 1 vez por semana);Nunca;Nunca;Nunca;Nunca;Nunca;Nunca;Nunca;Uso semanal (pelo menos 1 vez por semana);Só para experimentar (1-3 vezes na vida);Só para experimentar (1-3 vezes na vida);Nunca;Nunca
1;1;1;1;1;1;1;1;1;1;1;1;1;2;1;2;2;3;2;1;1;2;1;2;1;3;3;3;3;2;3;3;3;3;2;2;1;1;2;2;3;3;2;3;1;1;1;1;3;3;1;1;2;2;2;2;2;1;2;1;1;1;1;2;1;2;2;1;2;1;1;2;3;1;1;1;1;1;1;1;2;2;2;2;2;2;2;2;2;2;1;3;2;2;2;1;1;2;1;1;2;2;1;1;1;3;3;1;1;1;2;3;3;3;2;2;3;3;3;3;2;3;2;1;2;2;2;2;2;2;3;2;1;2;2;1;2;2;2;2;1;2;1;2;2;1;1;1;1;1;1;1;1;1;1;1;1;1;1;2;1;2;1;1;1;3;2;1;1;1;1;1;1;1;2;2;3;2;2;2;1;1;1;2;1;2;1;1;1;1;3;3;1;1;1;2;2;3;2;3;2;2;1;2;2;3;2;2;3;1;1;3;1;2;1;1;1;1;2;1;3;2;1;3;2;3;2;3;3;1;2;2;2;1;2;4;3;2;2;1;1;1;2;2;2;2;1;3;3;1;2;1;1;1;1;1;1;1;2;1;2;1;2;1;2;1;1;1;1;1;1;1;1;1;1;2;3;2;2;3;2;2;2;1;2;1;1;1;1;1;1;1;1;1;1;1;1;2;1;1;3;1;2;2;2;1;2;3;3;2;2;3;1;2;1;1;3;1;2;2;2;2;2;2;2;2;1;2;2;2;2;1;1;1;1;1;1;1;1;1;1;1;1;1;1;3;2;2;1;1;1;2;1;1;1;1;1;2;2;2;1;3;3;3;2;2;2;2;2;1;1;2;1;1;2;1;1;1;1;1;1;1;1;2;1;2;2;2;1;1;1;1;1;2;1;1;1;1;2;1;3;3;3;2;3;1;1;2;2;2;1;2;1;2;1;1;1;2;2;1;1;1;1;1;1;1;1;1;1;1;1;1;1;1;1;1;;26;Portugal;Portugal;Toda a vida;Sim;Norte;Águas Santas (MAIA);Urbano;Branca;;;;;;;Cisgénero (identifica-se com o sexo atribuído à nascença);Masculino;Ensino pós-secundário não superior (cursos técnico-profissionais, cursos de especialização, formação técnica);Empregado/a;Médio-baixo;1 801 - 2800 €;Solteiro/a;2;Não;Mais ou menos importante;Não, nunca tive;0;Não;;;;;;;Sim;Não tenho a certeza;Não;Por vezes;;;;;;;;;;;;;;Não experienciei nenhuma destas situações;5 ou mais pessoas;Uso mensal (pelo menos 1 vez por mês);Ocasionalmente (1 - 10 vezes em todo o ano);Nunca;Nunca;Nunca;Nunca;Nunca;Nunca;Uso mensal (em média 1 vez por mês);Ocasionalmente (menos de 1 vez por mês);Uso semanal (pelo menos 1 vez por semana);Nunca;Nunca
1;1;2;1;2;1;1;1;1;1;1;1;1;2;1;2;2;3;3;1;2;2;1;1;1;1;2;2;1;1;4;1;1;2;2;2;4;2;2;3;2;2;4;1;2;4;2;1;4;2;2;2;3;3;2;1;1;1;1;1;1;1;1;3;1;4;3;1;2;2;2;1;2;1;1;1;1;1;1;1;2;1;1;1;1;3;1;1;2;2;1;2;4;3;2;1;1;2;2;1;2;4;2;1;1;2;2;3;2;3;1;1;1;2;1;3;1;4;3;3;3;3;1;2;2;2;1;1;3;2;2;3;4;3;2;3;4;2;4;2;3;2;3;2;1;1;1;1;1;1;1;1;1;2;1;2;1;1;1;2;1;2;2;2;1;3;1;2;2;2;2;3;1;1;3;3;2;1;2;2;1;1;1;2;1;2;1;1;1;1;2;2;2;2;1;2;2;3;2;2;2;2;1;1;1;2;2;2;2;1;1;1;2;1;2;3;1;2;1;2;3;1;1;3;2;4;3;4;4;1;4;3;4;2;1;1;1;1;2;2;2;1;2;1;2;2;2;3;2;2;2;2;1;1;1;1;1;4;3;1;2;1;2;1;1;2;1;1;1;1;1;1;1;2;1;2;4;4;1;2;2;2;2;3;2;1;1;1;1;2;2;2;1;2;2;1;1;3;1;2;1;1;3;2;1;3;1;2;3;1;3;1;1;2;2;1;3;2;4;4;2;3;3;2;2;3;2;1;1;1;2;1;2;2;1;1;1;1;1;1;1;1;1;1;1;2;1;2;2;1;1;1;1;2;1;1;1;3;2;4;1;4;1;3;2;1;2;2;2;2;2;2;1;3;1;1;1;1;1;1;1;2;1;2;2;2;2;2;3;1;1;1;2;4;4;2;1;1;1;1;4;2;3;4;2;1;4;2;2;1;2;1;2;1;2;2;2;2;1;1;1;1;1;1;2;1;1;1;1;1;1;1;2;2;1;1;;26;Portugal;Portugal;Toda a vida;Sim;Norte;Vila Cova da Lixa e Borba de Godim (FELGUEIRAS);Semiurbano;Branca;;;;;;;Cisgénero (identifica-se com o sexo atribuído à nascença);Masculino;Ensino pós-secundário não superior (cursos técnico-profissionais, cursos de especialização, formação técnica);Empregado/a;Médio;2 801 - 4 000 €;Solteiro/a;3;Não;Pouco Importante;Não, nunca tive;0;Não;;;;;;;Não procurei ajuda porque não precisei;Não tenho seguro de saúde;Não;Não, nunca ou raramente.;;;;;;;;Deficiência física, doença crónica ou problema de saúde grave (do próprio ou de pessoa próxima) com impacto na vida diária;;;;;;;2-4 pessoas;Uso mensal (pelo menos 1 vez por mês);Uso mensal (pelo menos 1 vez por mês);Uso diário ou quase diário, várias vezes por dia;Nunca;Nunca;Nunca;Nunca;Nunca;Ocasionalmente (menos de 1 vez por mês);Ocasionalmente (menos de 1 vez por mês);Uso diário ou quase diário e várias vezes ao dia;Nunca;Nunca
1;2;2;2;2;1;1;1;1;1;1;1;1;4;1;4;1;4;2;2;3;1;1;2;1;2;4;4;3;1;1;1;1;1;2;2;2;2;2;4;3;3;4;4;3;3;1;1;1;1;1;3;4;4;4;4;1;1;1;2;1;1;1;1;2;1;3;1;3;1;1;2;1;2;1;2;1;1;1;1;1;2;1;1;2;1;2;1;4;4;3;3;4;3;4;2;2;2;2;1;3;3;3;4;3;3;4;3;4;3;3;1;2;4;1;3;3;4;3;3;3;3;2;3;3;3;2;2;2;2;3;3;1;1;2;2;3;3;4;3;1;3;4;1;3;1;1;1;1;1;1;1;1;3;1;1;1;1;3;2;2;3;4;1;3;3;3;1;1;1;1;1;1;1;1;1;1;1;1;4;1;1;1;2;1;2;2;1;1;3;4;3;1;3;2;4;4;3;3;3;3;3;1;3;1;2;3;3;2;2;2;3;3;3;4;1;1;3;1;1;2;4;2;3;2;2;2;2;3;1;2;2;2;2;1;4;1;1;1;1;1;4;3;1;4;4;3;4;4;1;2;1;1;1;1;1;1;1;4;1;3;3;2;3;2;2;3;2;1;3;1;1;3;4;4;3;4;3;2;4;2;3;3;3;2;1;1;1;1;1;3;1;2;1;1;1;1;3;1;1;2;1;3;3;2;2;3;4;4;3;3;4;3;3;4;1;1;2;4;4;3;2;2;3;3;3;2;2;3;1;1;1;2;1;1;3;2;1;1;1;1;2;1;1;2;4;4;4;2;3;1;1;1;1;2;1;1;1;1;1;1;1;3;4;2;1;3;1;1;1;2;1;4;2;4;3;1;1;1;1;4;4;3;3;2;3;3;3;1;1;1;1;2;3;2;1;3;1;1;1;2;2;3;1;2;4;4;4;3;4;2;3;1;1;1;1;3;2;1;1;1;2;1;2;2;1;1;1;1;1;2;3;1;1;1;1;;37;Portugal;Portugal;Toda a vida;Sim;Centro;Esgueira (AVEIRO);Semiurbano;Branca;;;;;;;Cisgénero (identifica-se com o sexo atribuído à nascença);Masculino;Ensino pós-secundário não superior (cursos técnico-profissionais, cursos de especialização, formação técnica);Empregado/a;Médio-baixo;Até 1 050€;Solteiro/a;1, sou só eu;Não;Nada Importante;Não, nunca tive;0;Não;;;;;;;Sim, mas com algumas dificuldades;Não tenho a certeza;Não;Bastantes vezes;;;Insegurança laboral (salários em atraso, contratos precários ou temporários, sem proteção social em caso de despedimento, ou outros);;;;;;;;;;;;1 pessoa;Uso mensal (pelo menos 1 vez por mês);Ocasionalmente (1 - 10 vezes em todo o ano);Ocasionalmente (1 - 10 vezes em todo o ano);Nunca;Nunca;Nunca;Nunca;Nunca;Ocasionalmente (menos de 1 vez por mês);Ocasionalmente (menos de 1 vez por mês);Ocasionalmente (menos de 1 vez por mês);Nunca;Nunca
1;1;1;2;1;1;1;1;1;1;1;1;1;2;1;1;1;1;1;2;1;1;1;1;1;1;2;2;3;1;1;1;2;1;1;1;1;1;2;1;3;3;1;2;1;1;1;1;1;1;1;3;2;3;2;2;1;1;1;1;1;1;1;1;1;1;1;1;2;1;1;2;1;1;1;1;1;1;1;1;1;1;1;1;1;1;1;1;1;1;1;2;3;2;2;1;1;1;1;1;1;2;1;3;2;3;3;4;2;3;4;2;3;1;1;1;1;1;1;1;1;1;1;1;1;1;1;1;2;3;1;1;2;1;1;2;2;2;3;1;1;2;1;1;3;1;1;1;1;1;1;1;1;1;1;1;1;1;1;1;1;2;1;1;1;1;1;1;1;1;1;1;1;1;1;1;1;1;1;1;1;1;1;2;1;1;1;1;3;1;1;1;1;1;1;1;3;1;3;3;3;3;1;1;2;1;1;1;2;2;2;1;1;1;1;2;2;1;1;1;1;1;1;1;1;1;1;1;1;1;1;1;1;1;1;1;1;1;2;1;1;2;2;2;3;2;2;2;1;1;1;1;1;1;1;1;1;1;1;1;1;1;1;1;1;1;1;1;1;1;1;1;1;2;3;4;4;2;1;1;1;1;1;1;1;1;1;1;1;1;1;1;1;1;1;1;0;1;1;1;1;1;1;1;1;1;1;2;1;1;1;2;1;1;1;1;1;1;1;2;2;2;2;2;2;3;1;1;1;1;1;1;1;1;1;1;1;1;1;1;1;1;1;1;1;1;1;1;1;1;1;1;1;1;1;1;1;3;2;3;1;1;2;1;2;2;1;1;1;1;1;1;1;1;1;1;1;1;1;1;1;1;1;1;1;2;2;1;1;1;1;1;1;1;1;1;2;1;1;1;2;2;2;2;1;1;3;1;3;1;1;1;1;1;1;1;1;1;1;1;1;1;1;1;1;1;1;1;1;1;1;1;1;1;1;1;1;27;Portugal;Portugal;Toda a vida;Sim;Centro;Esgueira (AVEIRO);Urbano;Branca;;;;;;;Cisgénero (identifica-se com o sexo atribuído à nascença);Feminino;Ensino Superior concluído (Licenciatura/bacharelato, mestrado, doutoramento);Empregado/a;Médio;1 501 - 1 800 €;Solteiro/a;2;Não;Nada Importante;Não, nunca tive;0;Não;;;;;;;Sim;Tenho seguro de saúde que cobre despesas relacionadas com saúde mental;Não;Frequentemente ou Sempre;;;;;;;;;;;;;;Não experienciei nenhuma destas situações;2-4 pessoas;Nunca;Nunca;Nunca;Nunca;Nunca;Nunca;Nunca;Nunca;Ocasionalmente (menos de 1 vez por mês);Nunca;Nunca;Nunca;Nunca
1;1;2;1;1;1;1;1;1;1;1;1;1;1;1;1;1;1;1;2;1;1;2;1;2;1;1;1;1;1;3;2;2;2;1;1;2;1;2;1;2;2;2;2;1;2;1;1;1;1;1;1;1;2;1;1;1;1;1;1;1;1;1;1;1;1;1;1;2;3;1;3;2;2;2;2;1;1;1;1;2;2;2;1;1;1;1;1;1;1;2;1;2;1;1;1;1;1;1;1;1;1;1;1;1;2;1;1;1;2;2;1;1;2;1;1;1;2;1;2;2;2;1;1;1;2;1;2;1;2;2;2;1;1;1;2;2;2;2;2;1;2;1;1;2;1;1;1;2;1;1;1;1;2;2;2;2;2;1;1;1;1;1;1;1;3;2;2;1;1;1;1;1;1;1;1;1;2;2;4;1;1;1;3;2;3;1;2;1;1;2;2;1;1;1;2;2;3;1;3;3;3;1;1;2;2;2;2;1;1;2;2;2;1;2;2;2;2;1;1;2;1;1;2;1;2;2;2;2;2;2;2;1;1;1;1;1;1;2;1;1;1;2;1;2;2;2;2;3;1;2;1;1;1;1;1;1;1;2;1;1;1;1;1;1;1;1;1;1;3;2;2;1;2;1;2;3;3;3;1;1;1;1;2;1;1;1;1;1;1;1;1;1;1;1;1;1;1;1;1;1;1;1;2;3;2;2;2;2;1;2;3;1;1;1;1;1;2;3;2;2;3;3;3;2;3;3;1;1;1;1;1;1;1;1;1;1;2;1;1;1;1;1;1;1;2;2;1;1;2;2;1;1;1;1;1;1;3;1;2;2;2;2;1;1;1;2;2;2;3;2;2;1;1;2;1;1;2;1;2;1;1;1;1;1;1;1;2;1;1;1;1;1;3;1;1;1;1;1;1;4;4;3;4;3;1;1;1;1;1;1;1;1;1;1;1;1;1;1;1;1;1;1;1;1;1;1;1;1;1;1;1;1;1;1;1;;51;Portugal;Portugal;Toda a vida;Sim;Norte;Canelas (VILA NOVA DE GAIA);Urbano;Branca;;;;;;;Cisgénero (identifica-se com o sexo atribuído à nascença);Feminino;Ensino Secundário concluído (10º, 11º, 12º ano);Empregado/a;Médio;1 801 - 2800 €;Casado/a ou em União de Facto;3;Sim, tenho 1 filho/a;Pouco Importante;Não, nunca tive;0;Não;;;;;;;Não procurei ajuda porque não precisei;Não tenho seguro de saúde;Não;Não, nunca ou raramente.;;;;;;;;;;;;;;Não experienciei nenhuma destas situações;2-4 pessoas;Uso mensal (pelo menos 1 vez por mês);Nunca;Nunca;Nunca;Nunca;Nunca;Nunca;Nunca;Ocasionalmente (menos de 1 vez por mês);Nunca;Nunca;Nunca;Nunca
1;1;1;1;1;1;1;1;1;1;1;1;1;3;2;2;2;1;1;3;3;1;3;1;3;1;3;3;2;1;2;1;2;1;1;1;1;1;1;1;1;4;2;4;1;4;2;1;3;1;1;1;2;3;3;2;1;1;1;2;1;1;1;1;1;1;1;1;2;3;1;3;2;1;1;1;1;1;2;1;1;1;1;1;1;1;1;2;2;2;1;1;3;1;4;1;1;1;1;1;1;2;1;1;1;4;2;1;1;1;1;2;3;4;1;4;1;1;1;1;1;1;2;1;1;2;1;1;2;1;2;2;1;1;1;2;2;2;2;1;2;1;1;1;1;1;1;1;1;1;1;1;1;1;1;1;1;1;2;1;1;2;1;1;2;4;2;4;1;1;1;1;1;1;1;1;1;2;2;4;1;0;1;2;1;3;2;1;4;1;2;1;1;1;1;1;4;3;2;3;4;4;1;3;2;2;1;1;4;3;4;4;1;1;1;1;1;2;1;1;2;1;1;2;1;4;2;2;3;1;1;2;1;2;1;2;1;1;3;1;1;2;2;2;2;3;2;3;2;1;1;1;1;1;1;1;1;1;3;1;1;1;1;3;1;2;1;1;1;1;1;1;1;3;2;2;4;3;1;1;1;1;2;1;1;1;1;1;1;1;1;1;1;1;1;1;1;1;1;1;1;1;1;1;2;1;1;1;1;1;1;1;3;2;2;1;2;1;3;1;2;4;4;4;3;3;4;1;1;1;1;1;3;1;1;1;1;1;1;1;1;1;1;1;1;1;1;1;2;1;1;1;1;1;1;1;1;2;1;2;3;4;1;1;1;1;1;3;3;3;4;3;3;4;2;1;3;1;1;1;1;2;1;1;1;1;2;1;1;1;1;1;1;2;1;1;1;1;1;1;3;4;3;3;3;1;3;1;1;1;1;1;1;1;1;1;1;1;1;1;1;1;1;1;1;1;1;1;1;1;1;1;1;1;1;1;1;34;Portugal;Portugal;Toda a vida;Sim;Norte;Senhora da Hora (MATOSINHOS);Urbano;Branca;;;;;;;Cisgénero (identifica-se com o sexo atribuído à nascença);Feminino;Ensino Superior concluído (Licenciatura/bacharelato, mestrado, doutoramento);Empregado/a;Médio;1 501 - 1 800 €;Casado/a ou em União de Facto;2;Sim, tenho 1 filho/a;Muito Importante;Não, nunca tive;0;Não;;;;;;;Sim;Não tenho seguro de saúde;Não;Não, nunca ou raramente.;;;;;;;;;;;;;;Não experienciei nenhuma destas situações;5 ou mais pessoas;Nunca;Nunca;Nunca;Nunca;Nunca;Nunca;Nunca;Nunca;Uso mensal (em média 1 vez por mês);Nunca;Nunca;Nunca;Ocasionalmente (menos de 1 vez por mês)
1;1;1;1;1;1;1;1;1;1;1;1;1;1;1;1;1;2;1;2;1;1;1;1;1;1;1;1;2;1;1;1;1;1;2;1;1;1;1;1;2;2;1;2;2;1;1;1;1;1;1;1;1;2;1;1;1;1;1;1;1;1;1;1;2;1;2;1;2;3;1;2;1;1;2;1;1;1;1;1;1;1;1;1;1;1;1;3;2;1;2;1;2;1;2;1;1;1;1;1;1;1;1;1;1;2;2;1;1;1;1;1;1;3;1;1;1;1;1;1;2;2;1;1;1;1;1;1;1;1;1;1;1;1;1;1;2;1;1;1;1;2;1;1;1;1;1;1;1;1;1;1;1;1;1;1;1;1;1;1;1;1;1;1;1;1;2;1;1;1;1;1;1;1;1;1;1;2;2;3;1;1;1;3;1;2;1;1;2;1;1;2;1;1;1;2;2;3;1;2;3;2;1;1;1;1;2;1;1;1;1;1;1;1;1;1;1;1;1;1;2;1;1;1;2;2;1;1;2;1;1;2;1;2;1;2;1;1;2;1;1;1;1;1;1;1;2;2;2;1;1;1;1;1;1;1;1;1;1;1;1;1;1;1;1;1;1;1;1;1;1;1;1;1;1;1;3;2;1;2;1;1;1;1;1;1;1;1;1;1;1;1;1;1;1;1;1;1;1;1;1;1;2;1;1;1;1;2;1;1;1;1;1;1;2;1;2;1;2;2;1;2;2;3;1;1;2;1;1;1;2;1;1;1;1;1;1;1;1;1;1;1;1;1;1;1;1;1;1;1;1;1;1;1;1;1;1;2;3;2;2;2;2;2;1;1;1;2;1;3;1;3;2;1;1;1;1;1;1;1;1;1;1;1;1;1;1;1;1;1;1;1;1;1;1;1;1;1;1;1;3;4;4;4;3;1;2;2;3;1;1;1;1;1;1;1;1;1;1;1;1;1;1;1;1;1;1;1;1;1;1;1;1;1;1;1;;42;Portugal;Portugal;Toda a vida;Sim;Norte;Campanhã (PORTO);Semiurbano;Branca;;;;;;;Cisgénero (identifica-se com o sexo atribuído à nascença);Masculino;Ensino Superior concluído (Licenciatura/bacharelato, mestrado, doutoramento);Empregado/a;Médio;1 201 - 1 500 €;Casado/a ou em União de Facto;2;Não;Pouco Importante;Não, nunca tive;0;Não;;;;;;;Sim;Não tenho seguro de saúde;Não;Não, nunca ou raramente.;;;;;;;;;;;;;;Não experienciei nenhuma destas situações;2-4 pessoas;Nunca;Nunca;Nunca;Nunca;Nunca;Nunca;Nunca;Ocasionalmente (1 - 10 vezes em todo o ano);Nunca;Nunca;Nunca;Nunca;Nunca
1;1;1;1;1;1;1;1;1;1;1;1;1;1;1;1;1;1;1;2;1;1;1;1;2;1;1;1;1;1;1;1;1;1;1;1;3;1;1;1;1;1;1;1;1;1;1;1;1;1;1;1;1;3;1;1;1;1;1;1;1;1;1;1;1;1;1;1;2;1;1;1;1;1;1;1;1;1;1;1;2;2;2;1;1;1;1;3;2;1;1;1;4;1;3;1;1;1;1;1;1;1;1;1;1;1;2;1;1;2;2;1;1;1;1;1;1;2;3;1;3;1;1;1;1;1;1;1;1;1;1;2;1;1;1;1;2;3;1;1;2;1;1;2;1;1;1;1;1;1;1;1;1;1;1;1;1;1;2;1;1;1;1;1;1;1;2;1;1;1;1;2;1;1;1;1;1;2;2;4;1;1;1;3;1;1;2;3;4;2;1;1;1;2;1;1;3;3;2;4;3;1;1;1;1;2;2;1;1;1;2;1;1;1;1;2;2;1;1;1;1;1;1;1;1;1;1;1;1;1;1;1;1;1;1;1;1;1;2;2;2;1;1;1;1;1;1;2;2;1;1;1;1;1;1;1;1;1;2;2;1;1;1;1;1;1;1;1;1;1;1;1;1;1;1;2;1;1;1;1;1;1;1;2;1;1;1;1;1;1;1;1;1;1;1;1;1;1;1;1;1;1;1;1;1;1;1;1;1;1;1;1;1;1;1;1;3;2;3;3;1;4;4;3;3;4;1;1;1;1;1;1;1;1;1;1;1;1;1;1;1;1;1;1;1;2;1;1;1;1;1;1;1;1;1;1;1;2;1;2;2;3;2;1;1;3;2;1;1;3;1;1;1;1;1;1;1;1;1;1;4;2;1;1;1;1;2;1;3;1;1;1;1;1;1;1;1;1;1;1;2;3;3;3;2;1;1;1;1;1;1;1;1;1;1;1;1;1;1;1;1;1;1;1;1;1;1;1;1;1;1;1;1;1;1;1;;42;Portugal;Portugal;Toda a vida;Sim;Norte;Campanhã (PORTO);Semiurbano;Branca;;;;;;;Cisgénero (identifica-se com o sexo atribuído à nascença);Feminino;Ensino Secundário concluído (10º, 11º, 12º ano);Empregado/a;Médio;1 501 - 1 800 €;Casado/a ou em União de Facto;2;Não;Muito Importante;Não, nunca tive;0;Não;;;;;;;Sim;Não tenho seguro de saúde;Não;Não, nunca ou raramente.;;;;;;;;;Luto;;;;;;2-4 pessoas;Ocasionalmente (1 - 10 vezes em todo o ano);Nunca;Nunca;Nunca;Nunca;Nunca;Nunca;Nunca;Só para experimentar (1-3 vezes na vida);Nunca;Nunca;Nunca;Nunca
2;3;2;1;1;1;1;1;1;1;1;1;1;2;1;2;1;1;2;4;3;2;3;1;3;4;4;3;2;3;4;4;3;4;1;1;2;1;2;1;4;4;4;4;2;1;1;1;2;1;1;1;3;4;3;4;1;1;1;1;1;1;1;1;2;1;3;3;3;2;1;4;1;4;4;3;1;3;1;1;1;2;2;1;1;1;1;1;3;2;1;3;3;2;2;2;1;3;2;2;2;2;1;2;2;4;2;3;3;2;3;2;2;3;2;4;3;3;1;3;1;2;1;2;2;1;2;1;1;2;2;1;3;2;1;2;2;1;3;1;2;2;1;1;2;1;2;3;3;1;1;1;1;3;2;1;3;2;2;2;2;4;4;1;1;1;2;2;2;1;1;1;1;1;1;1;1;3;2;4;1;1;1;3;1;2;3;4;3;2;3;2;3;2;3;4;2;4;2;2;2;4;2;2;1;2;2;3;2;3;2;3;1;2;1;1;1;2;2;2;1;1;1;2;3;1;2;2;1;1;1;1;1;3;3;2;3;2;1;1;1;2;4;2;4;2;3;2;3;3;2;1;1;1;1;1;1;3;3;2;3;3;1;1;1;2;1;1;1;2;1;1;1;2;3;4;4;4;2;1;1;2;2;1;1;2;1;1;1;1;1;1;2;2;3;1;1;3;2;3;4;1;2;2;2;2;2;1;1;1;1;1;2;1;2;1;1;2;1;1;1;2;2;2;3;2;1;3;2;2;3;2;2;1;1;1;1;1;1;1;1;1;1;1;1;2;1;1;1;1;1;1;1;1;2;1;1;2;1;1;3;3;2;1;1;2;4;3;4;4;3;4;1;1;1;1;2;1;1;1;1;2;2;2;2;3;3;1;1;1;1;1;1;3;1;1;1;1;1;1;3;3;2;3;3;1;3;3;3;1;2;3;1;2;1;1;2;1;2;1;1;1;1;1;2;1;1;1;1;1;1;1;1;1;1;1;;22;Portugal;Portugal;Toda a vida;Sim;Norte;Bonfim (PORTO);Rural;Branca;;;;;;;Cisgénero (identifica-se com o sexo atribuído à nascença);Feminino;Ensino Superior concluído (Licenciatura/bacharelato, mestrado, doutoramento);Estudante;Médio;2 801 - 4 000 €;Solteiro/a;3;Não;Mais ou menos importante;Não, nunca tive;0;Não;;;;;;;Não procurei ajuda, apesar de ter precisado;Não tenho a certeza;Não;Por vezes;;;;;;;;;;;;;;Não experienciei nenhuma destas situações;5 ou mais pessoas;Ocasionalmente (1 - 10 vezes em todo o ano);Uso semanal (pelo menos 1 vez por semana);Nunca;Nunca;Nunca;Ocasionalmente (1 - 10 vezes em todo o ano);Nunca;Nunca;Ocasionalmente (menos de 1 vez por mês);Uso mensal (em média 1 vez por mês);Só para experimentar (1-3 vezes na vida);Ocasionalmente (menos de 1 vez por mês);Só para experimentar (1-3 vezes na vida)
1;1;1;1;1;1;1;1;1;1;1;1;1;2;1;2;2;2;1;2;3;1;2;2;2;2;2;2;2;2;3;2;3;1;3;2;3;2;3;3;2;2;3;3;1;1;1;1;2;2;1;2;3;3;1;3;1;1;1;2;1;1;1;3;1;3;1;4;2;2;1;2;1;3;1;3;1;1;1;1;2;2;2;1;1;1;1;1;1;1;1;2;3;2;3;1;2;1;2;1;1;2;1;1;3;4;4;2;2;2;3;2;2;4;1;2;1;2;2;2;3;2;2;1;2;1;1;1;3;1;2;3;3;2;2;4;3;4;4;2;2;2;1;1;2;1;1;1;1;1;4;2;1;2;1;1;2;1;1;2;1;2;2;1;3;1;1;1;1;1;1;1;1;1;2;2;1;2;2;3;1;1;1;3;1;2;1;1;2;1;2;2;1;2;1;2;2;3;3;2;3;3;2;4;3;2;2;1;1;1;1;1;1;1;1;1;1;1;1;3;2;1;1;1;2;3;2;2;4;1;2;2;2;1;1;1;1;1;1;1;2;1;2;2;3;3;2;2;2;1;2;2;2;2;1;1;4;1;3;1;2;1;1;1;1;1;1;1;1;2;1;2;1;1;1;2;1;2;1;1;1;3;1;2;1;1;1;1;1;1;1;1;1;1;1;1;1;2;1;1;1;1;3;2;2;1;2;3;2;2;2;3;2;2;1;1;2;1;3;3;3;2;2;3;2;2;2;2;1;1;1;1;2;1;1;1;1;1;1;1;1;1;1;1;2;3;2;1;1;1;1;2;1;2;1;1;2;3;4;3;2;2;2;2;2;3;2;2;1;2;1;1;4;3;1;1;2;1;3;1;1;1;1;1;2;2;2;1;1;1;1;1;1;1;1;1;2;1;1;1;2;2;2;2;2;2;4;3;3;2;1;1;1;1;1;1;1;1;1;1;1;1;1;1;1;1;1;2;1;1;1;1;1;1;1;1;;22;Portugal;Portugal;Toda a vida;Sim;Norte;São Mamede de Infesta (MATOSINHOS);Semiurbano;Branca;;;;;;;Cisgénero (identifica-se com o sexo atribuído à nascença);Feminino;Ensino Superior concluído (Licenciatura/bacharelato, mestrado, doutoramento);Estudante;Médio-baixo;Não sei/Prefiro não responder;Solteiro/a;3;Não;Pouco Importante;Não, nunca tive;0;Não;;;;;;;Sim;Não tenho seguro de saúde;Não;Não, nunca ou raramente.;;;;Insegurança física (nos trajetos do dia-a-dia e locais que costuma frequentar);;;;;;;;;;;2-4 pessoas;Uso mensal (pelo menos 1 vez por mês);Ocasionalmente (1 - 10 vezes em todo o ano);Ocasionalmente (1 - 10 vezes em todo o ano);Nunca;Nunca;Nunca;Nunca;Nunca;Ocasionalmente (menos de 1 vez por mês);Só para experimentar (1-3 vezes na vida);Só para experimentar (1-3 vezes na vida);Nunca;Nunca
1;1;1;1;1;1;1;2;1;1;1;1;1;1;1;1;1;2;3;1;2;2;2;1;1;2;3;3;3;2;2;1;1;1;2;1;1;2;2;2;2;4;3;3;2;1;2;1;1;1;1;2;2;4;2;4;1;1;1;1;1;1;1;1;1;1;1;1;2;2;1;2;1;1;1;1;1;2;1;1;2;3;3;2;2;2;2;3;3;2;2;1;2;1;4;1;1;1;1;1;2;1;2;2;1;2;2;3;3;2;3;1;1;1;3;2;3;2;1;3;2;2;1;1;2;2;2;2;1;2;3;2;3;2;1;2;3;2;1;3;1;3;2;1;2;2;1;1;2;1;2;1;1;2;1;2;1;2;3;2;3;3;3;2;1;2;1;1;1;1;1;1;1;2;1;4;2;2;2;2;1;1;1;3;1;1;1;1;2;1;2;1;1;2;1;1;3;4;1;3;3;3;1;2;1;2;1;1;3;2;1;2;1;1;1;1;1;1;2;2;2;1;1;2;2;3;2;2;3;1;2;1;2;2;3;3;1;1;1;2;1;2;3;3;2;2;3;2;2;3;2;3;2;1;1;1;1;2;2;2;2;2;3;2;1;1;1;1;1;1;1;1;1;1;1;1;1;1;1;1;1;1;1;1;1;1;1;1;1;1;1;1;1;1;1;1;1;1;1;1;1;1;4;1;1;1;3;3;3;1;2;3;1;1;1;1;1;2;2;2;1;3;2;2;2;3;3;3;1;3;2;1;1;1;1;1;1;1;1;1;1;1;1;1;1;3;1;1;1;1;1;3;1;3;1;1;3;1;1;1;1;1;4;4;2;1;4;2;2;2;2;2;1;1;1;1;1;1;1;1;1;1;1;1;2;1;4;2;2;1;2;1;1;1;1;2;1;1;2;1;3;4;4;2;3;1;1;1;1;1;1;3;1;1;1;1;1;2;1;1;1;1;3;1;1;1;1;1;2;1;1;2;1;1;1;1;;23;Portugal;Portugal;Toda a vida;Sim;Centro;Valongo do Vouga (ÁGUEDA);Rural;Branca;;;;;;;Cisgénero (identifica-se com o sexo atribuído à nascença);Masculino;Ensino Secundário concluído (10º, 11º, 12º ano);Estudante;Médio;1 801 - 2800 €;Solteiro/a;4;Não;Nada Importante;Não, nunca tive;0;Não;;;;;;;Não procurei ajuda, apesar de ter precisado;Não tenho a certeza;Sim, 1-5 dias;Por vezes;;;;;;;;;;;;;;Não experienciei nenhuma destas situações;5 ou mais pessoas;Ocasionalmente (1 - 10 vezes em todo o ano);Ocasionalmente (1 - 10 vezes em todo o ano);Nunca;Nunca;Nunca;Nunca;Nunca;Nunca;Uso mensal (em média 1 vez por mês);Ocasionalmente (menos de 1 vez por mês);Nunca;Nunca;Nunca
3;3;4;3;1;1;1;1;1;1;1;1;1;2;1;1;2;4;2;3;2;2;2;2;3;2;2;2;3;2;4;2;2;2;2;2;3;3;4;3;4;4;3;4;3;2;1;1;1;1;2;2;3;4;4;4;1;1;4;2;1;3;1;1;1;1;1;1;2;3;2;3;4;2;2;2;1;2;1;1;2;4;2;1;1;2;3;1;1;4;1;3;2;2;2;1;1;3;1;1;1;2;3;3;4;4;4;2;3;3;3;3;3;3;1;2;3;3;3;3;4;2;3;2;2;1;3;2;4;4;2;4;4;2;3;4;4;4;3;3;1;2;3;1;1;1;1;1;1;1;1;1;1;1;1;1;1;1;1;1;1;4;4;1;2;2;3;1;1;1;1;1;1;1;1;1;1;2;3;3;1;1;1;3;1;2;3;3;2;3;1;3;2;1;2;2;4;2;2;3;2;3;2;3;3;3;3;2;2;2;4;3;3;2;3;2;4;2;1;1;3;1;1;3;1;2;2;3;2;1;2;2;2;3;3;4;1;1;3;1;2;3;4;4;4;3;3;3;3;2;2;1;1;1;1;1;1;1;1;1;1;1;1;3;4;2;1;1;1;1;1;1;1;2;3;3;3;3;2;2;1;1;2;2;2;2;1;1;1;1;1;1;1;1;1;1;1;4;1;3;1;3;3;2;2;2;3;4;3;1;2;4;1;1;2;1;3;2;4;4;3;2;3;3;3;4;4;1;1;1;1;1;1;1;1;1;2;1;1;1;1;1;1;1;2;1;1;2;1;1;1;2;1;3;1;1;1;2;2;4;2;4;3;1;3;3;4;3;1;4;3;2;1;1;1;1;1;1;1;1;1;4;3;2;1;1;2;1;1;1;1;1;1;3;1;1;1;1;1;1;2;2;2;3;2;1;1;2;1;1;1;1;1;1;1;1;1;1;1;1;1;1;1;1;1;1;1;1;1;1;1;1;1;1;1;1;;22;Portugal;Portugal;Toda a vida;Sim;Norte;Aldoar, Foz do Douro e Nevogilde (PORTO);Rural;Branca;;;;;;;Cisgénero (identifica-se com o sexo atribuído à nascença);Feminino;Ensino Secundário concluído (10º, 11º, 12º ano);Estudante;Médio-baixo;1 051 - 1 201 €;Solteiro/a;2;Não;Nada Importante;Não, nunca tive;0;Não;;;;;;;Prefiro não responder;Não tenho seguro de saúde;Não;Por vezes;;;;Insegurança física (nos trajetos do dia-a-dia e locais que costuma frequentar);;;Conflitos familiares ou relacionais persistentes;;;;;;;;2-4 pessoas;Nunca;Nunca;Nunca;Nunca;Nunca;Nunca;Nunca;Nunca;Só para experimentar (1-3 vezes na vida);Nunca;Nunca;Nunca;Nunca
1;1;1;1;1;1;1;1;1;1;1;1;1;1;1;1;1;1;1;1;1;1;1;1;1;1;1;1;1;1;1;1;1;1;1;2;1;2;2;1;2;1;1;2;1;1;1;1;1;1;1;1;1;1;1;1;1;1;1;1;1;1;1;1;1;1;2;1;2;1;1;2;1;1;1;1;1;1;1;1;2;2;1;1;1;1;1;1;1;1;1;2;2;1;2;1;1;1;1;1;1;1;2;1;1;1;1;1;1;1;1;1;1;2;1;1;1;1;2;2;2;1;2;1;2;1;1;1;1;1;1;2;2;1;1;1;1;2;1;1;1;1;2;1;1;1;1;1;1;1;1;1;1;1;1;1;1;1;1;1;1;2;2;1;1;2;1;1;1;1;1;1;1;1;2;1;1;2;2;1;1;1;1;1;3;3;1;1;1;1;1;1;1;1;1;1;2;3;1;1;3;1;1;1;1;1;2;1;1;1;1;1;1;1;1;1;1;1;1;1;1;2;1;2;2;2;1;2;2;1;1;1;1;1;1;2;1;1;1;1;1;1;1;1;1;1;1;2;1;2;2;1;1;1;1;1;1;1;1;1;2;2;1;1;1;1;1;1;1;1;1;1;1;1;1;1;2;1;1;1;2;2;1;1;1;1;1;1;1;1;1;1;1;1;1;1;1;1;1;2;1;1;2;1;1;1;1;1;2;1;1;2;2;1;2;1;1;2;4;3;2;1;3;2;1;1;1;1;1;2;1;1;1;1;1;1;1;1;4;1;1;1;1;1;1;2;1;1;1;1;1;2;1;1;1;1;1;1;1;1;1;3;1;1;1;1;1;1;1;1;1;1;1;1;1;1;1;1;1;1;1;1;1;1;1;1;1;1;1;1;1;1;1;1;1;1;1;1;1;1;3;3;1;3;3;1;1;1;1;1;1;1;1;1;1;1;1;1;1;1;1;1;1;1;1;1;1;1;1;1;1;1;1;1;1;1;;22;Portugal;Portugal;Toda a vida;Sim;Norte;Aldoar, Foz do Douro e Nevogilde (PORTO);Urbano;Branca;;;;;;;Cisgénero (identifica-se com o sexo atribuído à nascença);Masculino;Ensino Secundário concluído (10º, 11º, 12º ano);Estudante;Médio-baixo;Não sei/Prefiro não responder;Solteiro/a;3;Não;Nada Importante;Não, nunca tive;0;Não;;;;;;;Sim, mas com algumas dificuldades;Não tenho seguro de saúde;Não;Não, nunca ou raramente.;;;;;;;;;;;;;;Não experienciei nenhuma destas situações;2-4 pessoas;Uso mensal (pelo menos 1 vez por mês);Nunca;Nunca;Nunca;Nunca;Nunca;Nunca;Nunca;Uso mensal (em média 1 vez por mês);Nunca;Nunca;Nunca;Nunca
1;2;1;1;1;1;1;1;1;1;1;1;1;1;1;1;2;2;2;3;2;1;1;1;2;2;4;3;3;4;3;1;3;1;2;2;2;2;2;2;3;3;2;3;2;2;2;2;1;2;1;1;1;2;1;1;1;1;1;2;1;1;1;2;1;2;1;1;4;3;2;3;3;1;2;1;2;2;1;2;2;3;2;2;1;2;1;2;3;2;2;1;3;2;2;1;1;1;1;1;1;1;2;1;1;2;1;2;2;1;1;1;1;2;2;2;2;2;2;2;2;1;2;1;2;2;2;1;2;2;2;2;1;1;2;2;1;2;2;2;1;2;1;2;2;4;1;2;3;4;1;1;1;1;1;1;1;1;1;2;2;2;2;2;1;1;2;1;1;2;1;1;1;1;4;1;1;2;2;2;1;1;1;2;2;2;2;2;3;3;3;2;1;2;2;2;2;3;2;2;2;3;1;2;1;2;2;2;3;2;4;2;1;1;1;1;1;1;1;1;2;2;1;3;1;3;3;2;1;1;2;2;2;4;3;4;4;4;1;1;2;2;1;1;2;1;2;2;2;2;2;1;1;1;1;1;1;1;2;1;1;1;2;1;1;1;1;1;1;2;1;1;1;2;2;3;2;3;1;3;1;1;2;2;1;2;1;1;1;1;2;1;1;1;1;1;1;3;1;1;1;1;2;2;1;2;2;3;2;2;2;3;1;1;2;1;2;2;2;2;2;2;2;3;1;1;1;1;1;1;1;1;1;2;1;1;1;1;1;3;1;1;1;1;1;2;1;1;1;1;1;1;1;1;2;1;1;4;2;3;3;3;1;2;2;1;1;2;2;3;2;2;1;1;2;1;2;1;1;1;1;1;1;1;2;1;2;1;2;1;1;1;2;3;1;1;1;1;2;1;1;3;3;2;4;1;2;3;2;2;1;1;1;2;1;1;1;1;1;1;1;1;1;1;2;1;1;1;1;1;1;1;1;1;1;1;;36;África do Sul;Portugal;Outro (especifique o número de anos);Sim;Norte;Pedroso (VILA NOVA DE GAIA);Urbano;Branca;;;;;;;Cisgénero (identifica-se com o sexo atribuído à nascença);Masculino;Ensino pós-secundário não superior (cursos técnico-profissionais, cursos de especialização, formação técnica);Desempregado/a;Médio-baixo;1 201 - 1 500 €;Casado/a ou em União de Facto;3;Não;Muito Importante;Não, nunca tive;0;Não;;;;;;;Sim;Tenho seguro de saúde que cobre despesas relacionadas com saúde mental;Não;Não, nunca ou raramente.;;;;;Desemprego;Sobrecarga de cuidados a crianças, idosos ou pessoas dependentes;;;;;;;;;5 ou mais pessoas;Nunca;Nunca;Nunca;Nunca;Nunca;Nunca;Nunca;Nunca;Nunca;Nunca;Nunca;Nunca;Nunca
1;2;4;2;3;1;1;1;1;1;1;1;1;3;2;3;2;2;2;3;3;2;3;1;3;2;3;2;1;2;2;2;2;2;2;1;2;2;2;1;1;2;2;2;2;1;1;1;1;2;1;1;3;2;3;2;1;1;3;2;1;1;1;1;1;1;1;1;2;2;2;2;2;2;1;2;1;1;1;1;2;2;2;2;2;1;1;2;2;3;2;4;2;2;2;1;2;1;1;3;1;3;2;3;2;3;3;1;3;3;3;2;3;4;3;2;2;1;1;1;1;2;1;1;2;2;2;2;2;3;2;3;3;3;2;3;3;3;3;2;2;2;1;1;2;1;1;1;1;1;1;1;1;2;1;2;2;2;3;1;2;3;4;1;2;1;1;2;1;1;1;1;1;1;3;2;1;2;2;1;1;1;1;2;1;2;1;1;2;1;1;3;2;3;3;3;2;2;1;2;2;1;1;2;2;3;2;2;3;3;3;4;1;1;1;2;2;2;1;1;1;1;1;2;1;2;2;2;2;1;2;2;2;2;1;2;1;1;2;3;3;2;2;2;2;3;2;2;2;2;2;1;1;1;1;2;1;2;2;1;2;2;1;2;1;2;1;1;1;1;1;1;1;1;2;1;2;2;3;2;2;1;3;3;3;2;1;1;1;1;1;2;1;1;1;1;1;3;1;1;1;1;2;1;2;2;2;2;2;2;3;2;2;2;2;2;2;2;2;2;1;2;2;2;2;2;2;1;1;1;2;1;1;2;1;2;2;2;2;1;1;1;1;1;3;2;2;2;1;2;2;2;1;2;2;1;2;2;2;3;3;3;2;3;2;1;2;2;2;2;2;1;1;1;1;1;1;1;1;1;1;1;1;1;2;2;2;2;2;1;3;1;1;2;2;2;2;1;1;1;2;2;2;2;2;1;2;1;2;2;1;3;2;2;2;2;2;2;1;1;1;2;3;2;2;1;2;1;2;1;2;2;1;3;1;1;;31;Portugal;Portugal;Toda a vida;Sim;Norte;Paranhos (PORTO);Rural;Branca;;;;;;;Cisgénero (identifica-se com o sexo atribuído à nascença);Masculino;Ensino Superior concluído (Licenciatura/bacharelato, mestrado, doutoramento);Empregado/a;Médio-baixo;1 051 - 1 201 €;Solteiro/a;4;Não;Nada Importante;Não, nunca tive;0;Não;;;;;;;Não procurei ajuda, apesar de ter precisado;Não tenho seguro de saúde;Não;Por vezes;;Insegurança habitacional (atraso no pagamento de renda ou conta, risco de perda, sobrelotação, ou outros);Insegurança laboral (salários em atraso, contratos precários ou temporários, sem proteção social em caso de despedimento, ou outros);;;;;;;;;Estigmatização (raça, género, idade, orientação sexual, condição social ou outra característica pessoal);;;2-4 pessoas;Uso mensal (pelo menos 1 vez por mês);Uso semanal (pelo menos 1 vez por semana);Uso diário ou quase diário;Ocasionalmente (1 - 10 vezes em todo o ano);Nunca;Nunca;Nunca;Nunca;Uso mensal (em média 1 vez por mês);Uso quase diário ou diário;Uso quase diário ou diário;Nunca;Nunca
1;1;2;2;1;1;1;1;1;1;1;1;1;3;2;2;1;2;2;2;2;2;1;2;3;1;1;2;3;3;3;1;3;2;2;2;3;3;2;3;3;2;3;3;2;4;1;2;2;2;1;3;3;4;2;4;1;1;1;1;1;1;1;3;2;2;3;1;2;3;1;3;2;2;2;1;1;2;1;1;1;2;2;3;2;2;3;2;1;3;1;1;3;1;2;1;1;1;1;1;2;1;2;2;2;3;3;3;1;3;3;1;3;3;1;2;2;2;2;3;3;2;3;2;1;1;3;2;1;2;3;3;2;3;3;3;3;3;3;2;4;2;1;3;1;1;3;1;2;2;1;1;1;2;1;2;1;2;2;1;1;4;4;2;1;3;3;1;1;1;1;1;1;1;3;1;1;2;3;3;1;1;1;3;2;3;1;1;2;1;1;2;1;3;1;2;3;3;3;4;3;2;2;3;2;2;1;3;3;3;3;3;3;3;2;3;3;3;2;3;2;3;1;2;2;3;3;3;3;2;3;4;2;4;3;4;3;1;1;1;1;4;4;3;4;3;2;2;3;3;2;1;1;1;1;1;1;1;3;1;1;3;1;1;1;2;1;1;1;1;1;1;1;2;4;2;2;3;2;1;2;2;2;1;2;1;1;1;1;1;1;1;2;1;1;1;1;1;1;1;1;1;2;2;3;2;2;3;2;2;2;2;2;1;3;1;2;3;2;3;3;3;2;2;3;3;1;2;2;1;1;2;1;2;1;4;2;2;2;2;1;1;1;1;1;2;2;1;1;3;1;2;3;2;1;1;1;3;2;3;3;3;1;3;3;1;3;2;2;3;2;2;2;1;1;1;1;1;1;1;3;1;1;1;3;3;4;2;1;1;1;1;2;4;2;3;2;1;1;1;3;3;3;3;4;1;1;2;2;2;2;1;1;1;1;1;1;1;1;1;2;1;1;1;1;1;1;1;1;1;1;1;1;1;1;1;;29;Portugal;Portugal;Toda a vida;Sim;Norte;Laundos (PÓVOA DE VARZIM);Rural;Branca;;;;;;;Cisgénero (identifica-se com o sexo atribuído à nascença);Feminino;Ensino Superior concluído (Licenciatura/bacharelato, mestrado, doutoramento);Empregado/a;Prefiro não responder;1 201 - 1 500 €;Solteiro/a;4;Não;Nada Importante;Não, nunca tive;0;;Sim, por um psicólogo;;;;;;Sim;Tenho seguro de saúde que cobre despesas relacionadas com saúde mental;Não;Bastantes vezes;;;;Insegurança física (nos trajetos do dia-a-dia e locais que costuma frequentar);;;;;Luto;;;;;;2-4 pessoas;Ocasionalmente (1 - 10 vezes em todo o ano);Nunca;Nunca;Nunca;Nunca;Nunca;Nunca;Nunca;Ocasionalmente (menos de 1 vez por mês);Só para experimentar (1-3 vezes na vida);Só para experimentar (1-3 vezes na vida);Nunca;Nunca
1;1;2;1;1;1;1;1;1;1;1;1;1;2;1;2;2;2;1;2;1;1;3;2;1;1;2;1;1;1;4;4;2;4;1;1;1;2;1;2;3;3;1;3;2;3;1;2;2;2;2;2;2;4;2;3;1;1;1;1;1;1;1;1;1;1;2;1;3;1;1;1;1;1;1;1;1;1;2;1;2;2;2;2;2;3;2;3;4;2;1;4;3;1;2;1;1;1;1;1;1;2;1;1;3;3;2;2;1;1;1;1;3;2;1;2;2;1;1;1;2;1;1;1;1;1;1;2;2;1;2;2;2;2;1;2;2;2;4;2;4;1;1;1;1;1;1;1;1;1;1;1;1;2;1;1;2;2;2;1;1;4;1;1;3;2;1;2;1;1;1;1;1;1;1;1;1;2;1;2;1;1;1;3;1;3;2;3;3;2;1;1;1;1;1;3;3;1;1;4;4;4;1;1;4;3;4;4;2;3;2;2;1;1;1;2;2;1;1;1;1;2;1;1;1;2;3;2;2;1;2;3;1;1;1;2;1;1;2;2;3;2;2;1;1;1;1;2;1;1;1;1;1;1;1;1;1;4;2;1;1;2;1;3;4;2;1;1;1;1;1;1;1;2;2;2;1;4;2;1;2;1;1;1;1;1;1;1;1;1;1;1;1;1;1;1;1;4;2;1;1;1;4;4;3;1;3;2;1;1;1;2;1;1;1;1;4;1;2;4;1;4;4;4;2;4;4;1;1;1;1;1;1;1;1;2;2;1;2;1;1;1;1;1;1;1;1;1;1;1;1;2;1;2;1;1;2;2;1;1;1;1;2;1;1;1;1;3;2;3;3;3;4;1;2;1;4;1;1;1;1;4;2;2;2;1;1;1;3;1;1;1;2;1;1;1;3;1;1;1;2;4;3;3;2;1;2;1;1;1;1;1;1;1;1;1;1;1;1;1;1;1;1;1;1;1;1;1;1;1;1;1;1;1;1;1;;20;Portugal;Portugal;Toda a vida;Sim;Norte;Fânzeres e São Pedro da Cova (GONDOMAR);Semiurbano;Branca;;;;;;;Cisgénero (identifica-se com o sexo atribuído à nascença);Feminino;Ensino Secundário concluído (10º, 11º, 12º ano);Estudante;Médio-baixo;1 201 - 1 500 €;Solteiro/a;3;Não;Muito Importante;Não, nunca tive;0;Não;;;;;;;Sim, mas com algumas dificuldades;Não tenho seguro de saúde;Não;Bastantes vezes;;;;;;;Conflitos familiares ou relacionais persistentes;Deficiência física, doença crónica ou problema de saúde grave (do próprio ou de pessoa próxima) com impacto na vida diária;;;;;;;2-4 pessoas;Uso mensal (pelo menos 1 vez por mês);Nunca;Nunca;Nunca;Nunca;Nunca;Nunca;Nunca;Ocasionalmente (menos de 1 vez por mês);Nunca;Nunca;Nunca;Nunca
1;1;1;2;1;1;1;1;1;1;1;1;1;1;2;2;3;3;2;2;2;1;3;2;3;2;3;1;1;2;3;3;3;3;2;2;1;2;2;2;4;3;4;3;1;2;3;1;1;1;1;3;4;3;3;1;2;1;1;2;1;1;1;1;1;1;1;1;2;2;3;2;3;4;1;4;1;1;1;1;2;4;4;1;1;2;1;2;2;2;2;2;3;2;2;1;1;1;1;1;2;2;2;2;4;4;4;3;3;2;2;3;3;3;2;3;3;3;3;3;3;2;3;4;3;3;3;2;2;1;3;4;2;3;1;3;2;3;4;2;3;3;2;3;4;1;2;2;4;3;1;1;1;3;3;3;3;2;3;1;4;2;3;2;2;3;4;2;1;1;1;1;1;1;1;1;1;3;2;1;1;1;1;2;2;1;1;1;2;1;3;3;1;2;1;3;4;4;3;3;4;4;3;4;3;3;3;3;2;1;3;1;1;1;1;1;1;1;1;2;3;1;1;1;2;4;2;3;4;2;3;2;2;3;4;3;3;1;2;1;1;2;2;2;2;2;2;2;2;2;1;1;1;1;1;1;1;2;3;1;2;2;1;2;1;1;1;2;1;3;1;1;1;3;2;3;4;3;1;1;1;1;2;1;2;1;1;1;1;1;1;1;1;1;2;1;1;1;1;1;1;1;3;2;1;2;2;1;1;3;1;1;2;1;2;1;3;2;4;3;2;4;3;4;4;4;3;3;1;2;2;1;1;3;1;1;1;1;1;1;1;1;1;1;1;3;2;1;2;1;2;3;1;2;1;1;2;2;1;2;2;2;4;4;4;3;4;3;1;3;1;1;3;1;3;2;3;4;4;4;1;3;3;2;2;2;4;4;2;1;1;1;1;3;3;2;3;1;1;1;2;3;2;2;2;2;4;3;2;3;1;2;1;1;1;1;2;1;1;1;1;1;1;1;1;1;1;1;1;1;1;1;1;1;1;1;;20;Portugal;Portugal;Toda a vida;Sim;Norte;Pedroso (VILA NOVA DE GAIA);Semiurbano;Branca;;;;;;;Cisgénero (identifica-se com o sexo atribuído à nascença);Feminino;Ensino Secundário concluído (10º, 11º, 12º ano);Estudante;Médio;Não sei/Prefiro não responder;Solteiro/a;2;Não;Pouco Importante;Não, nunca tive;0;;Sim, por um psicólogo;;;;;;Sim, mas com algumas dificuldades;Prefiro não responder;Não;Não, nunca ou raramente.;;;;Insegurança física (nos trajetos do dia-a-dia e locais que costuma frequentar);;;;;Luto;;;;;;2-4 pessoas;Uso semanal (pelo menos 1 vez por semana);Nunca;Nunca;Nunca;Nunca;Nunca;Nunca;Ocasionalmente (1 - 10 vezes em todo o ano);Ocasionalmente (menos de 1 vez por mês);Nunca;Nunca;Nunca;Nunca
1;1;1;1;1;1;1;1;1;1;1;1;1;2;1;2;1;1;1;2;2;3;3;2;3;1;3;2;1;3;3;2;3;2;2;2;2;3;1;2;3;2;2;2;1;2;1;1;1;1;1;3;3;4;3;4;1;1;1;1;1;1;1;1;2;1;1;1;2;1;1;2;1;1;2;1;1;1;1;1;2;2;3;1;1;1;1;2;1;3;1;2;3;1;4;1;2;1;1;1;1;3;3;3;2;3;3;3;3;2;3;2;3;3;1;3;2;2;2;2;3;2;1;1;1;1;1;2;3;2;2;3;1;1;1;2;3;3;3;2;1;2;2;1;2;1;1;1;1;1;1;1;1;1;2;2;1;1;1;1;2;3;1;1;1;2;3;3;2;2;1;1;1;1;1;1;1;1;2;3;1;1;1;3;1;2;1;1;2;2;1;2;1;1;1;2;2;3;2;2;2;4;2;3;1;2;2;2;3;2;2;3;2;1;2;1;1;1;2;2;2;1;1;3;2;3;3;3;3;1;3;3;2;2;2;3;2;1;3;2;1;3;3;2;4;4;3;3;2;2;3;1;1;1;1;1;1;1;1;2;1;1;1;2;1;3;1;1;1;1;1;1;1;2;1;2;2;3;1;3;2;2;1;2;1;1;1;1;1;1;1;1;1;1;1;1;1;1;1;1;1;1;4;3;3;3;3;3;3;2;1;3;1;2;2;1;2;2;2;2;2;1;2;2;2;2;1;2;1;2;1;1;2;1;4;2;1;2;2;1;1;1;1;1;3;3;3;2;1;1;1;2;1;2;2;1;1;2;2;2;2;3;1;2;1;2;3;2;2;2;2;2;1;2;1;1;1;1;1;1;1;1;1;1;1;2;2;1;2;1;1;1;2;2;1;3;1;1;1;1;2;3;2;2;2;1;2;2;3;1;1;2;1;1;2;2;1;1;1;1;1;1;2;1;1;1;1;1;1;1;1;2;1;1;1;1;;24;Portugal;Portugal;Toda a vida;Sim;Norte;Ovar (OVAR);Semiurbano;Branca;;;;;;;Cisgénero (identifica-se com o sexo atribuído à nascença);Masculino;Ensino Secundário concluído (10º, 11º, 12º ano);Estudante;Médio;1 801 - 2800 €;Solteiro/a;4;Não;Nada Importante;Não, nunca tive;0;Não;;;;;;;Sim;Tenho seguro de saúde que cobre despesas relacionadas com saúde mental;Não;Por vezes;;;;;;;;Deficiência física, doença crónica ou problema de saúde grave (do próprio ou de pessoa próxima) com impacto na vida diária;Luto;;;;;;2-4 pessoas;Uso mensal (pelo menos 1 vez por mês);Nunca;Nunca;Nunca;Nunca;Nunca;Nunca;Nunca;Uso mensal (em média 1 vez por mês);Só para experimentar (1-3 vezes na vida);Só para experimentar (1-3 vezes na vida);Nunca;Nunca
1;2;2;1;1;1;1;1;1;1;1;1;1;3;1;2;1;1;1;1;2;2;1;2;2;1;2;2;3;2;2;2;3;2;2;1;1;1;1;1;3;3;2;3;2;1;1;1;1;2;1;2;2;3;2;2;1;1;2;1;1;1;1;1;1;1;1;1;1;1;1;1;1;2;1;2;1;2;1;1;1;1;1;1;1;1;1;2;1;1;1;1;1;2;1;1;1;1;1;1;1;1;1;2;2;2;3;2;2;2;3;2;3;3;1;2;2;1;1;1;1;1;1;1;1;1;1;2;1;2;2;2;1;1;2;2;2;3;2;2;1;2;1;1;1;1;1;1;1;1;1;1;1;1;1;3;1;1;2;1;2;2;2;1;2;1;2;2;1;1;1;1;1;1;1;1;1;2;1;2;1;1;1;2;1;1;2;1;2;1;1;3;1;1;1;3;3;3;2;2;3;3;2;2;3;2;1;1;3;2;3;3;1;1;2;2;2;1;1;1;1;2;1;1;1;2;2;1;2;1;2;1;1;1;1;2;1;1;2;2;2;1;2;1;3;2;1;2;2;1;2;1;1;1;1;1;1;1;1;1;1;1;1;1;1;3;1;1;1;1;1;1;1;1;2;1;2;2;1;1;1;1;1;1;1;1;1;1;1;1;1;1;2;1;1;1;1;1;1;1;1;1;3;1;1;2;2;2;2;1;1;2;2;1;2;1;2;1;2;2;2;3;3;3;2;3;2;1;1;1;1;1;2;1;1;1;1;1;1;1;1;1;1;1;3;2;2;2;2;1;2;1;1;2;1;1;1;1;1;2;1;2;3;2;2;2;2;2;2;4;2;2;1;2;2;1;1;1;1;1;2;4;1;3;1;2;2;1;1;1;1;1;1;2;2;1;2;1;1;1;2;3;2;2;2;1;2;1;2;1;1;1;1;1;1;1;1;1;1;1;1;1;1;1;1;1;1;1;1;1;1;1;1;1;1;1;;21;Portugal;Portugal;Toda a vida;Sim;Norte;Brandara (PONTE DE LIMA);Rural;Branca;;;;;;;Cisgénero (identifica-se com o sexo atribuído à nascença);Feminino;Ensino Superior concluído (Licenciatura/bacharelato, mestrado, doutoramento);Estudante;Médio;1 801 - 2800 €;Solteiro/a;2;Não;Pouco Importante;Não, nunca tive;0;Não;;;;;;;Sim;Não tenho a certeza;Não;Por vezes;;;;;;;Conflitos familiares ou relacionais persistentes;;;;;;;;2-4 pessoas;Uso mensal (pelo menos 1 vez por mês);Nunca;Nunca;Nunca;Nunca;Nunca;Nunca;Ocasionalmente (1 - 10 vezes em todo o ano);Uso mensal (em média 1 vez por mês);Nunca;Nunca;Nunca;Ocasionalmente (menos de 1 vez por mês)
1;2;2;1;1;1;1;1;1;1;1;1;1;2;1;2;2;2;2;1;2;1;2;1;1;2;2;2;2;2;3;2;4;2;2;2;2;1;1;1;1;4;2;2;1;2;2;1;2;1;1;1;1;2;2;2;1;1;1;1;1;1;1;1;1;1;1;1;2;3;4;3;2;2;1;2;1;1;1;1;1;1;1;1;1;1;1;1;2;2;1;1;2;1;2;1;1;1;1;1;1;1;1;1;1;2;2;1;1;1;1;1;2;2;1;2;1;1;1;1;2;2;2;1;2;2;1;1;1;1;1;1;2;1;1;2;2;2;1;2;1;2;1;1;2;1;1;1;1;1;1;1;1;1;1;1;1;1;1;1;2;2;3;2;2;3;3;1;1;1;1;1;1;1;2;3;2;1;2;4;1;1;1;4;1;3;1;2;2;1;1;1;1;1;1;1;4;4;3;4;4;4;1;1;2;2;2;2;1;1;1;2;1;1;1;1;1;2;2;2;2;1;1;2;2;1;2;1;2;1;1;2;1;2;1;2;1;1;1;1;1;1;1;1;2;2;1;1;1;1;1;1;1;1;1;1;1;1;1;1;1;1;1;1;1;2;1;1;1;1;1;1;1;1;1;1;1;1;2;3;2;2;1;1;1;1;1;1;1;1;1;1;1;1;1;1;1;2;1;1;1;1;2;2;2;2;2;3;2;2;1;2;2;1;1;2;2;2;2;3;2;4;4;4;3;4;4;2;1;1;1;1;1;1;1;1;1;1;1;1;1;1;1;1;2;4;1;2;1;1;1;2;1;1;1;1;2;2;1;2;2;1;2;1;1;1;2;3;2;4;2;3;1;1;2;1;1;1;1;1;1;1;1;2;1;1;1;1;2;1;1;1;1;2;1;1;1;1;1;1;3;4;4;4;3;1;3;2;1;1;1;1;1;1;1;1;1;1;1;1;1;1;1;1;1;1;1;1;1;1;1;1;1;1;1;1;;35;Portugal;Portugal;Toda a vida;Sim;Norte;Vila Cova da Lixa e Borba de Godim (FELGUEIRAS);Semiurbano;Branca;;;;;;;Cisgénero (identifica-se com o sexo atribuído à nascença);Masculino;Ensino Superior concluído (Licenciatura/bacharelato, mestrado, doutoramento);Empregado/a;Médio;2 801 - 4 000 €;Casado/a ou em União de Facto;2;Não;Pouco Importante;Não, nunca tive;0;Não;;;;;;;Sim;Tenho seguro de saúde que cobre despesas relacionadas com saúde mental;Não;Não, nunca ou raramente.;;;;;;;;;;;;;;Não experienciei nenhuma destas situações;5 ou mais pessoas;Nunca;Nunca;Nunca;Nunca;Nunca;Nunca;Nunca;Nunca;Nunca;Só para experimentar (1-3 vezes na vida);Só para experimentar (1-3 vezes na vida);Nunca;Nunca
1;1;1;1;1;1;1;1;1;1;1;1;1;1;1;2;1;1;1;2;1;1;1;1;2;1;2;2;2;1;2;1;2;1;1;1;1;2;1;1;2;4;4;3;2;1;1;1;1;2;1;2;3;3;1;4;1;1;1;1;1;1;1;1;1;2;1;1;2;2;1;2;2;1;1;1;1;1;1;1;1;2;2;2;1;1;1;2;2;1;1;1;2;2;2;1;1;1;1;1;1;1;1;1;3;4;4;2;2;3;3;2;2;3;1;4;2;2;2;2;3;1;2;1;1;1;1;1;2;2;1;2;3;1;1;3;3;3;3;2;1;2;1;1;2;1;1;1;1;1;1;1;1;1;2;1;1;1;1;1;1;2;1;1;1;1;2;1;1;1;1;1;1;1;1;1;1;2;2;4;1;1;1;2;1;1;1;1;2;1;1;1;1;1;1;2;4;3;1;2;3;4;1;3;1;1;1;1;3;2;2;3;1;1;1;1;1;1;1;2;2;1;1;1;2;1;1;1;2;1;1;1;1;2;1;1;1;1;3;1;2;2;2;2;2;2;2;4;3;1;2;1;1;1;1;1;1;1;1;2;2;1;1;1;1;3;1;1;1;1;1;1;1;3;2;2;2;4;1;1;1;1;1;1;1;1;1;1;1;1;1;1;1;1;1;1;1;1;1;1;1;1;2;1;1;1;1;3;1;1;1;1;1;1;1;1;2;1;1;2;2;2;3;3;3;2;2;2;2;1;1;1;1;1;1;1;1;1;1;1;1;1;1;1;2;2;1;1;1;1;1;1;1;2;1;2;1;2;1;2;2;3;2;1;1;4;3;2;2;3;2;2;4;2;1;1;1;1;1;1;1;1;1;1;1;2;2;1;1;1;1;1;1;2;3;1;2;1;1;1;4;4;2;2;4;2;4;4;4;3;1;1;1;1;1;1;1;1;1;1;1;1;1;1;1;1;1;1;2;1;1;1;1;1;1;1;;25;Portugal;Portugal;Toda a vida;Sim;Centro;Ovar (OVAR);Rural;Branca;;;;;;;Cisgénero (identifica-se com o sexo atribuído à nascença);Feminino;Ensino Superior concluído (Licenciatura/bacharelato, mestrado, doutoramento);Empregado/a;Médio;1 201 - 1 500 €;Solteiro/a;3;Não;Nada Importante;Não, nunca tive;0;;Sim, por um psicólogo;;;;;;Sim;Não tenho seguro de saúde;Não;Por vezes;;;;;;;;;;;;;;Não experienciei nenhuma destas situações;5 ou mais pessoas;Uso mensal (pelo menos 1 vez por mês);Nunca;Nunca;Nunca;Nunca;Nunca;Nunca;Nunca;Ocasionalmente (menos de 1 vez por mês);Só para experimentar (1-3 vezes na vida);Só para experimentar (1-3 vezes na vida);Nunca;Nunca
2;1;1;1;1;1;1;1;1;1;1;1;1;4;3;3;1;1;1;1;3;3;1;2;3;1;1;1;1;1;2;1;1;1;1;1;2;1;2;1;4;4;4;2;3;4;2;1;3;1;1;3;3;3;3;4;1;1;1;2;1;1;1;1;2;1;2;1;2;3;1;3;1;2;1;2;1;3;1;1;1;2;1;1;1;1;1;2;2;4;1;1;2;2;2;1;1;1;2;1;3;1;1;2;2;3;4;2;1;2;4;2;2;4;1;3;1;3;2;2;3;3;3;1;1;1;1;1;2;2;1;3;3;2;1;4;4;3;3;1;2;2;1;2;2;1;1;1;1;1;1;1;1;1;1;2;1;1;3;1;3;3;1;1;1;1;3;1;1;1;1;1;1;1;1;1;1;2;3;2;1;1;1;3;2;2;4;4;3;4;3;1;1;1;1;4;4;4;3;4;4;4;2;2;3;2;2;1;1;1;3;1;2;1;1;1;1;1;1;1;1;1;1;1;1;2;1;2;2;1;2;1;2;1;1;1;1;1;2;1;3;2;1;2;3;3;3;2;2;2;1;1;1;1;1;3;4;1;2;1;1;1;1;2;1;3;1;1;1;1;1;1;1;2;3;3;3;4;1;1;1;1;3;1;1;1;1;1;1;1;2;1;1;1;1;1;1;2;1;1;1;1;1;1;1;3;2;4;2;1;2;4;1;1;1;1;4;2;4;3;1;4;3;4;4;4;4;2;1;1;1;1;1;1;1;1;1;1;1;1;1;1;1;1;1;1;2;1;1;1;1;2;2;1;1;2;2;3;1;3;3;4;3;3;2;2;4;2;2;3;3;2;1;2;1;1;1;2;1;2;2;2;1;3;2;2;2;1;3;1;1;1;3;3;2;1;3;1;1;1;3;3;2;3;2;1;1;1;2;1;1;1;1;1;3;1;1;1;1;1;1;1;1;1;1;1;1;1;1;1;1;1;1;1;1;1;;25;Portugal;Portugal;Toda a vida;Sim;Norte;Penamaior (PAÇOS DE FERREIRA);Semiurbano;Branca;;;;;;;Cisgénero (identifica-se com o sexo atribuído à nascença);Feminino;Ensino Superior concluído (Licenciatura/bacharelato, mestrado, doutoramento);Empregado/a;Médio-baixo;1 201 - 1 500 €;Solteiro/a;2;Não;Pouco Importante;Não, nunca tive;0;Não;;;;;;;Sim;Não tenho seguro de saúde;Não;Por vezes;;;;;;;Conflitos familiares ou relacionais persistentes;Deficiência física, doença crónica ou problema de saúde grave (do próprio ou de pessoa próxima) com impacto na vida diária;Luto;;;;;;5 ou mais pessoas;Ocasionalmente (1 - 10 vezes em todo o ano);Nunca;Nunca;Nunca;Nunca;Nunca;Nunca;Nunca;Ocasionalmente (menos de 1 vez por mês);Nunca;Nunca;Nunca;Nunca
2;2;2;2;2;1;1;1;1;2;1;3;1;2;2;2;2;3;2;2;2;2;1;2;1;3;4;3;2;2;2;1;3;3;3;2;2;2;2;2;2;4;2;3;2;2;2;1;3;3;2;2;2;2;2;3;1;2;1;2;3;3;1;1;3;3;3;2;3;3;2;3;3;2;2;2;2;2;3;1;2;2;2;2;2;2;3;2;2;2;1;2;2;2;2;2;3;2;2;2;2;2;2;2;2;2;2;2;3;2;2;3;2;3;2;2;3;3;3;3;2;4;2;2;2;2;2;2;2;1;1;2;2;3;1;2;2;2;2;2;2;3;2;2;2;2;1;2;2;1;2;3;2;2;2;3;3;1;2;1;3;2;2;2;2;4;2;2;1;2;1;1;1;1;2;2;2;1;2;3;1;1;1;2;1;1;1;2;3;2;2;1;1;1;2;3;3;3;2;2;2;3;2;2;2;3;2;2;3;2;2;2;2;1;2;2;2;1;1;1;2;1;1;2;1;2;2;3;4;2;3;2;3;2;4;3;3;3;2;2;2;2;2;3;2;2;2;2;1;2;2;2;1;2;2;2;2;3;2;2;2;2;1;3;1;2;2;2;1;3;1;2;1;2;2;4;3;4;2;3;2;2;2;1;2;1;2;1;3;3;2;3;3;1;1;1;1;2;2;2;2;2;1;1;2;2;2;3;2;2;2;2;3;2;2;2;3;3;2;2;3;3;3;4;3;2;4;3;1;2;3;1;1;2;1;3;2;3;2;1;1;1;1;1;2;3;1;3;1;1;1;1;1;1;1;1;1;2;2;2;2;3;2;2;2;2;3;2;2;3;2;3;2;2;2;2;2;1;2;1;1;2;2;1;1;2;2;2;2;2;2;1;4;2;3;4;3;1;2;1;2;2;2;2;2;2;2;2;4;3;2;2;2;1;2;1;1;1;1;1;2;1;1;1;2;1;1;1;1;1;2;1;1;1;1;1;;19;Portugal;Portugal;Toda a vida;Sim;Norte;Maceda (OVAR);Rural;Branca;;;;;;;Cisgénero (identifica-se com o sexo atribuído à nascença);Masculino;Ensino Superior concluído (Licenciatura/bacharelato, mestrado, doutoramento);Estudante;Médio-alto;2 801 - 4 000 €;Solteiro/a;3;Não;Nada Importante;Não, nunca tive;0;;Sim, por um psicólogo;;;;;;Sim;Tenho seguro de saúde que cobre despesas relacionadas com saúde mental;Não;Por vezes;;;;Insegurança física (nos trajetos do dia-a-dia e locais que costuma frequentar);;;Conflitos familiares ou relacionais persistentes;;;;Migração ou mudança de residência forçada;Estigmatização (raça, género, idade, orientação sexual, condição social ou outra característica pessoal);;;2-4 pessoas;Ocasionalmente (1 - 10 vezes em todo o ano);Nunca;Nunca;Nunca;Nunca;Nunca;Nunca;Nunca;Só para experimentar (1-3 vezes na vida);Nunca;Nunca;Nunca;Nunca
1;1;1;1;1;1;1;1;1;1;1;1;1;1;1;1;2;4;4;2;2;2;3;2;1;3;3;4;4;3;4;2;3;2;1;1;1;2;1;2;1;2;2;1;1;1;1;1;1;1;1;3;4;4;1;2;1;1;1;1;1;1;1;2;1;2;1;1;2;2;3;2;2;1;4;3;1;1;1;2;1;2;2;1;1;1;1;2;3;4;2;2;4;3;4;1;2;1;1;3;1;2;3;2;3;3;4;4;4;4;3;4;3;4;3;3;2;3;4;3;4;1;3;2;3;3;1;1;2;3;3;1;1;1;1;2;2;2;2;1;1;3;1;1;3;2;2;2;2;1;1;1;1;3;2;3;2;3;1;3;3;3;3;2;2;1;2;1;4;4;4;3;3;2;2;3;2;2;3;2;1;1;1;2;2;2;2;1;3;2;2;2;3;4;3;3;2;2;3;2;2;2;1;3;1;2;2;1;4;1;3;4;2;3;3;1;1;2;1;1;1;2;1;1;1;3;2;1;2;1;2;2;2;3;4;3;3;1;1;1;1;2;3;3;4;4;2;2;4;2;1;1;1;1;1;2;1;4;3;1;1;2;1;1;1;1;2;2;2;3;3;3;1;3;2;2;3;2;1;2;1;1;3;3;2;4;1;1;1;1;1;1;2;1;1;1;1;1;1;1;1;1;4;1;1;3;3;2;2;2;1;1;1;1;1;2;2;1;3;2;2;2;2;2;2;2;2;3;2;2;2;1;3;1;4;3;2;2;2;2;1;1;2;1;4;3;2;4;2;2;2;1;1;1;1;2;1;2;1;2;2;2;2;2;2;2;1;2;3;2;3;3;1;1;1;1;1;1;2;1;1;2;1;1;1;1;2;1;2;2;4;1;2;4;1;1;2;1;1;1;3;2;2;2;2;1;4;3;1;1;3;3;2;2;3;2;3;1;2;1;3;1;3;1;3;3;3;4;1;1;1;4;2;1;1;1;;22;Portugal;Portugal;Toda a vida;Sim;Norte;Cedofeita, Ildefonso, Sé, Miragaia, Nicolau, Vitória (PORTO);Urbano;Branca;;;;;;;Cisgénero (identifica-se com o sexo atribuído à nascença);Masculino;Ensino Superior concluído (Licenciatura/bacharelato, mestrado, doutoramento);Estudante;Médio;1 801 - 2800 €;Solteiro/a;4;Não;Nada Importante;Não, nunca tive;0;;Sim, por um psicólogo;;;;;;Sim, mas com algumas dificuldades;Tenho seguro de saúde que cobre despesas relacionadas com saúde mental;Sim, mais de 15 dias;Frequentemente ou Sempre;;Insegurança habitacional (atraso no pagamento de renda ou conta, risco de perda, sobrelotação, ou outros);;;;;;;Luto;Separação/divórcio;;;;;2-4 pessoas;Uso semanal (pelo menos 1 vez por semana);Ocasionalmente (1 - 10 vezes em todo o ano);Uso diário ou quase diário, várias vezes por dia;Ocasionalmente (1 - 10 vezes em todo o ano);Nunca;Nunca;Nunca;Nunca;Uso semanal (pelo menos 1 vez por semana);Ocasionalmente (menos de 1 vez por mês);Uso diário ou quase diário e várias vezes ao dia;Só para experimentar (1-3 vezes na vida);Nunca
1;2;2;1;1;1;1;1;1;1;1;1;1;1;1;2;1;2;2;1;2;3;2;1;2;3;3;4;3;3;3;1;3;2;1;1;1;3;1;1;1;1;1;3;1;1;1;1;1;1;1;1;1;1;1;1;1;1;1;1;1;1;1;1;1;1;1;1;4;3;3;4;3;1;1;1;1;1;1;1;3;2;2;2;2;2;1;3;1;1;1;1;2;1;1;1;1;1;1;1;1;1;1;2;2;2;2;1;1;1;2;1;1;1;1;2;3;3;2;3;2;1;3;1;1;2;1;3;1;1;2;2;1;1;1;1;2;1;1;1;1;2;2;1;2;4;1;1;2;4;1;1;1;1;2;1;1;2;3;1;3;2;3;2;1;1;1;1;1;1;1;1;1;1;3;2;2;4;3;1;1;1;1;2;3;2;1;1;3;1;1;3;1;1;1;1;1;4;2;1;3;3;1;2;1;1;1;1;2;1;4;2;1;1;1;1;1;1;1;2;2;1;1;1;1;1;1;1;2;1;3;1;1;4;4;4;4;4;1;1;1;1;1;1;1;1;2;1;1;2;1;1;1;1;1;1;1;1;1;2;1;1;1;1;1;2;1;1;1;1;1;1;1;1;1;3;2;3;2;1;2;1;1;1;2;1;1;1;1;1;1;1;1;1;1;1;1;1;1;1;1;1;1;1;1;2;1;2;3;2;1;2;2;1;1;1;1;1;2;1;2;2;2;1;1;3;1;2;2;1;2;1;2;2;1;1;1;2;1;1;1;1;1;1;1;2;1;1;1;1;1;1;1;1;1;1;1;2;1;2;2;4;1;1;1;1;1;3;1;2;1;1;1;1;1;1;1;1;1;1;1;3;1;1;1;1;1;1;1;1;1;1;1;1;3;1;1;1;1;1;3;2;3;3;4;1;2;1;3;3;1;1;1;1;1;1;1;1;1;1;1;1;1;1;1;1;1;1;1;1;1;1;1;1;1;1;;21;Portugal;Portugal;Toda a vida;Sim;Norte;Mafamude (VILA NOVA DE GAIA);Semiurbano;Branca;;;;;;;Cisgénero (identifica-se com o sexo atribuído à nascença);Masculino;Ensino Superior concluído (Licenciatura/bacharelato, mestrado, doutoramento);Estudante;Médio;Até 1 050€;Solteiro/a;2;Não;Nada Importante;Não, nunca tive;0;Não;;;;;;;Não procurei ajuda, apesar de ter precisado;Tenho seguro de saúde que cobre despesas relacionadas com saúde mental;Sim, 1-5 dias;Por vezes;Dificuldades económicas recorrentes para pagar despesas essenciais (contas de luz, água, aquecimento, alimentação, etc);;;;;;;;Luto;;;;;;2-4 pessoas;Ocasionalmente (1 - 10 vezes em todo o ano);Nunca;Nunca;Nunca;Nunca;Nunca;Nunca;Nunca;Uso mensal (em média 1 vez por mês);Nunca;Nunca;Nunca;Nunca
1;1;1;1;1;1;1;1;1;1;1;1;1;1;1;1;2;2;2;2;2;1;2;1;1;2;3;2;2;2;4;2;3;2;1;1;1;1;1;2;2;4;1;2;2;1;1;1;1;1;1;1;2;3;2;3;1;1;1;1;1;1;1;1;2;1;4;1;4;3;2;4;2;1;1;1;1;2;1;1;1;1;1;1;1;1;1;1;2;2;1;1;4;2;4;1;1;1;1;1;1;1;1;1;1;2;1;4;1;1;1;1;2;2;1;2;1;3;2;2;1;1;1;1;1;1;1;1;1;1;2;2;1;1;1;2;1;1;1;2;2;2;1;2;2;2;2;1;2;2;1;1;1;1;1;1;2;1;1;1;1;2;2;1;3;1;4;2;1;1;1;1;1;1;1;1;1;2;2;4;1;1;1;3;1;2;1;1;4;1;3;2;2;2;1;2;2;2;2;3;3;2;1;1;1;2;2;2;2;1;1;1;1;1;1;1;1;1;3;3;3;2;1;3;1;2;1;2;2;1;2;1;1;4;3;3;3;1;1;1;1;2;2;1;2;2;2;3;2;1;3;1;1;1;1;1;1;1;1;1;1;1;1;2;1;1;1;1;1;1;1;1;1;1;2;2;3;3;4;1;1;2;2;2;2;1;1;1;1;1;1;1;1;1;1;1;1;1;1;1;1;1;3;1;1;2;1;1;1;1;1;2;2;1;2;1;4;2;3;3;2;1;4;3;2;2;2;1;1;3;1;1;1;1;1;1;1;1;3;1;1;1;1;1;1;1;1;1;1;1;1;1;1;1;1;1;1;1;1;2;1;4;2;4;3;1;2;2;2;2;4;2;1;1;1;1;1;1;1;1;1;1;2;1;1;2;2;1;1;1;1;1;3;3;1;1;1;1;1;1;4;4;4;3;4;1;2;1;1;1;1;1;1;1;1;1;1;1;1;1;1;1;1;1;1;1;1;1;1;1;1;1;1;1;1;1;;35;Portugal;Portugal;A maior parte da minha vida;Sim;Norte;Ramalde (PORTO);Urbano;Branca;;;;;;;Cisgénero (identifica-se com o sexo atribuído à nascença);Feminino;Ensino Superior concluído (Licenciatura/bacharelato, mestrado, doutoramento);Empregado/a;Médio;1 051 - 1 201 €;Solteiro/a;3;Não;Mais ou menos importante;Não, nunca tive;0;;Sim, por um psicólogo;;;;;;Sim;Tenho seguro de saúde que cobre despesas relacionadas com saúde mental;Não;Não, nunca ou raramente.;;;;;Desemprego;Sobrecarga de cuidados a crianças, idosos ou pessoas dependentes;;;;;;;;;5 ou mais pessoas;Ocasionalmente (1 - 10 vezes em todo o ano);Nunca;Nunca;Nunca;Nunca;Nunca;Nunca;Nunca;Ocasionalmente (menos de 1 vez por mês);Só para experimentar (1-3 vezes na vida);Nunca;Nunca;Nunca
1;1;1;1;1;1;1;1;1;1;1;1;1;1;1;1;1;2;1;4;1;2;1;1;1;2;2;2;4;2;2;2;2;2;3;1;2;1;1;2;3;4;1;3;1;1;1;1;1;4;1;2;2;1;2;1;3;1;2;1;1;1;1;1;1;1;1;1;3;2;1;3;2;2;1;2;1;2;1;1;1;1;1;1;1;1;1;1;1;1;1;1;3;1;1;1;2;1;1;2;1;1;2;1;2;1;2;1;1;2;1;1;2;2;1;2;1;2;1;1;1;1;1;1;2;1;1;1;1;2;2;2;1;1;2;1;1;2;1;1;4;1;1;2;2;1;1;1;2;2;1;1;1;1;3;2;1;2;1;1;1;1;1;1;1;1;2;1;1;1;1;2;1;1;1;1;1;2;2;2;1;1;1;2;1;2;1;1;3;1;1;2;1;3;1;2;4;1;3;1;4;3;1;1;1;2;3;1;1;2;1;1;2;2;1;2;2;1;1;1;1;3;1;1;1;1;2;1;3;1;1;1;1;4;1;2;2;2;2;1;1;1;1;2;1;1;1;1;2;2;1;1;1;1;1;1;1;1;1;2;1;2;1;1;1;1;1;1;1;1;1;1;1;2;2;2;4;4;2;1;1;1;2;1;1;1;1;2;2;1;1;1;1;1;1;0;1;1;1;1;1;1;1;1;1;1;4;2;1;1;1;2;1;1;1;1;1;1;2;1;2;1;2;4;1;1;1;2;1;1;2;1;1;2;1;1;1;1;1;2;1;1;1;1;2;1;2;2;1;1;1;1;1;1;1;1;1;1;1;1;1;2;1;1;1;1;1;2;1;2;1;1;1;1;1;1;1;1;1;1;1;2;1;1;1;1;2;1;1;1;1;1;1;1;1;1;1;1;1;1;3;2;3;2;3;1;1;1;1;1;1;1;1;1;1;1;1;1;1;1;1;1;1;1;1;1;1;1;1;1;1;1;1;1;1;1;1;42;Brasil;Portugal;Outro (especifique o número de anos);Sim;Norte;Ovar (OVAR);Urbano;Branca;;;;;;;Cisgénero (identifica-se com o sexo atribuído à nascença);Feminino;Ensino Secundário concluído (10º, 11º, 12º ano);Empregado/a;Médio;4001 - 6000 €;Casado/a ou em União de Facto;3;Sim, tenho 2 filhos/as;Mais ou menos importante;Não, nunca tive;0;Não;;;;;;;Sim;Não tenho seguro de saúde;Não;Por vezes;;;;;;Sobrecarga de cuidados a crianças, idosos ou pessoas dependentes;Conflitos familiares ou relacionais persistentes;;;;;;;;2-4 pessoas;Ocasionalmente (1 - 10 vezes em todo o ano);Nunca;Nunca;Nunca;Nunca;Nunca;Nunca;Nunca;Só para experimentar (1-3 vezes na vida);Nunca;Nunca;Nunca;Nunca
1;1;2;2;1;1;1;1;1;1;1;1;1;2;1;2;1;2;1;2;3;2;2;1;1;2;3;4;4;2;2;1;3;1;1;1;2;1;2;2;1;1;2;4;1;1;1;1;1;2;1;2;3;3;3;2;1;1;1;1;1;1;1;1;1;2;1;1;1;3;1;2;1;1;1;1;1;1;1;1;1;1;1;2;1;1;1;1;1;2;2;2;2;2;3;1;1;1;1;1;1;2;3;1;3;3;3;2;2;2;3;2;4;4;1;3;1;1;2;1;1;1;1;1;1;1;1;1;1;2;1;2;2;2;1;2;3;3;3;2;1;2;1;2;2;1;1;1;1;1;1;1;1;1;1;2;1;1;2;1;1;2;1;1;1;1;2;1;1;1;1;1;1;1;1;1;2;2;2;2;1;1;1;1;1;2;1;1;2;1;2;1;3;1;1;2;4;4;3;4;4;4;1;3;1;2;2;2;2;2;2;2;2;2;1;3;2;2;1;1;1;1;1;1;1;2;2;1;2;2;1;2;2;1;1;2;1;1;1;1;2;2;1;1;3;2;1;2;1;2;2;2;2;2;1;1;1;2;1;1;1;1;1;2;1;2;1;1;1;1;1;1;1;1;1;2;3;2;2;1;1;1;1;1;1;1;1;1;1;1;1;1;1;1;1;1;1;1;1;1;1;1;2;2;1;1;3;2;2;2;1;1;1;1;1;1;3;1;2;3;2;1;2;2;2;2;2;1;1;1;1;1;1;1;1;2;1;2;1;1;1;1;1;1;2;2;2;2;1;2;2;1;1;1;1;1;1;2;1;2;2;2;3;1;2;1;1;4;3;2;3;4;1;1;1;1;1;1;1;1;1;1;1;1;1;2;2;1;2;1;2;1;2;2;2;4;1;1;1;1;2;2;2;2;2;1;2;2;1;2;1;1;1;1;1;1;1;1;1;1;1;1;1;1;1;1;1;1;1;1;1;1;1;1;1;1;;37;Portugal;Portugal;A maior parte da minha vida;Sim;Norte;Rio Mau (VILA DO CONDE);Semiurbano;Branca;;;;;;;Cisgénero (identifica-se com o sexo atribuído à nascença);Feminino;Ensino Superior concluído (Licenciatura/bacharelato, mestrado, doutoramento);Empregado/a;Médio;4001 - 6000 €;Casado/a ou em União de Facto;2;Sim, tenho 2 filhos/as;Pouco Importante;Não, nunca tive;0;;Sim, por um psicólogo;;;;;;Sim;Tenho seguro de saúde que cobre despesas relacionadas com saúde mental;Não;Frequentemente ou Sempre;;;;;;Sobrecarga de cuidados a crianças, idosos ou pessoas dependentes;;;;;;;;;2-4 pessoas;Nunca;Nunca;Nunca;Nunca;Nunca;Nunca;Nunca;Nunca;Só para experimentar (1-3 vezes na vida);Nunca;Nunca;Nunca;Nunca
1;1;1;1;1;1;1;1;1;1;1;1;1;1;1;1;1;1;2;2;2;2;2;2;2;4;2;2;1;1;1;1;3;1;2;2;2;1;2;1;3;3;3;2;3;4;1;1;2;1;1;2;2;3;3;2;1;1;1;1;1;1;1;2;1;2;1;1;1;1;1;1;1;1;1;1;1;1;1;1;3;3;2;3;2;2;1;2;2;3;1;1;2;1;2;1;2;1;1;1;1;2;2;3;2;4;2;3;3;2;2;3;2;2;2;3;3;1;1;1;1;2;1;1;3;2;1;2;2;2;1;2;2;1;1;3;1;2;2;3;1;2;1;1;1;1;1;1;2;1;1;1;1;1;1;1;1;1;1;1;1;3;3;1;1;1;2;1;1;1;1;1;1;2;3;3;2;2;1;1;1;1;1;2;2;1;2;2;2;2;3;1;1;1;1;2;3;3;3;3;3;3;2;2;1;2;3;2;2;1;1;2;1;1;1;2;2;1;1;1;1;1;1;1;1;2;2;2;2;1;2;3;2;1;1;4;2;1;1;1;1;1;2;3;3;2;2;2;3;2;2;1;1;1;1;1;1;2;2;3;1;1;3;2;1;2;2;1;1;1;1;1;1;1;3;1;2;3;1;1;1;1;1;1;3;1;1;1;1;1;1;2;1;1;1;1;1;1;1;1;1;1;2;1;1;1;1;4;4;2;1;4;2;1;1;1;2;2;2;2;2;2;3;2;3;4;3;1;1;1;2;1;1;1;1;3;1;4;3;1;1;1;1;1;1;3;3;1;1;1;1;1;1;1;1;1;1;3;2;3;4;3;4;3;3;1;3;2;1;2;1;1;2;2;1;1;1;2;1;2;2;1;1;1;2;4;3;2;4;1;1;1;1;3;2;1;1;1;1;1;2;2;2;2;2;1;2;1;1;1;1;1;1;1;1;1;1;1;1;1;1;1;1;1;1;1;1;1;1;1;1;1;1;1;1;1;;27;Portugal;Portugal;Toda a vida;Sim;Norte;Lourosa (SANTA MARIA DA FEIRA);Urbano;Branca;;;;;;;Cisgénero (identifica-se com o sexo atribuído à nascença);Masculino;Ensino Superior concluído (Licenciatura/bacharelato, mestrado, doutoramento);Empregado/a;Médio-baixo;1 801 - 2800 €;Solteiro/a;4;Não;Nada Importante;Não, nunca tive;0;;Sim, por um psicólogo;;;;;;Sim;Tenho seguro de saúde, mas não cobre despesas relacionadas com saúde mental;Não;Por vezes;;;Insegurança laboral (salários em atraso, contratos precários ou temporários, sem proteção social em caso de despedimento, ou outros);;;;;;;;;;;;2-4 pessoas;Nunca;Nunca;Nunca;Nunca;Nunca;Nunca;Nunca;Nunca;Só para experimentar (1-3 vezes na vida);Nunca;Nunca;Nunca;Nunca
2;1;1;1;1;1;1;1;1;1;1;1;1;1;2;1;1;2;2;1;1;1;2;1;1;1;2;2;1;1;2;1;3;1;2;1;2;1;2;1;1;3;4;4;1;1;1;1;1;2;1;2;4;3;4;2;1;1;1;1;1;1;1;1;1;1;1;1;1;1;1;2;1;1;2;1;1;1;1;1;1;2;3;1;1;1;1;1;4;3;3;4;2;4;3;1;2;1;1;1;1;2;2;3;3;3;4;3;3;2;3;2;3;3;2;4;4;2;3;3;2;2;1;1;1;2;1;1;2;1;2;2;2;1;1;2;2;3;2;2;1;2;1;1;2;1;1;1;1;2;1;1;1;2;2;2;1;1;2;1;3;2;1;1;1;3;3;1;1;1;1;1;1;1;1;1;1;2;1;1;1;1;1;3;1;2;3;1;3;2;2;1;1;2;1;2;4;3;2;2;2;2;2;2;1;2;3;1;1;1;1;2;1;1;1;1;3;1;1;1;1;1;1;1;1;2;1;1;1;1;2;1;1;1;1;1;1;1;1;1;1;2;2;1;2;2;3;1;2;2;1;2;2;2;1;1;1;1;1;1;1;1;1;1;1;2;4;2;1;1;1;1;1;1;1;2;3;3;4;4;4;4;1;1;2;2;1;1;1;1;1;1;1;1;1;1;1;1;1;3;1;1;3;2;1;1;2;3;3;2;1;2;1;1;1;1;1;2;2;1;2;2;2;1;4;2;1;2;2;1;1;1;1;1;1;2;2;2;1;1;3;3;1;1;3;4;3;4;1;1;1;2;1;1;1;2;2;3;1;2;2;2;2;3;1;1;3;3;1;3;1;2;1;1;3;1;1;1;1;1;2;1;1;2;1;3;2;1;2;1;2;1;2;1;2;1;3;1;1;1;2;3;2;2;2;1;3;2;1;1;2;3;3;1;2;3;3;1;1;1;1;2;2;2;2;2;1;2;1;2;1;2;2;2;1;1;;22;Portugal;Portugal;Toda a vida;Sim;Norte;Vila Chã (VILA DO CONDE);Semiurbano;Branca;;;;;;;Cisgénero (identifica-se com o sexo atribuído à nascença);Masculino;Ensino Superior concluído (Licenciatura/bacharelato, mestrado, doutoramento);Estudante;Médio;1 801 - 2800 €;Solteiro/a;4;Não;Nada Importante;Não, nunca tive;0;Não;;;;;;;Sim;Tenho seguro de saúde que cobre despesas relacionadas com saúde mental;Sim, 1-5 dias;Frequentemente ou Sempre;;;;;;;Conflitos familiares ou relacionais persistentes;;;;;;;;5 ou mais pessoas;Uso diário ou quase diário;Uso mensal (pelo menos 1 vez por mês);Uso diário ou quase diário, várias vezes por dia;Ocasionalmente (1 - 10 vezes em todo o ano);Nunca;Ocasionalmente (1 - 10 vezes em todo o ano);Nunca;Nunca;Uso quase diário ou diário;Uso mensal (em média 1 vez por mês);Uso diário ou quase diário e várias vezes ao dia;Só para experimentar (1-3 vezes na vida);Nunca
2;1;1;1;1;1;1;1;1;1;1;1;1;1;1;1;2;1;1;1;1;1;2;1;1;2;2;2;2;2;2;1;2;1;2;1;1;1;1;1;4;4;1;2;2;2;1;1;1;2;1;2;1;2;2;2;1;1;1;1;1;1;1;1;2;1;2;1;2;2;2;3;2;1;1;1;1;1;1;1;1;2;1;1;1;1;1;2;1;1;1;1;2;1;1;1;1;1;1;1;1;1;1;1;2;3;2;1;1;2;1;1;2;2;1;2;2;2;2;2;2;1;1;1;1;1;1;1;1;1;1;2;2;2;1;2;2;1;2;1;1;2;1;1;2;1;1;1;1;1;1;1;1;1;2;1;1;1;1;1;1;2;1;1;1;2;2;1;1;1;1;1;1;1;1;1;1;1;1;4;1;1;1;2;1;2;1;1;1;1;1;1;1;1;1;1;2;4;3;4;3;4;1;2;2;2;2;1;2;2;2;2;1;1;1;1;1;1;1;1;1;1;1;1;1;1;1;1;1;1;1;1;1;2;2;2;2;1;2;1;2;1;2;1;2;1;1;2;1;1;1;1;1;1;1;1;1;1;1;1;2;1;1;2;1;2;1;1;1;1;1;1;1;2;1;2;2;4;1;1;1;1;2;1;1;1;1;1;1;1;1;1;1;1;1;1;1;1;1;1;1;1;1;1;1;1;2;1;1;2;1;1;1;1;1;1;1;1;2;2;1;3;3;4;1;2;2;1;1;1;1;1;1;1;1;1;1;1;1;1;1;1;1;1;1;1;1;1;1;1;1;1;1;1;1;1;1;2;1;2;2;2;2;2;1;1;2;1;1;1;1;2;2;1;1;1;1;1;1;1;1;3;1;2;1;2;2;1;2;1;1;1;1;1;1;1;1;1;1;1;3;3;3;3;3;1;1;2;1;1;1;1;1;1;1;1;1;1;1;1;1;1;1;1;1;1;1;1;1;1;1;1;1;1;1;1;;28;Portugal;Portugal;Toda a vida;Sim;Norte;Paranhos (PORTO);Semiurbano;Branca;;;;;;;Cisgénero (identifica-se com o sexo atribuído à nascença);Feminino;Ensino Superior concluído (Licenciatura/bacharelato, mestrado, doutoramento);Empregado/a;Médio;1 501 - 1 800 €;Solteiro/a;1, sou só eu;Não;Mais ou menos importante;Não, nunca tive;0,00;Não;;;;;;;Sim;Tenho seguro de saúde que cobre despesas relacionadas com saúde mental;Sim, 1-5 dias;Bastantes vezes;;;;;;;Conflitos familiares ou relacionais persistentes;;;;;;;;5 ou mais pessoas;Uso mensal (pelo menos 1 vez por mês);Nunca;Nunca;Nunca;Nunca;Nunca;Nunca;Nunca;Uso mensal (em média 1 vez por mês);Nunca;Só para experimentar (1-3 vezes na vida);Nunca;Nunca
1;1;1;2;1;1;1;1;1;2;2;1;1;2;1;1;2;2;1;2;2;1;2;1;2;3;2;2;3;2;4;3;2;3;1;2;2;2;2;1;2;1;2;3;1;4;1;1;2;2;1;2;2;4;4;2;1;1;1;2;1;1;1;1;1;1;1;1;2;2;1;2;1;1;1;1;1;2;1;1;2;2;2;2;1;2;1;1;4;2;2;2;3;2;1;1;1;1;1;1;1;1;2;1;2;2;2;2;2;2;2;3;2;2;1;2;1;1;1;2;2;2;1;1;1;1;2;1;3;2;1;3;2;2;1;3;4;2;2;2;1;2;2;1;4;1;1;1;1;1;1;1;1;2;2;2;2;2;1;2;2;2;2;1;1;1;2;2;1;1;1;1;1;1;1;1;1;1;1;2;1;1;1;2;1;1;1;1;2;2;1;2;2;2;2;2;1;1;1;1;1;1;1;1;3;2;2;2;1;1;2;2;1;1;1;1;1;1;1;1;1;2;1;2;1;3;2;2;2;2;2;1;2;2;1;2;2;2;2;2;1;2;2;2;2;3;4;2;4;2;3;1;1;1;1;1;1;2;1;1;2;1;2;2;2;2;1;1;1;1;1;1;1;1;2;3;2;3;1;4;4;2;2;2;1;1;1;1;1;1;1;2;1;1;2;1;1;1;2;1;2;2;2;2;2;1;2;2;1;1;1;1;2;2;1;1;1;2;2;3;2;1;2;1;4;1;1;3;2;2;3;1;4;4;4;1;1;2;2;1;2;1;1;1;1;1;1;1;2;2;2;2;1;2;1;2;2;2;1;2;2;2;1;2;1;2;2;1;2;2;2;2;1;2;2;1;4;1;2;1;1;1;1;3;2;3;2;1;2;1;2;1;1;2;1;1;1;1;1;1;2;3;2;2;2;2;2;4;1;1;4;2;2;2;2;1;2;2;1;1;1;1;1;1;2;2;2;1;2;1;1;1;1;2;1;1;;23;Portugal;Portugal;A maior parte da minha vida;Sim;Centro;Covilhã e Canhoso (COVILHÃ);Semiurbano;Branca;;;;;;;Cisgénero (identifica-se com o sexo atribuído à nascença);Feminino;Ensino Superior concluído (Licenciatura/bacharelato, mestrado, doutoramento);Estudante;Médio;1 201 - 1 500 €;Solteiro/a;2;Não;Pouco Importante;Não, nunca tive;0;;Sim, por um psicólogo;;;;;;Sim, mas com algumas dificuldades;Tenho seguro de saúde, mas não cobre despesas relacionadas com saúde mental;Não;Bastantes vezes;;;;;;;;;Luto;;;;;;5 ou mais pessoas;Uso mensal (pelo menos 1 vez por mês);Uso mensal (pelo menos 1 vez por mês);Uso mensal (pelo menos 1 vez por mês);Nunca;Nunca;Nunca;Nunca;Nunca;Uso mensal (em média 1 vez por mês);Uso mensal (em média 1 vez por mês);Uso mensal (em média 1 vez por mês);Só para experimentar (1-3 vezes na vida);Nunca
1;1;1;1;1;1;1;1;1;1;1;1;1;1;1;1;3;2;2;1;2;1;1;1;1;2;1;1;2;1;2;1;2;1;2;2;2;2;2;2;2;2;2;2;1;2;1;1;1;1;1;1;1;3;2;3;1;1;1;1;1;1;1;1;1;1;1;1;2;2;2;2;2;1;3;3;1;2;2;1;2;2;2;1;1;1;1;2;2;2;2;1;2;2;2;1;1;1;1;1;1;3;2;3;1;1;1;2;1;2;2;2;1;1;1;2;2;1;1;1;1;2;2;1;1;2;2;2;2;3;1;3;1;1;2;4;4;2;4;3;1;2;1;2;2;4;3;3;3;3;1;1;1;2;3;2;2;3;1;1;1;2;2;1;1;1;1;1;1;1;1;1;1;1;1;1;1;2;2;3;1;1;1;3;3;4;1;2;2;1;2;1;2;1;1;2;2;3;3;3;2;3;1;1;1;1;2;1;3;2;2;2;1;2;2;1;1;2;3;3;3;2;2;3;2;2;3;2;2;1;2;2;1;2;4;3;3;2;1;1;1;2;2;2;3;2;2;2;1;2;2;1;1;1;1;1;1;1;1;1;2;2;1;1;1;1;1;1;2;3;1;1;4;2;4;3;3;3;2;1;3;2;1;1;1;1;1;1;1;1;1;1;1;1;1;1;1;2;1;1;1;1;1;1;1;3;1;2;2;2;2;2;1;2;1;1;2;2;3;3;3;3;4;3;2;3;4;3;2;2;3;1;1;2;1;2;2;2;2;2;1;1;1;1;3;3;2;3;1;1;1;2;1;1;1;2;1;1;1;1;2;1;2;2;2;1;2;1;1;3;2;1;1;1;1;1;1;1;1;1;1;2;1;1;2;1;2;2;2;1;1;1;1;1;1;1;1;1;1;1;3;3;3;3;3;2;2;2;2;2;1;2;1;1;1;1;1;2;2;1;2;1;2;1;1;1;1;1;2;1;2;1;1;1;1;1;;38;Venezuela;Portugal;A maior parte da minha vida;Sim;Norte;Maceda (OVAR);Urbano;Branca;;;;Hispânica/Latina;;;Cisgénero (identifica-se com o sexo atribuído à nascença);Masculino;Ensino Secundário concluído (10º, 11º, 12º ano);Empregado/a;Médio-baixo;2 801 - 4 000 €;Casado/a ou em União de Facto;6;Sim, tenho 1 filho/a;Nada Importante;Não, nunca tive;0;Não;;;;;;;Sim;Tenho seguro de saúde que cobre despesas relacionadas com saúde mental;Não;Não, nunca ou raramente.;;;;;;;;;;;;;;Não experienciei nenhuma destas situações;2-4 pessoas;Uso diário ou quase diário;Nunca;Nunca;Nunca;Nunca;Nunca;Nunca;Ocasionalmente (1 - 10 vezes em todo o ano);Uso quase diário ou diário;Nunca;Nunca;Nunca;Só para experimentar (1-3 vezes na vida)
1;1;1;1;1;1;1;1;1;1;1;1;1;1;1;1;2;3;3;1;2;2;4;1;1;1;1;3;3;3;4;2;3;2;3;1;2;2;1;2;2;3;2;3;1;3;1;1;3;1;2;1;1;3;3;3;1;1;1;1;1;1;1;1;1;3;1;1;3;3;3;4;3;1;4;1;1;1;1;1;2;4;4;2;1;2;3;2;1;2;2;3;4;3;3;1;1;1;1;1;1;2;2;1;1;1;2;1;1;2;2;1;1;2;1;2;1;3;3;3;3;4;3;1;1;2;1;2;1;1;2;2;1;2;1;2;2;2;2;2;2;2;2;2;1;3;1;2;3;4;1;1;1;1;1;1;2;1;1;4;1;4;4;1;1;1;4;1;1;1;2;1;1;1;3;3;2;3;3;4;1;1;1;3;2;3;1;2;2;3;2;2;1;1;1;3;3;4;1;4;4;4;1;1;1;1;1;1;1;1;4;1;1;1;1;2;1;1;2;2;2;2;1;4;4;4;3;2;4;1;2;4;1;4;4;4;3;2;1;1;1;2;2;1;3;3;1;2;2;1;2;1;1;1;1;1;1;1;3;4;3;4;4;1;1;4;1;1;1;1;1;1;1;3;2;4;3;4;1;4;1;1;1;3;1;1;1;1;1;1;1;1;1;1;1;1;1;1;1;1;1;1;2;2;3;2;4;3;3;2;2;2;1;2;1;1;2;1;3;2;4;1;4;2;1;2;2;2;4;4;4;1;1;1;1;1;1;1;1;1;1;1;1;1;1;4;2;1;1;1;1;2;1;1;2;1;2;3;2;4;1;4;2;1;1;1;4;2;3;4;4;4;1;1;1;1;1;1;1;1;1;4;1;1;1;1;2;2;1;1;1;1;1;1;1;3;1;1;1;1;4;4;4;3;3;2;3;2;1;2;1;1;1;1;1;1;1;1;1;1;1;1;1;1;1;1;1;1;1;1;1;1;1;1;1;1;;30;Portugal;Portugal;Toda a vida;Sim;Não aplicável;Castêlo da Maia (MAIA);Urbano;Branca;;;;Hispânica/Latina;;;Cisgénero (identifica-se com o sexo atribuído à nascença);Masculino;Ensino Superior concluído (Licenciatura/bacharelato, mestrado, doutoramento);Empregado/a;Médio-alto;2 801 - 4 000 €;Casado/a ou em União de Facto;2;Não;Nada Importante;Não, nunca tive;0;Não;;;;;;;Sim;Não tenho a certeza;Não;Por vezes;;;;;;;;;;;;;;Não experienciei nenhuma destas situações;2-4 pessoas;Ocasionalmente (1 - 10 vezes em todo o ano);Nunca;Nunca;Nunca;Nunca;Nunca;Nunca;Nunca;Só para experimentar (1-3 vezes na vida);Só para experimentar (1-3 vezes na vida);Só para experimentar (1-3 vezes na vida);Só para experimentar (1-3 vezes na vida);Nunca
1;2;1;1;1;1;1;1;1;1;1;1;1;2;1;3;2;3;2;1;3;1;3;2;1;4;4;4;4;4;3;1;3;1;2;1;2;2;2;1;2;3;2;1;1;1;1;1;1;2;1;1;1;1;2;1;1;1;1;1;1;1;1;1;2;2;3;1;4;4;4;4;4;1;1;1;1;2;1;1;2;2;2;2;1;1;1;1;1;1;1;1;1;1;1;1;1;1;1;1;1;1;1;1;1;2;2;1;1;1;1;1;2;1;1;2;2;3;3;2;3;2;2;1;1;1;1;1;2;2;2;2;2;1;1;3;3;2;2;2;1;2;1;1;2;1;1;1;1;1;1;1;1;2;2;2;1;1;1;1;1;1;1;1;1;2;2;2;1;1;1;1;1;1;3;1;1;2;2;4;1;1;1;4;1;3;1;2;1;2;1;2;1;2;1;2;3;3;1;1;2;2;1;2;2;2;3;1;2;1;3;2;2;1;1;2;2;1;2;1;2;1;1;1;3;2;1;1;2;1;2;1;1;1;3;4;1;1;1;1;1;1;1;2;2;1;2;2;1;1;2;1;1;1;1;1;1;1;1;1;2;1;1;1;1;1;2;1;1;1;1;1;1;2;1;1;1;2;1;1;1;1;1;2;1;1;1;4;3;1;1;1;1;1;1;1;1;1;1;1;1;1;1;1;1;1;1;2;2;1;2;2;2;2;2;3;1;1;2;3;2;3;3;3;3;3;1;1;1;1;1;1;1;1;1;1;1;1;1;1;1;1;1;1;1;2;1;1;1;1;1;2;1;1;1;2;1;1;1;2;1;3;2;1;1;1;3;2;2;3;3;2;4;2;2;2;1;1;1;1;1;1;2;1;1;1;1;1;1;1;1;1;1;1;1;1;1;1;1;1;3;3;3;4;3;1;2;1;2;1;1;1;1;1;1;1;1;1;1;1;1;1;1;1;1;1;1;1;1;1;1;1;1;1;1;1;;31;Portugal;Portugal;Toda a vida;Sim;Norte;Castêlo da Maia (MAIA);Urbano;Branca;;;;;;;Cisgénero (identifica-se com o sexo atribuído à nascença);Feminino;Ensino Superior concluído (Licenciatura/bacharelato, mestrado, doutoramento);Empregado/a;Médio-alto;2 801 - 4 000 €;Casado/a ou em União de Facto;2;Não;Pouco Importante;Não, nunca tive;0;Não;;;;;;;Sim;Tenho seguro de saúde que cobre despesas relacionadas com saúde mental;Não;Não, nunca ou raramente.;;;;;;;;;;;;;;Não experienciei nenhuma destas situações;5 ou mais pessoas;Nunca;Nunca;Nunca;Nunca;Nunca;Nunca;Nunca;Nunca;Ocasionalmente (menos de 1 vez por mês);Só para experimentar (1-3 vezes na vida);Só para experimentar (1-3 vezes na vida);Nunca;Nunca
1;1;1;1;1;1;1;1;1;1;1;1;1;2;2;2;1;1;2;2;2;2;2;1;2;1;2;2;2;2;2;2;2;2;1;1;1;2;1;1;1;3;2;2;1;1;1;1;1;1;1;1;2;1;1;1;1;1;1;1;1;1;1;1;1;2;1;1;3;2;2;2;2;1;1;1;1;1;1;1;1;1;1;1;1;1;1;1;1;1;1;1;1;1;2;1;1;1;1;1;1;1;1;1;1;2;2;1;1;1;1;1;2;2;1;2;1;2;1;1;1;1;1;1;1;1;1;2;1;1;1;1;1;1;1;1;2;2;1;1;1;3;1;1;1;1;1;1;1;1;1;1;1;1;1;1;2;1;1;2;2;2;3;1;1;1;1;1;1;1;1;1;1;1;1;1;1;1;2;3;1;1;1;2;2;3;1;2;3;1;1;2;1;1;1;1;1;2;2;2;2;1;1;1;1;2;2;2;2;2;1;2;1;1;1;1;1;1;3;2;2;2;1;3;2;1;2;1;1;1;2;1;1;2;2;1;1;1;2;1;2;1;2;1;1;1;1;2;1;2;1;1;1;1;1;1;1;1;1;1;1;1;1;1;1;2;1;1;1;1;1;1;1;2;1;3;3;3;3;1;1;1;1;1;1;1;1;1;1;1;1;1;1;1;1;1;1;1;1;1;1;2;1;1;1;1;1;3;2;1;3;3;2;2;2;2;1;1;1;2;1;1;3;3;2;3;2;1;1;2;1;1;1;1;1;2;1;1;1;2;1;1;1;1;1;3;1;1;1;1;1;2;2;1;1;1;1;2;1;2;3;2;2;2;2;1;2;2;2;2;2;2;1;1;1;1;1;1;1;1;1;2;1;2;1;1;1;1;3;1;1;1;3;1;3;4;1;1;1;1;3;1;3;3;3;2;3;2;2;3;1;1;1;1;1;1;1;1;1;1;1;1;2;1;1;1;1;1;1;1;2;1;1;1;1;1;;20;Portugal;Portugal;Toda a vida;Sim;Centro;Silgueiros (VISEU);Urbano;Branca;;;;;;;Cisgénero (identifica-se com o sexo atribuído à nascença);Feminino;Ensino Secundário concluído (10º, 11º, 12º ano);Estudante;Médio-alto;2 801 - 4 000 €;Solteiro/a;3;Não;Pouco Importante;Não, nunca tive;0;Não;;;;;;;Sim;Tenho seguro de saúde, mas não cobre despesas relacionadas com saúde mental;Não;Não, nunca ou raramente.;;;;;;;;;Luto;;;;;;2-4 pessoas;Uso mensal (pelo menos 1 vez por mês);Nunca;Nunca;Nunca;Nunca;Nunca;Nunca;Nunca;Uso mensal (em média 1 vez por mês);Nunca;Nunca;Nunca;Nunca
1;2;1;2;2;1;1;1;1;1;1;1;1;2;1;2;1;2;2;2;3;1;2;2;1;3;3;3;3;2;3;3;3;2;2;2;2;1;2;1;1;3;2;3;3;1;2;1;1;2;2;3;2;2;3;2;1;1;1;3;1;1;1;2;1;1;2;1;3;3;1;3;2;1;1;1;1;1;1;1;2;3;2;2;1;1;1;1;2;3;1;2;2;1;2;1;2;2;1;1;2;2;1;2;3;3;3;3;3;2;2;1;2;3;2;3;2;2;1;2;2;2;1;1;2;1;1;1;1;2;2;2;1;2;1;2;2;1;3;2;1;1;1;2;2;1;1;1;2;1;1;1;1;2;2;2;1;1;2;2;2;2;2;1;1;1;1;2;1;1;1;1;1;1;1;1;1;1;1;3;1;1;1;2;1;2;1;2;3;1;1;1;1;1;3;1;3;3;1;3;2;3;1;1;1;2;1;3;2;1;2;1;1;1;1;1;1;1;1;2;3;1;1;2;2;1;2;2;2;1;1;2;2;4;3;3;2;1;2;1;1;2;2;2;2;2;3;2;3;3;1;1;1;1;1;1;1;1;2;1;1;1;1;2;1;1;1;1;1;1;1;1;1;1;2;1;3;2;1;1;1;2;2;1;1;1;1;1;1;1;1;1;1;1;1;1;1;1;1;1;1;1;1;1;1;3;2;2;2;3;1;2;1;2;2;2;2;2;2;2;1;2;3;3;2;2;2;2;1;1;2;1;1;1;1;2;1;3;1;1;1;1;1;1;1;3;1;1;1;1;1;2;1;2;1;1;2;2;1;2;2;2;3;2;2;2;3;1;3;1;2;1;1;1;1;1;1;1;1;2;1;1;1;1;2;2;2;2;2;1;2;1;1;2;1;2;2;1;1;1;2;3;2;2;3;1;3;2;2;1;1;1;1;1;1;1;1;1;1;1;1;1;1;1;4;1;1;1;1;1;1;1;1;1;1;1;;20;Portugal;Portugal;Toda a vida;Sim;Norte;Canedo (SANTA MARIA DA FEIRA);Semiurbano;Branca;;;;;;;Cisgénero (identifica-se com o sexo atribuído à nascença);Masculino;Ensino Superior concluído (Licenciatura/bacharelato, mestrado, doutoramento);Estudante;Médio-alto;1 801 - 2800 €;Solteiro/a;4;Não;Mais ou menos importante;Não, nunca tive;0;Não;;;;;;;Sim;Tenho seguro de saúde, mas não cobre despesas relacionadas com saúde mental;Não;Por vezes;;;;Insegurança física (nos trajetos do dia-a-dia e locais que costuma frequentar);;;;;;;;;;;5 ou mais pessoas;Ocasionalmente (1 - 10 vezes em todo o ano);Ocasionalmente (1 - 10 vezes em todo o ano);Ocasionalmente (1 - 10 vezes em todo o ano);Nunca;Nunca;Nunca;Nunca;Nunca;Ocasionalmente (menos de 1 vez por mês);Só para experimentar (1-3 vezes na vida);Só para experimentar (1-3 vezes na vida);Nunca;Nunca
1;1;1;1;1;1;1;1;1;1;1;1;1;1;1;1;1;1;1;4;2;2;3;1;1;1;2;2;4;2;1;2;1;2;1;2;2;1;2;1;1;3;2;3;1;1;1;1;1;1;1;2;2;2;3;2;1;1;1;1;1;1;1;1;1;1;1;1;2;2;2;2;2;1;1;1;2;2;1;2;1;2;1;1;1;1;1;1;1;1;1;1;2;1;1;1;1;1;1;1;1;1;1;2;2;2;2;1;1;1;2;1;2;3;1;2;1;1;1;1;1;1;2;1;1;1;1;1;1;1;1;3;3;2;2;2;2;1;2;3;1;3;1;1;1;1;1;1;1;1;1;1;1;1;1;1;1;1;1;1;1;1;2;1;1;1;3;1;1;1;1;1;1;1;1;1;1;1;2;4;1;1;1;2;1;2;1;1;2;1;1;1;1;1;1;1;2;2;2;3;3;3;1;1;1;2;1;2;1;2;1;1;1;1;1;1;2;1;1;1;2;1;1;1;1;2;2;1;2;1;3;2;2;2;2;1;1;1;3;2;2;1;1;2;2;1;2;2;2;2;2;1;1;1;1;1;1;1;1;1;2;1;1;1;2;1;1;1;1;1;1;1;1;3;1;2;2;4;1;1;1;4;1;1;1;1;1;1;1;1;1;1;1;1;1;1;1;1;1;1;1;1;1;1;1;2;3;1;1;1;2;1;1;1;1;1;2;2;3;4;2;4;3;3;1;4;4;1;1;1;1;1;1;1;1;2;1;2;1;1;1;1;1;1;1;1;1;1;1;1;1;1;2;1;1;1;1;2;1;2;2;2;2;1;1;3;1;3;3;4;3;3;1;1;1;4;1;1;1;1;1;1;1;1;1;1;2;1;1;1;1;1;3;3;2;1;2;1;1;1;3;3;3;3;3;3;2;3;3;2;1;2;2;3;3;2;1;1;1;1;1;1;1;1;1;1;1;1;1;1;1;1;4;3;1;1;;48;França;Portugal;Outro (especifique o número de anos);Sim;Norte;Bonfim (PORTO);Urbano;Branca;;;;;;;Cisgénero (identifica-se com o sexo atribuído à nascença);Feminino;Ensino Superior concluído (Licenciatura/bacharelato, mestrado, doutoramento);Empregado/a;Médio;1 501 - 1 800 €;Solteiro/a;1, sou só eu;Não;Nada Importante;Não, nunca tive;0;;Sim, por um psicólogo;;;;;;Sim;Tenho seguro de saúde que cobre despesas relacionadas com saúde mental;Sim, mais de 15 dias;Não, nunca ou raramente.;;;Insegurança laboral (salários em atraso, contratos precários ou temporários, sem proteção social em caso de despedimento, ou outros);;;;;Deficiência física, doença crónica ou problema de saúde grave (do próprio ou de pessoa próxima) com impacto na vida diária;;;;;;;2-4 pessoas;Nunca;Nunca;Nunca;Nunca;Nunca;Nunca;Nunca;Nunca;Ocasionalmente (menos de 1 vez por mês);Nunca;Uso diário ou quase diário e várias vezes ao dia;Nunca;Nunca
2;2;2;2;1;1;1;1;1;1;1;1;1;1;1;1;1;1;1;2;2;2;2;3;3;1;2;2;1;1;1;4;3;4;2;1;2;1;1;2;2;2;1;2;2;2;1;1;2;1;1;2;2;2;1;2;1;1;1;1;1;1;1;2;1;2;2;1;1;1;2;1;1;4;1;4;1;2;1;1;2;2;2;1;1;1;1;1;2;1;1;1;2;1;2;1;1;1;1;1;2;2;2;2;2;3;3;2;1;2;2;1;3;4;1;1;1;1;1;1;1;1;1;1;1;1;1;2;3;2;1;2;4;4;2;4;4;3;3;2;2;2;1;2;2;1;1;1;1;1;1;1;1;1;1;1;2;1;1;1;2;2;2;1;1;2;2;1;1;1;1;1;1;1;1;1;1;2;1;2;1;1;1;2;1;1;2;1;2;3;1;1;1;2;1;1;4;3;1;4;3;4;1;2;2;2;2;2;4;4;3;4;1;1;4;1;1;2;1;1;2;1;1;2;1;2;2;3;2;2;2;2;1;1;1;3;1;1;2;1;2;4;3;1;2;2;2;2;2;2;1;1;1;1;1;1;1;1;1;3;1;1;1;2;1;2;1;1;1;1;1;1;1;1;1;1;2;1;1;1;1;1;2;1;1;1;1;1;1;1;1;1;1;1;1;1;1;1;1;2;1;1;1;1;1;1;1;3;2;2;3;2;1;1;1;1;1;2;1;2;1;4;3;3;2;3;1;2;1;1;3;2;3;2;2;4;4;2;3;1;1;1;1;1;1;2;1;2;2;1;1;2;1;2;1;1;1;2;2;2;2;3;2;1;3;2;2;1;1;1;2;1;2;2;2;2;2;1;1;1;2;2;2;2;1;1;1;1;2;1;1;1;2;4;3;2;2;1;1;1;2;2;2;2;2;1;2;1;2;1;1;3;1;1;1;1;1;1;1;1;1;1;1;1;1;1;1;1;1;1;1;1;1;1;1;1;;19;Portugal;Portugal;Toda a vida;Sim;Norte;Figueiró (Santiago e Santa Cristina) (AMARANTE);Rural;Branca;;;;;;;Cisgénero (identifica-se com o sexo atribuído à nascença);Feminino;Ensino Secundário concluído (10º, 11º, 12º ano);Estudante;Médio;2 801 - 4 000 €;Solteiro/a;3;Não;Nada Importante;Não, nunca tive;0;;Sim, por um psicólogo;;;;;;Sim;Não tenho seguro de saúde;Não;Por vezes;;;;Insegurança física (nos trajetos do dia-a-dia e locais que costuma frequentar);;;Conflitos familiares ou relacionais persistentes;;;;;;;;5 ou mais pessoas;Uso mensal (pelo menos 1 vez por mês);Ocasionalmente (1 - 10 vezes em todo o ano);Uso mensal (pelo menos 1 vez por mês);Nunca;Nunca;Nunca;Nunca;Nunca;Ocasionalmente (menos de 1 vez por mês);Ocasionalmente (menos de 1 vez por mês);Uso mensal (em média 1 vez por mês);Nunca;Nunca
1;1;1;1;1;1;1;1;1;1;1;1;1;2;1;2;2;2;2;2;2;2;2;1;2;1;2;2;2;2;2;2;2;2;2;2;2;3;2;3;2;2;2;2;1;2;1;1;2;2;1;2;2;3;2;3;1;1;1;2;1;1;1;1;2;1;2;1;3;3;2;3;2;2;1;1;1;2;1;1;2;2;2;2;2;2;2;2;2;2;1;2;2;2;2;1;1;1;1;1;1;1;1;2;3;2;3;2;2;2;2;1;3;3;1;2;2;2;3;2;2;3;2;1;2;2;2;2;2;2;2;2;2;2;2;2;2;2;2;3;2;2;2;2;2;1;1;1;1;1;1;1;1;2;2;2;2;2;2;1;2;3;2;1;1;2;2;2;1;1;1;1;1;1;1;1;1;3;2;2;1;1;1;3;2;2;2;2;2;1;2;1;1;2;2;2;2;2;2;2;3;2;1;2;2;2;2;3;2;2;3;2;1;2;1;2;2;2;1;1;2;1;1;2;1;3;2;2;3;2;2;2;2;2;3;2;1;1;1;1;1;2;3;2;3;2;2;2;2;2;2;1;1;1;1;1;1;1;2;2;2;2;2;2;1;2;1;1;1;1;1;1;1;2;2;2;2;2;2;2;2;2;2;2;1;2;1;1;1;1;1;1;1;1;1;1;1;1;1;1;1;1;3;2;2;2;2;3;3;2;3;3;2;2;2;1;2;3;2;2;2;2;2;2;2;2;2;2;2;1;1;1;1;2;1;2;2;2;3;2;1;1;1;1;1;2;2;1;1;1;1;2;1;2;1;2;2;3;2;3;3;3;2;2;2;1;2;2;2;2;2;2;2;2;2;1;2;1;1;1;1;2;2;1;2;2;2;2;2;1;1;1;2;2;2;2;2;1;1;1;3;3;2;3;2;1;3;2;2;2;1;1;1;1;1;1;1;1;1;1;1;1;1;1;1;1;1;1;1;1;1;1;1;1;1;1;;41;França;Portugal;A maior parte da minha vida;Sim;Norte;Bonfim (PORTO);Urbano;Branca;;;;;;;Cisgénero (identifica-se com o sexo atribuído à nascença);Feminino;Ensino Superior concluído (Licenciatura/bacharelato, mestrado, doutoramento);Empregado/a;Médio;1 501 - 1 800 €;Solteiro/a;1, sou só eu;Não;Muito Importante;Não, nunca tive;0;Não;;;;;;;Sim;Tenho seguro de saúde que cobre despesas relacionadas com saúde mental;Não;Não, nunca ou raramente.;;Insegurança habitacional (atraso no pagamento de renda ou conta, risco de perda, sobrelotação, ou outros);;;;;;;;;;;;;5 ou mais pessoas;Ocasionalmente (1 - 10 vezes em todo o ano);Nunca;Nunca;Nunca;Nunca;Nunca;Nunca;Nunca;Ocasionalmente (menos de 1 vez por mês);Só para experimentar (1-3 vezes na vida);Só para experimentar (1-3 vezes na vida);Nunca;Nunca
1;1;1;1;1;1;1;1;1;1;1;1;1;2;2;2;1;3;1;1;1;1;2;1;1;1;3;2;1;2;1;2;2;3;1;2;2;1;1;1;1;2;2;2;2;2;1;1;2;3;1;1;1;1;2;1;1;1;1;1;1;1;1;1;1;1;1;1;4;1;1;4;1;4;1;4;1;1;1;1;1;1;2;1;1;1;1;3;2;1;1;1;2;1;1;1;1;1;1;1;1;2;1;3;1;2;2;4;1;1;1;1;1;2;1;2;1;3;2;2;2;1;2;1;1;1;1;1;1;1;1;2;1;1;2;2;2;2;2;1;2;3;1;1;1;1;1;1;1;1;1;1;1;2;1;1;2;1;2;1;1;1;1;1;1;1;1;1;1;1;1;1;1;1;1;1;1;3;3;3;1;1;1;4;3;2;1;1;3;1;1;1;1;2;1;3;3;3;1;3;4;3;1;1;1;1;1;1;2;4;1;2;4;4;2;2;2;2;1;1;1;1;1;1;1;2;2;1;2;2;2;2;2;4;3;4;1;1;2;1;1;1;1;1;1;1;2;1;2;1;1;1;1;1;1;1;1;1;1;1;1;1;1;1;1;3;1;1;1;1;1;1;1;2;1;1;4;3;1;1;1;1;1;1;1;1;1;1;1;1;1;1;1;4;2;1;1;1;1;1;1;1;2;2;2;1;2;1;1;1;1;1;1;1;1;1;1;1;1;1;2;3;4;3;3;3;1;1;2;1;1;1;2;1;3;1;1;1;1;1;1;1;1;1;1;3;1;2;1;1;1;2;1;2;1;2;2;1;1;1;2;1;1;1;1;1;1;2;1;3;2;2;2;1;1;2;3;1;2;2;1;1;1;2;1;1;1;1;1;1;1;1;1;3;1;1;2;1;1;1;3;3;3;3;3;1;2;1;3;2;1;1;1;1;1;1;1;1;1;1;1;1;1;1;1;1;1;1;1;1;1;1;1;1;1;1;;21;Portugal;Portugal;Toda a vida;Sim;Norte;Creixomil (GUIMARÃES);Urbano;Branca;;;;;;;Cisgénero (identifica-se com o sexo atribuído à nascença);Feminino;Ensino Superior concluído (Licenciatura/bacharelato, mestrado, doutoramento);Estudante;Médio;Não sei/Prefiro não responder;Solteiro/a;2;Não;Muito Importante;Não, nunca tive;0;Não;;;;;;;Sim;Não tenho a certeza;Não;Não, nunca ou raramente.;;;;;;;Conflitos familiares ou relacionais persistentes;;Luto;;;;;;5 ou mais pessoas;Ocasionalmente (1 - 10 vezes em todo o ano);Nunca;Nunca;Nunca;Nunca;Nunca;Nunca;Nunca;Só para experimentar (1-3 vezes na vida);Nunca;Nunca;Nunca;Nunca
2;2;1;1;2;1;1;1;1;1;1;1;1;3;2;3;2;2;1;1;3;3;3;2;3;3;3;3;4;3;4;3;3;2;2;1;2;1;1;3;2;3;4;4;1;1;1;1;1;1;1;1;3;4;3;4;1;1;2;2;1;1;3;3;1;3;1;3;4;4;2;4;1;2;3;3;3;3;2;1;2;2;2;1;1;2;1;2;1;2;1;2;4;1;3;1;1;1;1;1;3;2;2;2;2;4;4;1;2;3;3;1;4;3;1;2;1;2;1;2;2;2;3;2;2;2;1;2;3;2;2;3;3;2;2;4;3;3;3;2;1;2;1;2;1;2;2;1;1;2;1;1;1;2;2;3;2;3;3;3;1;1;3;1;3;1;3;3;1;1;1;1;1;1;1;1;1;3;3;3;1;1;1;3;2;3;3;3;3;3;1;1;1;1;1;2;3;3;3;3;3;3;1;3;3;2;3;1;3;3;4;3;3;3;3;3;2;3;3;2;4;1;1;3;1;2;2;2;3;1;2;2;1;3;4;3;1;3;3;3;3;3;4;2;2;3;2;3;3;2;2;1;1;1;1;1;1;1;3;2;3;2;1;3;1;2;3;1;1;1;1;1;1;3;2;2;4;4;1;1;2;3;1;3;1;1;2;1;1;2;1;1;2;1;2;1;1;1;1;1;1;1;2;1;2;2;2;2;3;1;1;2;3;1;2;2;2;3;3;3;2;3;3;3;3;3;2;3;1;1;1;1;3;1;1;3;3;3;2;3;1;1;1;1;1;2;2;3;2;2;2;2;3;2;1;2;1;3;2;3;3;4;2;2;2;1;1;2;3;2;3;3;1;1;1;1;1;4;1;4;2;2;1;1;1;1;3;1;1;1;1;1;2;3;2;3;1;1;1;1;4;3;2;3;3;2;3;3;3;2;1;1;1;1;1;1;1;1;1;1;1;1;1;1;1;1;1;1;1;1;1;1;1;1;1;1;;21;Portugal;Portugal;Toda a vida;Sim;Norte;Ramalde (PORTO);Urbano;Branca;;;;;;;Cisgénero (identifica-se com o sexo atribuído à nascença);Feminino;Ensino Superior concluído (Licenciatura/bacharelato, mestrado, doutoramento);Empregado/a;Médio;1 201 - 1 500 €;Solteiro/a;3;Não;Pouco Importante;Não, nunca tive;0;;Sim, por um psicólogo;;;;;;Sim;Tenho seguro de saúde, mas não cobre despesas relacionadas com saúde mental;Sim, 1-5 dias;Bastantes vezes;;;;;;;Conflitos familiares ou relacionais persistentes;;;;;;;;2-4 pessoas;Ocasionalmente (1 - 10 vezes em todo o ano);Nunca;Nunca;Nunca;Nunca;Nunca;Nunca;Nunca;Ocasionalmente (menos de 1 vez por mês);Nunca;Só para experimentar (1-3 vezes na vida);Nunca;Nunca
1;1;1;1;1;1;1;1;1;1;1;1;1;2;1;2;3;1;2;4;2;1;4;3;1;4;3;2;4;1;4;3;3;3;2;2;1;2;2;2;1;2;2;2;1;2;2;1;4;2;2;2;2;1;2;1;1;1;1;2;1;1;1;2;1;1;1;1;2;3;1;4;3;4;3;4;1;4;1;1;2;4;2;2;1;2;1;1;1;2;1;1;4;2;2;1;1;1;1;2;1;2;1;1;3;4;3;1;2;2;2;1;2;3;1;3;4;3;2;3;2;1;1;1;1;1;1;2;2;4;4;3;4;4;2;4;3;2;4;2;2;3;2;2;2;1;1;1;1;1;4;1;1;2;2;2;1;2;2;1;1;4;1;1;4;4;4;1;1;1;1;1;1;1;1;1;1;3;4;4;1;1;1;4;1;2;2;2;2;1;3;3;1;1;1;3;2;2;1;2;2;2;1;3;2;1;3;1;4;4;4;3;2;1;2;1;2;2;1;1;1;1;1;1;1;2;2;1;2;1;2;1;1;1;1;1;1;1;4;1;4;1;2;1;1;1;2;3;4;1;2;4;2;4;1;4;2;1;2;1;1;1;1;2;2;3;1;1;1;1;1;1;1;4;1;2;4;4;2;2;2;1;1;1;1;1;1;1;1;1;1;1;1;1;1;1;1;1;2;4;1;1;1;1;1;1;1;2;1;1;1;2;2;1;2;3;1;1;2;2;2;3;3;3;2;3;3;2;1;1;1;1;1;1;1;1;1;1;1;1;1;1;1;1;2;4;1;1;2;2;1;2;1;3;1;1;1;1;1;2;1;4;2;2;2;1;2;4;2;3;4;3;4;3;3;4;2;3;1;1;1;1;1;2;1;1;1;1;2;1;2;1;3;4;1;1;1;1;2;1;4;4;2;3;4;2;4;4;1;4;1;1;1;1;1;1;1;1;1;1;1;1;1;1;1;1;1;1;1;1;1;1;1;1;1;1;;24;Portugal;Portugal;Toda a vida;Sim;Norte;Vale (São Martinho) (VILA NOVA DE FAMALICÃO);Semiurbano;Branca;;;;;;;Cisgénero (identifica-se com o sexo atribuído à nascença);Feminino;Ensino Superior concluído (Licenciatura/bacharelato, mestrado, doutoramento);Estudante;Médio-alto;2 801 - 4 000 €;Solteiro/a;3;Não;Pouco Importante;Não, nunca tive;0;;Sim, por um psicólogo;;;;;;Sim;Tenho seguro de saúde, mas não cobre despesas relacionadas com saúde mental;Não;Bastantes vezes;;;;;;;;;;;;;;Não experienciei nenhuma destas situações;5 ou mais pessoas;Nunca;Nunca;Nunca;Nunca;Nunca;Nunca;Nunca;Ocasionalmente (1 - 10 vezes em todo o ano);Só para experimentar (1-3 vezes na vida);Nunca;Só para experimentar (1-3 vezes na vida);Nunca;Só para experimentar (1-3 vezes na vida)
2;1;3;1;1;1;1;1;1;1;1;1;1;2;2;2;1;1;1;1;2;2;1;2;2;1;2;3;3;2;1;1;3;1;2;2;3;3;3;2;2;3;2;2;1;2;2;1;2;2;2;1;2;2;1;2;1;2;2;1;1;2;1;1;1;1;2;1;3;2;1;4;2;1;1;1;1;1;1;1;2;2;1;2;1;1;1;1;1;1;1;2;2;1;1;1;1;1;2;2;2;2;2;1;1;1;2;2;2;2;2;2;2;2;2;3;1;1;1;1;1;1;1;1;1;1;1;2;2;2;2;2;2;2;1;1;1;2;1;1;1;2;1;1;1;2;2;1;3;3;1;1;1;1;1;1;1;1;2;1;2;3;2;1;1;2;2;1;1;1;1;1;1;1;2;3;3;3;1;4;1;1;1;3;1;3;1;2;4;1;1;1;1;1;1;1;3;3;1;3;3;3;1;2;1;3;3;1;4;4;2;4;1;1;1;2;1;1;1;2;1;1;2;4;2;3;2;3;2;2;1;3;1;4;3;2;3;3;4;3;4;2;2;1;2;2;2;2;2;1;1;1;2;1;1;1;1;1;3;1;2;2;1;1;1;2;1;1;1;1;1;1;1;2;3;3;3;3;1;1;1;1;1;1;1;1;1;1;1;1;1;1;2;1;2;1;1;2;2;1;2;2;2;1;2;2;1;3;3;4;3;3;1;2;2;2;2;1;2;2;2;2;2;2;2;2;2;1;4;2;2;1;3;1;1;1;1;2;1;1;1;1;1;1;1;2;1;1;1;2;1;1;1;1;1;1;1;2;1;2;2;4;1;1;1;1;1;2;2;4;4;1;1;1;1;1;1;1;1;1;1;1;1;1;1;1;1;1;2;1;1;1;2;2;3;2;1;1;1;1;3;4;3;3;3;3;2;2;1;2;1;1;1;1;1;1;1;1;1;1;1;1;1;1;1;1;1;1;1;1;1;1;1;1;1;1;;22;Brasil;Portugal;Menos de 1 ano;Sim;Norte;Canelas (VILA NOVA DE GAIA);Urbano;;;;;;Outra;;Cisgénero (identifica-se com o sexo atribuído à nascença);Masculino;Ensino Secundário concluído (10º, 11º, 12º ano);Empregado/a;Médio-baixo;Até 1 050€;Outro/Prefiro não responder;4;Não;Mais ou menos importante;Não, nunca tive;0;Não;;;;;;;Não procurei ajuda porque não precisei;Não tenho seguro de saúde;Não;Por vezes;;;Insegurança laboral (salários em atraso, contratos precários ou temporários, sem proteção social em caso de despedimento, ou outros);Insegurança física (nos trajetos do dia-a-dia e locais que costuma frequentar);Desemprego;;Conflitos familiares ou relacionais persistentes;;;;;Estigmatização (raça, género, idade, orientação sexual, condição social ou outra característica pessoal);;;2-4 pessoas;Nunca;Nunca;Nunca;Nunca;Nunca;Nunca;Nunca;Nunca;Nunca;Nunca;Nunca;Nunca;Nunca
2;1;1;1;1;1;1;1;1;1;1;1;1;2;2;2;1;3;2;1;2;2;2;1;2;2;1;2;2;2;2;1;3;1;2;2;1;3;2;3;2;2;3;2;2;1;2;1;1;1;2;2;4;3;3;3;1;1;1;2;1;1;1;1;1;1;2;1;2;2;1;2;1;2;2;2;1;1;1;1;3;3;4;3;2;2;3;3;3;3;2;2;3;1;2;1;2;1;1;1;2;3;3;3;3;3;3;3;3;3;3;2;3;2;2;4;3;2;2;1;3;2;2;1;2;2;2;3;2;2;2;2;2;2;2;3;3;3;3;3;2;3;3;2;3;1;2;2;2;1;1;1;1;1;1;2;2;1;3;1;2;3;2;3;1;1;2;1;1;1;1;1;1;1;1;1;1;2;1;2;1;1;1;2;1;2;1;1;3;1;2;2;1;1;1;1;3;4;3;4;4;4;1;2;1;1;2;2;3;4;4;4;2;2;2;1;1;2;1;1;2;1;1;1;1;2;2;2;2;2;2;2;2;3;2;3;2;1;3;1;1;3;2;2;3;3;1;2;2;3;2;1;1;2;1;1;1;1;1;1;2;1;1;2;2;2;1;1;1;1;1;2;1;2;2;3;3;3;2;3;2;2;1;2;1;1;1;1;1;1;1;1;1;1;1;1;1;1;2;1;1;1;1;1;2;1;1;3;2;2;2;3;2;1;1;1;2;3;2;3;3;2;4;4;4;4;3;2;1;3;2;3;3;3;3;2;2;2;2;2;1;1;1;1;4;3;2;3;1;1;1;1;3;1;1;1;1;3;3;3;3;3;2;1;2;2;2;3;1;2;2;2;2;1;1;1;1;1;1;1;1;1;1;1;2;2;3;2;2;1;2;1;2;1;2;3;2;1;1;1;2;3;2;2;2;3;2;3;3;3;1;1;1;1;1;1;1;2;1;1;1;1;1;1;1;1;1;1;1;1;1;1;1;1;1;1;;32;Portugal;Portugal;A maior parte da minha vida;Sim;Norte;Lordelo do Ouro e Massarelos (PORTO);Urbano;Branca;;;;;;;Cisgénero (identifica-se com o sexo atribuído à nascença);Masculino;Ensino Superior concluído (Licenciatura/bacharelato, mestrado, doutoramento);Empregado/a;Médio-alto;1 801 - 2800 €;Solteiro/a;2;Não;Pouco Importante;Não, nunca tive;0;;Sim, por um psicólogo;;;;;;Sim;Tenho seguro de saúde que cobre despesas relacionadas com saúde mental;Não;Bastantes vezes;;;;;;;Conflitos familiares ou relacionais persistentes;;;;;;;;5 ou mais pessoas;Uso semanal (pelo menos 1 vez por semana);Ocasionalmente (1 - 10 vezes em todo o ano);Nunca;Nunca;Nunca;Nunca;Nunca;Nunca;Uso semanal (pelo menos 1 vez por semana);Só para experimentar (1-3 vezes na vida);Nunca;Nunca;Nunca
2;2;2;1;2;1;1;1;1;1;1;1;1;4;1;3;2;1;2;2;2;2;2;2;2;2;3;3;4;2;2;1;3;1;1;1;1;2;1;2;4;2;2;4;2;2;1;1;1;1;1;1;2;3;3;2;1;1;2;2;1;1;1;2;1;2;3;2;1;1;2;1;2;1;2;1;2;2;2;1;2;2;2;2;1;1;1;1;1;2;1;3;4;1;4;1;1;2;1;1;1;2;2;2;3;3;3;2;3;3;3;1;4;4;2;2;3;2;2;1;1;2;2;1;2;2;1;2;3;2;2;2;3;2;1;3;3;3;2;2;2;2;1;1;2;1;1;1;1;1;1;1;1;1;1;1;1;1;2;1;2;2;2;2;3;4;2;4;1;1;1;1;1;1;1;1;1;2;2;3;1;1;1;1;1;1;2;1;2;2;4;2;4;2;3;4;2;2;2;2;2;2;1;3;2;2;2;2;3;3;4;4;1;1;1;1;1;1;1;1;1;1;1;1;1;1;1;1;1;1;2;1;1;1;1;1;1;1;2;1;2;2;2;1;3;3;2;2;2;2;1;1;1;1;1;1;1;1;1;1;2;2;1;3;2;2;2;2;1;1;1;1;1;2;2;3;2;3;2;1;1;2;3;3;2;2;1;1;1;1;1;1;1;1;1;1;1;1;1;1;3;1;2;2;2;1;1;2;2;1;2;2;1;1;2;2;2;1;2;2;2;1;2;3;2;4;1;1;1;1;1;1;1;1;1;2;2;1;1;1;1;1;1;1;1;2;1;2;2;1;2;2;1;2;2;1;1;1;2;2;2;2;2;2;4;2;3;2;2;2;1;2;2;2;1;1;3;1;1;2;1;1;2;3;1;2;2;1;2;1;1;1;1;2;1;1;1;1;1;1;2;2;3;2;2;1;1;2;2;3;1;1;1;1;1;1;1;1;1;1;1;1;1;1;1;1;1;1;1;1;1;1;1;1;1;1;;30;Portugal;Portugal;Toda a vida;Sim;Norte;Cedofeita, Ildefonso, Sé, Miragaia, Nicolau, Vitória (PORTO);Urbano;Branca;;;;;;;Cisgénero (identifica-se com o sexo atribuído à nascença);Feminino;Ensino Superior concluído (Licenciatura/bacharelato, mestrado, doutoramento);Empregado/a;Médio;1 801 - 2800 €;Solteiro/a;2;Não;Mais ou menos importante;Não, nunca tive;0;Não;;;;;;;Não procurei ajuda, apesar de ter precisado;Tenho seguro de saúde que cobre despesas relacionadas com saúde mental;Não;Bastantes vezes;;;;;;;Conflitos familiares ou relacionais persistentes;Deficiência física, doença crónica ou problema de saúde grave (do próprio ou de pessoa próxima) com impacto na vida diária;Luto;;;Estigmatização (raça, género, idade, orientação sexual, condição social ou outra característica pessoal);;;2-4 pessoas;Ocasionalmente (1 - 10 vezes em todo o ano);Nunca;Nunca;Nunca;Nunca;Nunca;Nunca;Nunca;Ocasionalmente (menos de 1 vez por mês);Nunca;Nunca;Nunca;Nunca
4;4;3;1;4;1;1;1;1;1;1;1;1;2;1;2;2;2;2;4;3;3;2;3;4;3;2;4;4;2;2;2;3;2;1;1;1;1;1;1;4;4;3;4;4;2;2;1;1;2;2;2;4;4;4;4;1;1;1;1;1;1;1;2;1;1;1;1;2;2;2;2;2;1;2;2;2;3;1;3;1;1;2;1;1;1;1;1;3;4;1;4;4;2;4;1;1;3;1;1;2;4;3;2;4;4;4;2;3;3;4;3;4;4;1;3;3;2;4;3;3;3;1;1;1;3;1;1;1;2;2;2;2;2;1;3;3;3;3;2;1;2;2;1;2;1;1;1;1;1;1;1;1;1;1;1;1;1;4;1;2;4;4;3;3;1;1;1;1;1;1;1;1;1;2;1;2;2;2;2;1;1;1;2;1;1;4;3;4;4;2;3;2;1;1;3;3;4;3;3;3;3;2;4;3;3;4;1;4;2;2;2;2;2;1;2;2;1;2;2;2;1;2;1;2;2;3;2;2;1;1;3;1;2;1;2;3;1;1;1;1;2;4;3;4;4;2;2;2;3;2;1;1;1;1;1;1;1;1;1;1;1;1;4;3;4;3;3;1;1;1;1;1;4;4;3;3;4;1;1;1;1;2;2;1;1;1;1;1;1;1;1;1;1;1;1;1;2;1;1;1;1;2;3;4;1;4;2;1;1;2;2;1;1;3;1;1;2;3;3;3;3;4;4;4;4;4;1;1;1;1;1;1;1;1;2;1;2;1;2;1;1;1;1;1;1;2;2;1;1;1;2;1;1;1;2;1;3;1;4;3;4;4;3;3;2;4;4;2;3;3;3;1;2;3;1;2;2;2;2;2;1;2;2;3;3;3;3;3;1;2;1;1;2;1;1;1;1;1;1;2;2;2;2;2;2;3;2;3;4;1;1;1;1;1;1;2;1;1;1;1;1;1;1;1;1;1;1;1;1;1;1;1;1;1;1;;31;Portugal;Portugal;Toda a vida;Sim;Norte;Cedofeita, Ildefonso, Sé, Miragaia, Nicolau, Vitória (PORTO);Rural;Branca;;;;;;;Cisgénero (identifica-se com o sexo atribuído à nascença);Feminino;Ensino Superior concluído (Licenciatura/bacharelato, mestrado, doutoramento);Empregado/a;Médio-baixo;1 801 - 2800 €;Casado/a ou em União de Facto;2;Não;Pouco Importante;Não, nunca tive;0;Não;;;;;;;Sim, mas com algumas dificuldades;Tenho seguro de saúde, mas não cobre despesas relacionadas com saúde mental;Sim, 1-5 dias;Bastantes vezes;;;Insegurança laboral (salários em atraso, contratos precários ou temporários, sem proteção social em caso de despedimento, ou outros);;;;;;Luto;;;;;;5 ou mais pessoas;Ocasionalmente (1 - 10 vezes em todo o ano);Nunca;Nunca;Nunca;Nunca;Nunca;Nunca;Ocasionalmente (1 - 10 vezes em todo o ano);Uso mensal (em média 1 vez por mês);Nunca;Nunca;Nunca;Só para experimentar (1-3 vezes na vida)
1;1;2;1;1;1;1;1;1;1;1;1;1;1;1;1;1;1;1;1;2;2;1;2;2;1;4;3;3;2;2;2;3;2;1;1;2;2;1;1;2;3;2;2;1;2;2;1;3;3;2;1;2;2;2;1;1;1;1;1;1;1;1;2;2;2;3;2;1;2;1;2;1;1;1;1;1;2;1;1;2;2;1;1;1;1;1;1;1;1;1;1;2;1;1;1;1;1;1;1;2;1;1;1;2;2;2;3;2;1;2;1;2;2;2;2;1;2;1;2;2;2;1;1;2;1;1;1;1;1;1;2;2;1;2;2;2;2;2;2;1;2;1;1;1;1;1;1;2;2;1;1;1;1;1;1;1;1;2;2;1;2;2;1;1;1;1;2;2;1;1;1;1;1;1;1;1;2;2;3;1;1;1;3;1;1;1;1;3;2;1;2;1;1;1;1;1;2;2;2;3;2;1;1;2;2;2;1;2;1;1;2;1;1;1;1;1;1;1;1;2;2;1;2;2;1;2;2;1;1;2;2;1;2;2;3;2;1;1;1;1;2;2;1;3;2;2;2;2;1;1;1;1;1;1;1;1;1;2;1;1;2;1;2;1;1;1;1;1;1;1;1;1;3;2;2;3;2;1;1;1;1;1;2;1;1;1;1;1;1;1;1;2;1;1;1;1;1;2;1;2;1;1;1;2;1;1;2;2;1;1;2;1;1;1;1;1;2;2;3;2;2;2;3;2;3;2;1;1;2;1;1;1;1;1;1;1;1;3;1;1;1;1;1;1;1;1;1;1;1;1;2;1;2;1;1;1;2;1;2;2;3;3;2;1;2;2;2;2;2;3;3;2;1;1;1;1;1;1;1;1;1;1;1;1;2;2;1;3;1;1;1;1;2;2;1;1;1;1;1;3;3;3;3;3;2;2;1;3;3;1;1;1;1;1;1;1;1;1;1;1;1;1;1;1;1;1;1;1;1;1;1;1;1;1;1;;26;Portugal;Portugal;Toda a vida;Sim;Norte;Paranhos (PORTO);Urbano;Branca;;;;;;;Cisgénero (identifica-se com o sexo atribuído à nascença);Masculino;Ensino Superior concluído (Licenciatura/bacharelato, mestrado, doutoramento);Empregado/a;Médio-alto;1 801 - 2800 €;Solteiro/a;2;Não;Pouco Importante;Não, nunca tive;0;Não;;;;;;;Sim;Tenho seguro de saúde que cobre despesas relacionadas com saúde mental;Não;Por vezes;;;;;;;;;;;;;Prefiro não responder;;2-4 pessoas;Ocasionalmente (1 - 10 vezes em todo o ano);Nunca;Nunca;Nunca;Nunca;Nunca;Nunca;Nunca;Ocasionalmente (menos de 1 vez por mês);Nunca;Só para experimentar (1-3 vezes na vida);Nunca;Nunca
1;1;1;1;1;1;1;1;1;1;1;1;1;1;2;1;2;3;2;2;2;3;2;1;2;2;3;3;3;2;3;2;3;2;1;2;1;1;2;1;3;4;3;4;3;1;1;1;1;2;2;2;2;3;3;3;1;1;2;1;1;1;1;1;1;1;3;1;2;2;2;2;1;1;1;1;1;1;1;1;2;3;2;2;1;2;2;1;1;2;1;3;3;2;2;1;1;1;1;1;3;2;2;1;2;3;3;2;1;2;2;2;2;3;1;2;2;3;3;2;2;3;1;1;2;2;2;1;1;2;1;1;2;2;1;2;3;2;1;2;1;3;1;1;2;1;1;1;1;1;1;1;1;2;2;2;3;2;2;1;1;2;3;3;1;2;2;1;1;1;1;1;1;2;2;3;3;3;3;3;1;1;1;3;2;3;1;2;3;2;1;2;1;1;2;2;2;2;2;2;3;2;1;2;1;2;3;1;2;2;3;2;2;1;1;3;3;1;1;1;2;2;1;2;2;2;2;2;3;1;2;2;1;2;1;2;2;1;2;2;3;2;2;2;2;2;2;2;2;2;2;1;1;1;1;1;1;1;1;2;2;1;1;2;1;2;1;1;1;1;1;1;1;1;2;2;3;3;2;2;1;2;2;2;1;1;1;1;1;1;1;1;1;1;2;1;1;2;1;2;2;1;2;1;2;1;1;2;1;1;1;1;1;1;2;1;3;1;3;2;2;3;3;3;3;2;2;2;2;2;1;1;1;2;1;2;1;1;4;1;1;1;1;1;2;2;1;2;1;1;1;2;1;2;1;2;2;2;1;2;2;2;2;2;1;1;2;3;2;3;3;3;1;1;2;1;1;1;1;1;1;1;2;1;2;2;2;2;2;1;1;1;2;2;1;2;1;1;1;1;3;4;3;4;3;2;3;1;2;2;3;3;2;2;2;2;3;1;1;2;2;1;2;2;2;2;1;2;2;1;1;1;3;3;1;1;;26;Portugal;Portugal;Toda a vida;Sim;Norte;Lordelo do Ouro e Massarelos (PORTO);Urbano;Branca;;;;;;;Cisgénero (identifica-se com o sexo atribuído à nascença);Masculino;Ensino Secundário concluído (10º, 11º, 12º ano);Empregado/a;Médio-baixo;1 201 - 1 500 €;Casado/a ou em União de Facto;2;Não;Mais ou menos importante;Não, nunca tive;0;Não;;;;;;;Sim;Tenho seguro de saúde que cobre despesas relacionadas com saúde mental;Não;Bastantes vezes;;;;;;;;;;;;Estigmatização (raça, género, idade, orientação sexual, condição social ou outra característica pessoal);;;5 ou mais pessoas;Uso semanal (pelo menos 1 vez por semana);Ocasionalmente (1 - 10 vezes em todo o ano);Uso mensal (pelo menos 1 vez por mês);Nunca;Nunca;Nunca;Nunca;Nunca;Uso semanal (pelo menos 1 vez por semana);Ocasionalmente (menos de 1 vez por mês);Uso semanal (pelo menos 1 vez por semana);Nunca;Só para experimentar (1-3 vezes na vida)
1;2;1;1;2;1;1;1;1;1;1;1;1;2;1;2;1;3;1;2;1;2;2;2;1;3;3;3;4;2;2;1;2;1;1;1;2;1;1;1;3;4;2;2;1;2;1;1;2;3;1;2;2;1;2;2;1;1;1;2;1;1;1;3;1;3;3;1;1;1;1;2;1;1;2;2;1;1;1;1;1;1;1;1;1;1;1;3;1;1;1;1;3;1;2;1;1;1;2;1;1;2;3;2;2;3;2;3;2;2;3;2;2;3;1;2;2;2;1;1;1;1;1;1;2;2;1;1;1;2;2;2;3;1;2;2;2;1;2;2;3;1;1;2;2;1;1;1;1;1;1;1;1;2;1;2;1;1;4;1;1;3;1;1;1;4;4;2;1;1;1;1;1;1;1;1;1;3;1;4;1;1;1;3;2;2;2;3;2;3;2;1;1;2;1;3;3;3;2;1;3;3;2;2;2;4;1;2;1;2;2;1;3;2;2;3;4;1;1;1;2;1;1;2;1;4;3;3;4;2;2;2;2;1;1;1;1;1;1;1;1;2;1;1;1;2;2;2;3;2;2;1;1;1;1;1;1;1;2;1;1;1;1;2;3;3;1;1;1;1;1;1;1;1;1;3;4;3;3;1;1;1;2;1;1;1;1;1;1;1;1;2;3;2;1;1;1;1;1;1;1;2;1;2;2;1;3;3;2;1;1;2;1;4;4;1;2;2;2;3;2;3;4;4;3;3;3;1;1;1;1;1;1;1;1;2;2;2;1;2;1;1;1;1;2;1;3;3;1;1;1;2;1;2;1;1;2;3;1;3;2;1;3;1;1;4;4;2;2;3;2;3;2;2;1;1;3;2;1;2;2;4;2;2;2;2;2;2;3;1;1;1;1;2;2;2;1;1;3;1;3;3;3;3;3;4;4;3;2;4;1;1;1;1;1;1;1;1;1;1;1;1;1;1;1;1;1;1;1;1;1;1;1;1;1;1;;51;Portugal;Portugal;Toda a vida;Sim;Norte;Sobreira (PAREDES);Rural;Branca;;;;;;;Cisgénero (identifica-se com o sexo atribuído à nascença);Feminino;Ensino Secundário concluído (10º, 11º, 12º ano);Empregado/a;Médio-baixo;Não sei/Prefiro não responder;Casado/a ou em União de Facto;3;Sim, tenho 1 filho/a;Muito Importante;Não, nunca tive;0;Não;;;;;;;Sim;Não tenho seguro de saúde;Não;Por vezes;;;Insegurança laboral (salários em atraso, contratos precários ou temporários, sem proteção social em caso de despedimento, ou outros);;;;;;Luto;;;;;;2-4 pessoas;Nunca;Nunca;Nunca;Nunca;Nunca;Nunca;Nunca;Nunca;Uso semanal (pelo menos 1 vez por semana);Nunca;Nunca;Nunca;Nunca
1;1;1;1;3;1;1;1;1;1;1;1;1;1;1;1;1;1;2;1;1;1;1;2;2;2;3;2;1;1;4;2;3;2;2;1;2;3;2;4;2;2;2;3;3;2;2;2;1;2;2;2;4;4;1;2;1;1;2;1;1;1;1;2;1;1;2;1;3;3;1;3;1;1;1;1;1;4;1;1;1;1;1;2;1;1;1;1;1;1;1;1;2;1;2;1;1;3;2;1;1;1;1;1;4;4;4;2;2;2;2;2;2;2;1;3;2;2;1;2;2;2;2;3;1;1;1;2;3;4;4;4;4;4;2;4;4;4;4;2;1;3;2;1;1;1;1;2;2;2;1;1;1;1;1;1;2;1;1;1;1;2;2;1;1;1;1;2;1;1;1;1;1;1;1;1;1;1;1;2;1;1;1;4;1;1;2;4;2;3;1;1;1;2;4;2;2;2;2;1;1;1;2;3;2;2;2;3;1;1;1;1;1;1;1;1;1;1;2;2;1;1;1;1;1;2;3;2;2;1;1;2;1;2;3;1;1;1;2;2;1;3;3;2;4;1;4;4;4;4;4;1;1;1;1;1;1;1;1;2;1;1;1;2;2;4;3;1;1;1;1;1;1;4;3;3;3;3;1;1;1;1;4;2;2;1;1;1;1;1;2;1;1;1;1;1;1;1;1;1;1;1;4;2;1;2;2;4;4;1;2;4;1;1;1;1;1;3;3;2;3;2;2;2;1;1;1;3;2;2;2;1;1;1;1;1;1;1;1;1;1;1;1;1;1;1;1;1;1;1;1;1;1;2;1;1;1;1;1;1;1;1;2;1;1;1;2;1;1;1;1;1;2;3;2;1;2;1;1;1;2;2;1;2;1;2;1;1;1;1;1;1;1;2;4;1;4;1;1;1;2;3;2;3;3;1;1;1;2;2;2;3;1;1;2;1;3;1;3;1;2;1;2;1;1;1;2;3;1;1;1;1;1;1;1;1;;18;Portugal;Portugal;Toda a vida;Sim;Norte;Urgezes (GUIMARÃES);Urbano;Branca;;;;;;;Cisgénero (identifica-se com o sexo atribuído à nascença);Feminino;Ensino Secundário concluído (10º, 11º, 12º ano);Estudante;Prefiro não responder;Não sei/prefiro não responder;Solteiro/a;4;Não;Nada Importante;Não, nunca tive;0;Não;;;;;;;Não procurei ajuda, apesar de ter precisado;Não tenho a certeza;Prefiro não responder;Bastantes vezes;;;;;;;;;;;;;;Não experienciei nenhuma destas situações;2-4 pessoas;Nunca;Nunca;Uso mensal (pelo menos 1 vez por mês);Nunca;Nunca;Nunca;Nunca;Nunca;Uso mensal (em média 1 vez por mês);Nunca;Nunca;Nunca;Nunca
1;1;2;1;1;2;1;1;1;1;1;1;1;1;2;2;1;1;1;2;2;1;1;2;1;4;4;1;1;4;2;2;4;2;1;1;2;1;1;1;1;2;2;4;2;1;1;1;1;1;1;1;1;3;3;2;1;1;2;1;1;1;1;1;1;2;1;2;2;1;1;2;1;1;1;1;1;1;1;1;2;3;2;2;1;1;1;1;2;1;2;1;3;2;2;4;1;1;1;1;1;1;2;1;2;2;1;1;2;2;2;1;1;1;1;2;1;2;2;1;4;2;2;1;1;2;1;1;3;1;1;2;2;1;2;2;1;1;2;1;3;2;1;1;1;1;1;1;2;1;1;1;2;1;1;1;1;1;1;2;1;1;1;1;4;1;2;2;1;1;1;1;1;1;2;2;2;1;1;1;1;1;1;1;4;2;1;1;2;1;1;4;1;1;2;2;2;1;1;2;2;1;1;1;1;1;2;2;1;1;4;2;1;1;1;1;1;1;2;2;2;2;1;1;1;1;1;2;2;4;3;2;3;3;1;4;1;1;1;1;1;2;2;2;3;1;1;2;1;1;2;1;1;1;1;1;1;1;1;1;1;1;1;1;1;2;1;1;1;1;1;1;1;1;2;1;1;2;4;4;4;4;3;2;2;2;1;1;1;1;1;1;1;1;1;1;1;2;1;1;2;1;2;2;2;1;3;1;1;1;1;1;1;1;1;1;1;1;2;1;1;1;2;2;2;2;2;2;1;2;1;1;2;1;1;1;1;1;1;1;1;1;1;1;3;4;2;2;1;1;1;2;1;3;1;2;1;3;1;1;4;4;1;1;1;1;1;2;2;1;1;2;1;1;1;2;1;1;1;1;1;1;1;1;1;2;1;1;4;1;1;1;4;1;1;1;2;2;4;2;4;2;2;2;2;1;2;1;1;2;1;1;1;1;1;1;1;1;1;1;1;1;1;1;1;1;1;1;1;1;1;1;1;1;1;1;;20;Portugal;Portugal;Toda a vida;Sim;Norte;O. Azeméis, Riba-Ul, Ul, Macinhata Seixa, Madail (OLIVEIRA DE AZEMÉIS);Urbano;Branca;Negra;;;;;;Cisgénero (identifica-se com o sexo atribuído à nascença);Masculino;Ensino Secundário concluído (10º, 11º, 12º ano);Estudante;Médio;1 501 - 1 800 €;Outro/Prefiro não responder;3;Não;Mais ou menos Importante;Não, nunca tive;0;Não;;;;;;;Sim;Não tenho a certeza;Não;Não, nunca ou raramente.;;;;;;;;;;;;;;Não experienciei nenhuma destas situações;2-4 pessoas;Nunca;Nunca;Nunca;Nunca;Nunca;Nunca;Nunca;Nunca;Só para experimentar (1-3 vezes na vida);Só para experimentar (1-3 vezes na vida);Só para experimentar (1-3 vezes na vida);Nunca;Só para experimentar (1-3 vezes na vida)
1;2;1;1;1;1;1;1;1;1;1;1;1;2;1;3;2;2;3;2;2;2;2;2;2;1;3;2;2;2;3;1;2;2;2;3;2;2;3;2;2;2;2;2;2;3;1;1;3;2;2;3;2;4;3;4;1;1;1;2;1;1;1;3;1;3;1;2;3;2;1;3;1;1;2;2;1;1;1;1;2;2;2;3;1;1;1;3;4;4;3;2;4;3;4;1;1;2;1;2;2;4;4;3;1;2;2;3;3;3;3;3;3;4;3;3;3;2;1;2;2;2;2;2;2;2;2;2;2;2;4;2;2;2;2;2;2;2;2;2;2;4;2;1;2;2;2;2;2;1;1;1;1;2;2;2;1;2;3;1;3;3;2;2;1;3;3;2;1;2;1;1;1;3;3;2;2;2;2;2;1;1;1;3;3;2;1;2;3;1;2;3;2;2;1;2;3;2;2;2;2;2;1;2;1;2;3;2;2;1;1;2;2;2;2;3;3;1;2;2;2;1;1;1;1;2;1;1;2;1;2;2;1;3;2;3;3;2;2;1;1;3;4;3;4;4;2;2;2;1;3;1;1;1;1;3;1;1;2;1;2;2;2;2;1;3;1;1;1;3;1;1;2;2;3;2;3;2;2;2;3;2;2;1;1;1;1;1;1;1;1;1;1;1;1;1;1;2;1;2;2;1;4;4;2;1;3;4;4;3;2;3;1;2;2;2;2;2;2;2;2;2;2;3;2;2;2;1;2;2;2;1;1;1;1;1;1;3;3;1;1;1;1;1;2;3;2;2;1;1;2;2;1;2;1;1;2;3;2;3;3;4;4;4;2;1;3;2;2;2;2;1;3;1;2;1;3;1;3;1;2;3;2;2;1;1;2;2;3;1;1;1;1;2;2;2;2;1;1;4;2;3;4;2;2;1;2;2;1;1;2;1;1;1;1;1;1;1;1;1;1;1;1;1;1;1;1;1;1;1;1;1;1;1;1;1;;20;Portugal;Portugal;Toda a vida;Sim;Norte;Maia (RIBEIRA GRANDE);Urbano;Branca;;;;;;;Cisgénero (identifica-se com o sexo atribuído à nascença);Masculino;Ensino Secundário concluído (10º, 11º, 12º ano);Estudante;Médio;2 801 - 4 000 €;Solteiro/a;3;Não;Nada Importante;Não, nunca tive;0;Não;;;;;;;Sim;Não tenho a certeza;Não;Prefiro não responder;;;;;;;;;Luto;;;;;;5 ou mais pessoas;Ocasionalmente (1 - 10 vezes em todo o ano);Nunca;Nunca;Nunca;Nunca;Nunca;Nunca;Nunca;Ocasionalmente (menos de 1 vez por mês);Nunca;Só para experimentar (1-3 vezes na vida);Nunca;Nunca
2;1;1;1;3;1;1;1;1;1;1;1;1;1;1;1;2;3;3;2;2;2;3;2;3;2;2;2;2;2;3;3;4;3;1;1;2;1;1;2;1;2;2;2;1;2;1;1;1;1;1;1;2;3;2;2;1;1;1;2;1;1;1;2;1;2;1;1;2;3;1;3;1;3;3;2;2;2;1;1;2;2;2;2;2;2;1;2;1;1;1;2;1;1;1;1;1;1;1;1;2;1;1;2;2;3;2;2;1;2;3;1;2;2;1;2;1;2;1;2;2;2;2;1;2;2;2;1;3;1;3;4;2;1;1;2;2;1;2;2;2;2;2;2;2;1;3;1;1;2;1;1;1;2;2;2;3;2;3;1;1;3;1;1;1;2;2;1;1;1;1;1;1;1;1;1;1;3;2;4;1;1;1;4;1;3;3;3;2;3;2;2;1;3;1;3;3;4;3;3;4;4;2;2;1;2;3;2;1;1;2;2;2;2;1;2;2;2;1;1;1;2;1;3;2;4;3;2;4;2;2;2;2;2;4;3;3;1;1;1;1;1;1;1;3;1;1;2;3;2;3;1;1;1;1;1;1;2;3;1;2;1;1;1;1;3;3;2;1;1;1;1;1;3;2;2;4;3;1;2;1;1;3;2;1;2;1;1;1;1;1;1;1;1;1;1;1;1;1;1;1;1;1;1;2;3;2;2;1;2;2;2;1;1;1;1;2;2;2;2;1;2;2;3;2;2;2;3;2;2;2;1;1;1;1;2;2;2;2;2;1;1;1;1;2;3;2;3;1;2;1;2;1;1;1;2;1;1;1;2;3;2;2;2;2;1;2;3;2;2;2;3;2;1;1;1;1;1;1;1;1;1;1;1;1;1;1;1;2;1;1;1;2;1;1;1;1;1;1;1;3;3;4;3;3;1;2;1;2;1;1;1;1;1;1;1;1;1;1;1;2;1;1;1;1;1;2;1;1;1;1;1;1;2;1;1;;21;Portugal;Portugal;Toda a vida;Sim;Norte;Santa Maria da Feira, Travanca, Sanfins e Espargo (SANTA MARIA DA FEIRA);Semiurbano;Branca;;;;;;;Cisgénero (identifica-se com o sexo atribuído à nascença);Feminino;Ensino Superior concluído (Licenciatura/bacharelato, mestrado, doutoramento);Estudante;Médio;Até 1 050€;Solteiro/a;3;Não;Nada Importante;Não, nunca tive;0;Não;;;;;;;Sim;Não tenho a certeza;Não;Frequentemente ou Sempre;Dificuldades económicas recorrentes para pagar despesas essenciais (contas de luz, água, aquecimento, alimentação, etc);;;;;;Conflitos familiares ou relacionais persistentes;;Luto;;;;;;5 ou mais pessoas;Uso mensal (pelo menos 1 vez por mês);Nunca;Nunca;Nunca;Nunca;Nunca;Nunca;Nunca;Ocasionalmente (menos de 1 vez por mês);Nunca;Nunca;Nunca;Nunca
2;1;2;1;1;1;1;1;1;1;1;1;1;1;1;1;1;2;1;1;1;1;1;1;1;1;1;1;1;1;2;1;2;1;1;3;1;2;1;2;1;2;2;2;1;1;1;1;1;1;1;1;1;1;1;2;1;1;1;1;1;1;1;1;1;1;2;1;3;2;1;3;1;1;1;1;1;1;1;1;1;1;1;1;1;2;2;3;1;1;1;1;2;1;1;1;1;1;1;1;1;1;1;1;1;1;2;1;1;1;1;1;1;2;1;1;1;2;2;3;3;1;2;1;1;1;1;1;1;2;1;1;1;1;2;1;2;1;1;1;2;3;2;1;1;1;1;1;1;1;1;1;1;1;1;1;1;1;1;1;1;2;1;1;1;2;1;1;1;1;1;1;1;1;1;1;1;3;3;3;1;1;1;3;4;3;1;2;2;2;1;1;1;2;1;1;2;2;1;2;2;2;1;1;1;2;1;1;1;1;1;2;1;1;1;1;2;1;1;1;1;3;1;1;1;1;2;1;2;2;3;2;1;2;1;2;1;1;2;1;1;2;1;1;2;1;1;2;1;3;1;1;1;1;1;1;1;1;2;1;1;2;1;1;1;1;1;1;1;1;1;1;1;1;1;1;2;2;1;1;1;1;2;2;2;1;1;1;1;1;1;1;1;2;1;1;1;1;1;1;1;1;1;1;1;1;2;2;2;2;2;2;2;1;1;1;2;1;3;1;1;2;2;2;1;2;3;1;1;1;1;1;1;1;1;1;1;1;1;1;1;1;1;1;1;1;1;1;1;1;1;1;1;1;1;1;1;2;1;2;1;1;1;1;1;1;1;2;1;3;1;1;2;1;2;2;2;1;1;2;2;2;1;1;1;1;1;1;1;1;1;1;1;1;2;1;1;1;1;1;4;3;3;4;3;2;2;1;2;4;1;1;1;1;1;1;1;1;1;1;1;1;1;1;1;1;1;1;1;1;1;1;1;2;1;1;;57;Portugal;Portugal;A maior parte da minha vida;Sim;Norte;Carrazeda de Ansiães (CARRAZEDA DE ANSIÃES);Semiurbano;Branca;;;;;;;Cisgénero (identifica-se com o sexo atribuído à nascença);Feminino;Ensino Superior concluído (Licenciatura/bacharelato, mestrado, doutoramento);Empregado/a;Médio-alto;Não sei/prefiro não responder;Casado/a ou em União de Facto;2;Sim, tenho 2 filhos/as;Muito Importante;Não, nunca tive;0;Não;;;;;;;Não procurei ajuda porque não precisei;Tenho seguro de saúde que cobre despesas relacionadas com saúde mental;Não;Não, nunca ou raramente.;;;;;;;;;Luto;;;;;;2-4 pessoas;Nunca;Nunca;Uso diário ou quase diário;Nunca;Nunca;Nunca;Nunca;Nunca;Nunca;Nunca;Uso quase diário ou diário;Nunca;Nunca
1;1;1;1;1;1;1;1;1;2;1;1;1;2;1;2;1;2;1;2;1;1;1;2;1;2;2;2;3;1;3;2;2;1;2;2;2;1;2;1;2;2;2;3;2;2;1;1;2;2;1;2;2;3;3;2;1;1;1;1;1;1;1;1;1;1;1;2;1;2;1;2;2;3;1;2;1;1;1;1;2;2;2;1;1;2;1;2;3;2;1;1;2;1;2;1;1;1;1;1;3;1;1;2;1;2;2;2;2;1;2;1;2;2;1;2;2;2;1;2;1;1;2;1;1;1;1;1;1;1;1;2;2;1;1;1;1;2;1;2;1;3;1;1;2;1;1;1;2;1;1;1;1;2;2;1;1;2;2;1;1;2;1;1;4;4;4;2;1;1;1;1;1;1;1;1;1;2;1;1;1;1;1;3;2;2;2;2;2;4;3;2;1;1;1;2;2;2;1;2;2;2;1;1;2;2;2;2;1;1;1;1;2;2;2;2;3;2;1;1;2;1;1;1;1;2;2;2;2;1;2;2;1;2;1;1;1;1;2;1;1;2;2;2;2;2;2;2;2;1;2;1;1;1;1;1;1;1;1;2;2;1;1;2;1;1;1;1;1;1;1;1;1;1;1;2;1;2;1;1;1;1;1;1;2;1;1;1;1;1;1;1;1;1;1;1;1;1;1;1;1;1;2;2;2;1;1;2;2;1;2;2;2;1;1;1;2;2;2;3;1;2;2;2;2;2;2;2;2;1;1;1;1;1;1;2;1;2;2;3;1;1;1;1;1;2;1;1;2;3;2;2;1;2;1;1;1;1;1;2;2;1;1;2;1;2;2;2;2;1;2;2;1;2;2;2;2;1;2;2;1;1;1;1;1;2;2;2;2;1;1;1;2;2;2;1;2;1;1;1;3;3;2;3;2;1;1;1;2;1;1;1;1;1;1;1;1;1;1;1;1;1;1;1;1;1;1;1;1;1;1;1;1;1;1;1;;20;Portugal;Portugal;Toda a vida;Sim;Norte;Espinho (ESPINHO);Urbano;Branca;;;;;;;Cisgénero (identifica-se com o sexo atribuído à nascença);Feminino;Ensino Superior concluído (Licenciatura/bacharelato, mestrado, doutoramento);Estudante;Médio-alto;1 801 - 2800 €;Solteiro/a;5;Não;Mais ou menos Importante;Não, nunca tive;0;Não;;;;;;;Não procurei ajuda porque não precisei;Não tenho a certeza;Não;Não, nunca ou raramente.;;;;;;;Conflitos familiares ou relacionais persistentes;;Luto;;;;;;2-4 pessoas;Uso mensal (pelo menos 1 vez por mês);Nunca;Nunca;Nunca;Nunca;Nunca;Nunca;Nunca;Ocasionalmente (menos de 1 vez por mês);Nunca;Nunca;Nunca;Nunca
2;3;2;2;3;1;1;1;1;1;1;1;1;2;1;2;2;2;2;2;2;2;2;2;3;3;3;3;3;3;2;2;3;2;1;2;2;2;1;2;3;3;3;3;3;1;1;1;1;3;1;2;3;3;3;3;2;1;2;2;2;2;1;3;2;2;2;2;4;2;3;4;3;2;2;2;1;3;1;1;2;1;2;2;1;1;1;3;1;2;2;2;4;1;2;2;2;2;2;2;3;2;2;2;3;3;3;3;2;3;3;3;2;3;2;2;2;2;4;2;2;1;1;1;3;2;1;2;2;2;2;2;2;2;2;2;2;2;2;2;1;2;1;1;1;1;1;1;2;2;1;1;2;1;1;1;1;1;2;2;2;3;3;1;1;2;2;2;1;1;1;1;1;1;1;1;1;1;2;2;1;1;1;2;2;1;3;3;3;2;2;1;1;1;1;2;3;2;2;3;2;2;2;2;2;2;2;2;2;2;2;2;2;2;2;2;2;2;1;1;1;1;1;2;1;2;2;2;2;2;3;3;2;2;2;2;2;1;2;2;2;2;2;2;2;2;2;2;2;2;2;1;2;2;1;2;1;1;2;1;1;1;1;2;2;2;2;2;1;1;1;1;1;2;2;2;3;3;2;2;2;2;1;1;1;1;1;1;1;1;2;2;2;2;2;1;1;2;3;2;2;1;2;2;2;2;2;3;3;2;2;3;1;2;2;2;2;2;2;2;2;2;3;2;2;2;1;2;1;2;3;1;1;2;2;2;1;2;1;2;1;1;1;1;3;3;2;2;2;3;2;2;1;2;1;1;1;2;2;2;2;2;3;2;2;1;3;2;2;3;2;3;4;1;2;1;1;2;1;3;1;1;2;2;2;3;2;2;3;1;2;1;3;3;2;2;3;1;1;2;2;3;2;2;2;2;2;2;3;2;2;2;2;1;2;2;2;2;1;1;1;1;1;1;2;1;1;1;1;1;1;2;1;1;1;1;;21;Portugal;Portugal;Toda a vida;Sim;Norte;Esmoriz (OVAR);Semiurbano;Branca;;;;;;;Cisgénero (identifica-se com o sexo atribuído à nascença);Feminino;Ensino Secundário concluído (10º, 11º, 12º ano);Estudante;Médio;4001 - 6000 €;Solteiro/a;4;Não;Muito Importante;Não, nunca tive;0;Não;;;;;;;Não procurei ajuda, apesar de ter precisado;Não tenho seguro de saúde;Sim, 1-5 dias;Frequentemente ou Sempre;;;;Insegurança física (nos trajetos do dia-a-dia e locais que costuma frequentar);;;Conflitos familiares ou relacionais persistentes;;;;;;;;5 ou mais pessoas;Nunca;Ocasionalmente (1 - 10 vezes em todo o ano);Uso semanal (pelo menos 1 vez por semana);Nunca;Nunca;Nunca;Nunca;Nunca;Uso mensal (em média 1 vez por mês);Ocasionalmente (menos de 1 vez por mês);Uso semanal (pelo menos 1 vez por semana);Nunca;Nunca
1;1;2;2;1;1;1;1;1;1;1;1;1;1;2;1;2;3;1;2;2;1;2;1;2;1;1;2;1;3;4;1;2;1;2;2;2;2;2;2;3;3;2;3;2;2;1;1;1;1;1;1;1;3;3;3;1;1;1;1;1;1;1;1;1;1;2;1;2;2;1;3;1;1;1;1;1;3;1;1;1;1;1;1;1;2;2;2;4;2;1;3;4;1;4;1;1;1;1;3;1;1;2;2;2;3;3;3;2;2;2;4;2;2;1;2;2;2;3;2;1;3;2;2;2;1;1;2;1;2;1;2;2;2;2;3;3;2;2;2;1;1;2;1;1;1;1;1;2;1;1;1;1;2;1;2;1;1;2;1;1;3;1;1;1;2;2;1;1;1;1;1;1;1;1;1;1;2;2;2;1;1;1;3;2;2;3;3;3;3;1;1;2;1;1;1;2;3;3;3;2;2;1;2;2;3;3;2;1;2;2;1;1;2;1;1;1;1;1;1;1;1;1;2;1;4;2;3;3;3;4;2;3;2;2;2;3;1;2;2;2;1;3;2;3;2;1;2;2;1;1;1;1;1;1;1;1;1;4;1;2;1;1;1;1;2;1;1;1;1;1;1;1;1;1;2;3;2;1;3;1;2;1;1;1;1;1;1;1;1;1;1;1;1;3;1;1;1;1;2;1;1;1;1;1;1;1;3;3;2;1;1;1;2;1;1;3;2;3;2;2;2;3;2;1;2;2;2;1;2;2;1;1;1;2;1;1;1;3;1;1;1;1;1;1;2;2;2;1;1;1;2;1;2;1;1;2;2;3;2;2;2;3;2;1;3;3;3;2;2;3;2;1;2;2;1;1;1;1;1;1;2;1;1;2;2;3;2;1;1;1;1;2;3;1;1;1;1;1;1;3;2;2;2;2;2;3;2;2;4;1;1;1;1;1;1;1;1;1;1;1;1;1;1;1;1;1;1;1;1;1;1;1;1;1;1;;26;Portugal;Portugal;Toda a vida;Sim;Norte;Seixezelo (VILA NOVA DE GAIA);Semiurbano;Branca;;;;;;;Cisgénero (identifica-se com o sexo atribuído à nascença);Masculino;Ensino Superior concluído (Licenciatura/bacharelato, mestrado, doutoramento);Empregado/a;Médio-baixo;Não sei/prefiro não responder;Solteiro/a;4;Não;Muito Importante;Não, nunca tive;0;Não;;;;;;;Sim;Não tenho a certeza;Não;Não, nunca ou raramente.;;;;;;;;;;;;;;Não experienciei nenhuma destas situações;2-4 pessoas;Nunca;Nunca;Nunca;Nunca;Nunca;Nunca;Nunca;Nunca;Nunca;Nunca;Nunca;Nunca;Nunca
1;1;1;1;2;1;1;1;1;1;1;1;1;1;1;1;2;1;1;1;1;1;1;1;1;1;3;1;1;1;1;1;1;1;1;1;1;1;1;1;1;2;1;4;1;4;1;1;1;1;1;1;1;2;2;1;1;1;1;1;1;1;1;1;1;1;1;1;1;2;1;2;2;1;1;1;1;1;1;1;1;1;1;1;1;1;1;1;1;1;1;2;1;1;1;1;1;1;1;1;1;1;1;1;1;2;2;1;1;1;1;1;1;2;1;1;1;1;1;1;1;1;1;1;1;1;1;1;1;1;1;2;1;1;1;2;2;2;1;1;1;1;1;1;1;2;1;1;1;1;1;1;1;1;1;1;1;1;1;1;2;1;1;1;1;1;2;1;1;1;1;1;1;1;1;2;1;1;1;1;1;1;1;1;1;1;1;2;1;1;1;1;1;1;1;1;1;1;1;1;1;1;1;1;1;1;1;1;2;2;2;2;1;1;1;1;1;1;1;1;1;1;1;1;1;1;1;1;1;1;1;1;1;2;1;1;1;1;1;1;1;1;1;1;1;1;1;1;1;1;1;1;1;1;1;1;1;1;1;1;1;1;2;1;1;1;1;1;1;2;1;1;1;1;1;1;3;1;1;1;1;1;1;1;1;1;1;1;1;1;1;1;1;1;1;1;1;1;1;1;1;1;1;1;1;1;2;1;1;1;1;1;1;2;1;1;1;1;1;1;1;2;1;1;1;1;1;1;1;1;1;1;1;1;1;1;1;1;1;1;1;1;1;1;1;1;1;1;1;1;1;1;1;1;1;1;1;1;1;1;1;1;1;1;1;1;1;1;1;2;1;1;1;2;1;1;1;1;1;1;1;1;1;1;1;1;1;1;1;1;1;1;1;2;2;1;1;1;1;1;3;3;2;1;2;2;2;1;3;3;1;1;1;1;1;1;1;1;1;1;1;1;2;1;1;1;1;1;1;1;1;1;1;2;1;0;1;29;Portugal;Portugal;Toda a vida;Sim;Norte;Paredes (PAREDES);Urbano;Branca;;;;;;;Cisgénero (identifica-se com o sexo atribuído à nascença);Masculino;Ensino Secundário concluído (10º, 11º, 12º ano);Incapacidade prolongada/Fundo de saúde;Médio-alto;Não sei/prefiro não responder;Solteiro/a;2;Não;Pouco Importante;Não, nunca tive;0;Não;;;;;;;Sim;Tenho seguro de saúde que cobre despesas relacionadas com saúde mental;Não;Não, nunca ou raramente.;;;;;;;;;;;;;;Não experienciei nenhuma destas situações;2-4 pessoas;Ocasionalmente (1 - 10 vezes em todo o ano);Nunca;Uso mensal (pelo menos 1 vez por mês);Nunca;Nunca;Nunca;Nunca;Nunca;Ocasionalmente (menos de 1 vez por mês);Nunca;Uso mensal (em média 1 vez por mês);Nunca;Nunca
1;1;1;1;1;1;2;1;1;1;1;1;1;4;1;4;2;4;4;4;4;4;3;4;4;4;4;4;4;3;3;4;4;4;3;3;2;3;3;2;3;3;2;3;2;3;1;1;1;2;1;4;4;3;3;2;1;1;1;2;1;1;1;1;1;2;1;1;3;3;3;3;4;1;1;1;2;3;1;2;4;4;2;4;3;2;2;3;2;2;1;1;3;1;4;1;1;3;2;1;2;4;3;2;2;3;4;4;4;4;4;3;4;4;4;2;4;1;1;3;1;2;1;2;3;4;3;2;1;3;1;2;4;4;1;4;4;4;4;4;1;2;2;1;4;1;3;2;2;1;1;1;1;1;2;2;1;1;3;1;4;4;4;4;1;3;3;1;1;1;1;1;1;2;2;2;2;1;2;1;1;1;1;1;1;1;3;2;4;3;2;4;3;2;3;3;2;2;2;1;3;1;3;4;4;4;3;4;4;4;2;4;1;1;1;2;2;1;1;1;1;1;1;1;1;3;4;2;3;1;4;4;3;2;4;4;4;1;2;1;1;1;2;4;3;2;2;2;3;2;3;3;1;2;1;1;1;1;3;2;1;1;1;4;2;4;4;3;1;1;1;1;4;3;4;4;4;4;1;1;1;1;2;2;1;1;1;1;1;1;2;3;1;2;1;1;1;3;2;1;1;3;1;1;1;1;1;4;2;3;1;1;4;4;3;4;3;1;3;3;2;2;4;2;3;2;2;3;1;1;1;1;1;1;1;2;4;2;1;1;1;1;1;1;4;3;4;4;1;2;1;4;2;4;1;2;4;3;3;4;2;4;4;2;4;2;4;2;3;1;2;1;4;1;2;1;4;1;1;1;3;3;2;3;2;1;2;2;4;1;2;1;1;1;2;2;1;1;1;1;2;2;2;2;3;1;4;1;2;1;1;2;1;1;2;1;1;1;1;1;1;1;1;1;2;1;1;1;1;1;1;1;1;1;1;1;;23;Portugal;Portugal;Toda a vida;Sim;Norte;Leça da Palmeira (MATOSINHOS);Semiurbano;Branca;;;Cigana;;;;Cisgénero (identifica-se com o sexo atribuído à nascença);Masculino;Ensino pós-secundário não superior (cursos técnico-profissionais, cursos de especialização, formação técnica);Empregado/a;Médio-baixo;Até 1 050€;Solteiro/a;2;Não;Mais ou menos Importante;Não, nunca tive;0;Não;;;;;;;Não, apesar de ter tentado;Não tenho seguro de saúde;Sim, 1-5 dias;Frequentemente ou Sempre;;;Insegurança laboral (salários em atraso, contratos precários ou temporários, sem proteção social em caso de despedimento, ou outros);Insegurança física (nos trajetos do dia-a-dia e locais que costuma frequentar);Desemprego;;;;;;;;;;5 ou mais pessoas;Ocasionalmente (1 - 10 vezes em todo o ano);Nunca;Nunca;Nunca;Nunca;Nunca;Nunca;Nunca;Ocasionalmente (menos de 1 vez por mês);Nunca;Só para experimentar (1-3 vezes na vida);Nunca;Nunca
1;1;1;1;1;1;1;1;1;1;1;1;1;3;1;3;1;1;1;3;1;1;1;1;1;1;1;1;1;1;1;2;3;2;1;1;1;1;1;1;1;1;1;1;1;1;1;1;1;1;1;1;1;1;2;2;1;1;1;1;1;1;1;1;1;1;1;1;3;3;1;4;1;1;1;1;1;1;1;1;1;1;1;1;1;1;1;1;1;1;1;1;1;1;1;1;1;1;1;1;1;1;1;1;1;3;3;1;1;1;1;1;2;3;1;1;1;1;1;1;1;1;1;1;1;1;1;1;1;1;1;1;1;1;1;1;1;1;1;1;2;2;1;1;1;1;1;1;1;1;1;1;1;1;1;1;1;1;1;1;1;1;1;1;1;1;1;1;4;1;1;1;1;1;1;1;1;2;2;3;1;1;1;3;1;3;1;1;1;1;1;1;1;1;1;1;1;1;1;1;1;1;1;3;1;3;1;1;3;2;4;3;1;1;1;1;1;1;1;1;1;1;1;3;1;1;1;1;2;1;1;1;1;1;1;1;1;1;1;1;1;1;1;1;1;1;1;1;2;1;1;1;1;1;1;1;1;1;1;1;1;1;1;3;1;1;1;1;1;1;1;1;1;1;1;1;1;1;1;1;1;1;1;1;1;1;1;1;1;1;1;1;1;1;1;1;1;1;1;1;1;1;1;1;1;3;1;1;1;2;1;1;2;1;1;1;1;3;2;1;1;1;3;3;1;1;3;1;1;3;1;1;2;1;1;1;1;1;1;1;1;1;1;1;1;1;1;1;1;1;1;1;1;1;1;1;1;1;1;1;1;3;1;1;1;1;1;1;1;3;2;1;1;1;1;1;1;1;1;1;1;1;1;1;1;1;1;1;1;1;1;1;1;1;1;1;1;1;1;1;3;4;3;3;3;1;1;1;1;1;1;1;1;1;1;1;1;1;1;1;1;1;1;1;1;1;1;1;1;1;1;1;1;1;1;1;;50;Portugal;Portugal;Toda a vida;Sim;Norte;Rebordosa (PAREDES);Urbano;Branca;;;;;;;Cisgénero (identifica-se com o sexo atribuído à nascença);Feminino;3º Ciclo concluído (7º, 8º e 9º ano);Empregado/a;Médio;Até 1 050€;Casado/a ou em União de Facto;3;Sim, tenho 1 filho/a;Mais ou menos Importante;Não, nunca tive;0;Não;;;;;;;Não procurei ajuda porque não precisei;Não tenho seguro de saúde;Não;Não, nunca ou raramente.;;;;;;;;;;;;;;Não experienciei nenhuma destas situações;2-4 pessoas;Nunca;Nunca;Nunca;Nunca;Nunca;Nunca;Nunca;Nunca;Ocasionalmente (menos de 1 vez por mês);Nunca;Nunca;Nunca;Nunca
1;1;1;1;1;1;1;1;1;1;1;1;1;2;1;2;1;2;2;4;2;2;2;1;2;2;2;1;2;2;2;1;2;1;2;1;2;2;2;4;3;4;2;3;2;2;1;1;2;3;1;3;2;3;2;2;1;1;1;2;1;1;1;2;1;3;2;1;2;1;1;2;1;1;2;1;3;4;2;1;2;2;3;1;1;2;1;3;1;1;2;3;3;1;1;1;1;1;1;1;2;3;2;3;2;2;3;2;3;2;3;1;3;4;1;2;1;1;2;1;2;2;1;2;2;3;2;3;3;3;3;4;3;3;3;3;4;3;2;2;4;2;2;3;2;1;1;1;1;1;1;1;1;3;2;2;3;2;1;2;3;2;3;1;1;1;1;1;1;1;1;1;1;1;1;1;1;3;3;4;1;1;1;3;3;3;2;3;2;2;1;1;1;2;4;2;2;3;3;2;3;2;1;2;1;2;3;2;4;3;4;4;2;3;3;1;1;1;2;2;3;2;1;2;2;3;3;4;2;4;4;2;4;1;1;1;1;1;2;1;2;1;1;1;2;1;2;4;2;2;2;1;1;1;1;1;1;2;2;2;2;3;2;1;1;1;1;1;2;3;1;1;1;2;1;3;2;2;3;4;4;3;2;2;1;1;1;1;1;1;2;2;2;2;1;1;1;1;1;1;1;1;4;2;3;4;4;2;3;3;2;2;4;4;3;1;3;2;3;3;3;2;3;2;3;3;4;3;2;3;3;1;3;3;1;1;1;1;1;4;1;1;1;1;3;4;2;2;1;1;1;1;3;2;1;1;1;2;2;2;2;2;1;1;1;2;3;2;2;2;1;1;1;1;2;4;1;1;1;1;1;1;1;1;2;2;3;2;2;1;1;1;2;3;2;2;2;1;1;1;3;3;3;4;3;2;2;3;3;4;1;2;2;1;2;1;2;2;3;1;2;1;2;3;2;2;1;1;2;1;3;2;1;3;1;1;;51;Portugal;Portugal;Toda a vida;Sim;Centro;Pinheiro da Bemposta, Travanca e Palmaz (OLIVEIRA DE AZEMÉIS);Rural;Branca;;;;;;;Cisgénero (identifica-se com o sexo atribuído à nascença);Masculino;3º Ciclo concluído (7º, 8º e 9º ano);Empregado/a;Médio-baixo;1 051 - 1 201 €;Separado/a ou Divorciado/a;4;Sim, tenho 1 filho/a;Mais ou menos Importante;Não, nunca tive;0;Não;;;;;;;Não procurei ajuda porque não precisei;Tenho seguro de saúde que cobre despesas relacionadas com saúde mental;Não;Por vezes;Dificuldades económicas recorrentes para pagar despesas essenciais (contas de luz, água, aquecimento, alimentação, etc);;;;;;Conflitos familiares ou relacionais persistentes;;;;;;;;2-4 pessoas;Uso diário ou quase diário;Nunca;Uso diário ou quase diário, várias vezes por dia;Nunca;Nunca;Nunca;Nunca;Nunca;Uso quase diário ou diário;Só para experimentar (1-3 vezes na vida);Uso diário ou quase diário, várias vezes ao dia;Nunca;Só para experimentar (1-3 vezes na vida)
1;2;2;1;2;1;1;1;1;1;1;1;1;1;1;1;1;2;1;3;2;2;1;2;2;2;2;2;2;2;1;1;2;1;2;1;1;2;3;2;1;2;2;2;1;2;2;1;2;2;1;2;1;1;1;2;1;1;1;2;1;2;1;1;1;1;1;1;2;2;2;1;2;1;1;1;2;1;2;1;1;1;1;1;1;1;1;2;1;1;1;1;2;1;1;1;2;1;1;1;1;1;2;2;2;2;2;1;2;2;2;1;2;3;1;1;2;1;1;1;1;1;2;1;1;2;1;1;2;2;2;3;2;2;2;2;2;2;2;1;2;1;2;2;1;1;1;1;1;1;1;1;1;1;1;1;1;1;1;1;1;2;1;1;1;1;1;1;1;1;1;1;1;1;1;1;1;2;2;2;1;1;1;2;2;2;2;2;2;2;2;1;1;1;1;2;2;2;2;2;2;2;2;2;2;4;2;2;3;2;2;2;1;1;2;2;2;2;1;1;1;2;1;2;1;2;3;2;2;3;2;2;2;1;1;1;1;1;2;1;1;1;1;1;2;1;2;1;2;2;1;1;1;1;1;1;1;1;1;1;2;1;1;2;2;2;2;2;1;1;1;1;1;1;1;2;1;2;1;2;1;2;1;1;1;1;1;1;1;1;2;2;1;1;2;1;1;1;1;1;1;1;1;1;1;2;2;3;1;1;2;2;1;1;1;1;2;2;2;1;2;4;2;3;2;3;2;1;1;1;1;1;1;1;1;1;1;2;3;2;1;1;1;1;2;1;1;1;1;2;1;1;1;1;1;1;1;1;2;2;1;2;2;2;2;2;1;2;2;2;2;2;1;4;1;1;1;1;1;1;1;3;2;2;2;1;2;1;2;1;1;1;1;1;1;2;1;1;1;1;3;2;2;2;2;1;2;1;1;1;1;1;1;1;1;1;1;1;1;1;1;1;1;1;1;1;1;1;1;1;1;1;1;1;1;1;;49;Portugal;Portugal;Toda a vida;Sim;Centro;Pinheiro da Bemposta, Travanca e Palmaz (OLIVEIRA DE AZEMÉIS);Urbano;Branca;;;;;;;Cisgénero (identifica-se com o sexo atribuído à nascença);Feminino;3º Ciclo concluído (7º, 8º e 9º ano);Empregado/a;Médio-baixo;Até 1 050€;Separado/a ou Divorciado/a;1, sou só eu;Sim, tenho 2 filhos/as;Mais ou menos Importante;Não, nunca tive;0;Não;;;;;;;Sim, mas com algumas dificuldades;Não tenho seguro de saúde;Não;Não, nunca ou raramente.;;;;;;;;;;;;;;Não experienciei nenhuma destas situações;2-4 pessoas;Ocasionalmente (1 - 10 vezes em todo o ano);Nunca;Nunca;Nunca;Nunca;Nunca;Nunca;Nunca;Ocasionalmente (menos de 1 vez por mês);Nunca;Nunca;Nunca;Nunca
1;1;1;1;1;1;1;1;1;1;1;1;1;1;1;1;1;1;1;1;1;1;1;1;1;1;1;1;1;1;1;1;1;1;1;1;1;1;1;1;1;1;1;1;1;1;1;1;1;1;1;1;1;1;1;1;1;1;1;1;1;1;1;1;1;1;1;1;1;1;1;1;1;1;1;1;1;1;1;1;1;1;1;1;1;1;1;2;1;1;1;1;1;1;1;1;1;1;1;1;1;1;1;1;1;1;1;1;1;1;1;1;1;3;1;1;1;1;1;1;1;1;1;1;1;1;1;1;1;1;1;1;1;1;1;1;1;1;1;1;1;1;1;1;1;1;1;1;1;1;1;1;1;1;1;1;1;1;1;1;1;1;1;1;1;1;1;1;1;1;1;1;1;1;1;1;1;1;1;1;1;1;1;1;1;1;1;1;1;1;1;1;1;1;1;1;1;1;1;1;1;1;1;1;1;1;1;1;1;1;1;1;1;1;1;1;1;1;1;1;1;1;1;1;1;1;1;1;1;1;1;1;1;1;1;1;1;1;1;1;1;1;1;1;1;1;1;1;1;1;1;1;1;1;1;1;1;1;1;1;1;1;1;1;1;1;1;1;1;1;1;1;1;1;1;1;1;1;1;1;1;1;1;1;1;1;1;1;1;1;1;1;1;1;1;1;1;1;1;1;1;1;1;1;1;1;1;1;1;1;1;1;1;1;1;1;1;1;1;1;1;1;1;1;1;1;1;1;1;1;1;1;2;1;1;1;1;1;1;1;1;1;1;1;1;1;1;1;1;1;1;1;1;1;1;1;1;1;1;1;1;1;1;1;1;1;1;1;1;1;1;1;1;1;1;1;1;1;1;1;1;1;1;1;1;1;1;1;1;1;1;1;1;1;1;1;1;1;1;1;3;3;3;1;3;1;1;1;1;1;1;1;1;1;1;1;1;1;1;1;1;1;1;1;1;1;1;1;1;1;1;1;1;1;1;1;;53;Portugal;Portugal;Toda a vida;Sim;Norte;Rebordosa (PAREDES);Urbano;Branca;;;;;;;Cisgénero (identifica-se com o sexo atribuído à nascença);Masculino;2º Ciclo concluído (5º e 6º ano);Empregado/a;Médio;Até 1 050€;Casado/a ou em União de Facto;3;Sim, tenho 1 filho/a;Nada Importante;Não, nunca tive;0;Não;;;;;;;Não procurei ajuda porque não precisei;Não tenho seguro de saúde;Não;Não, nunca ou raramente.;;;;;Desemprego;;;;;;;;;;2-4 pessoas;Nunca;Nunca;Nunca;Nunca;Nunca;Nunca;Nunca;Nunca;Nunca;Nunca;Nunca;Nunca;Nunca
1;1;1;1;1;1;1;1;1;1;1;1;1;1;1;1;1;2;2;2;1;1;1;2;2;1;1;2;4;1;2;1;2;2;1;1;1;1;1;2;2;3;2;2;2;1;1;1;1;2;1;1;1;1;1;2;1;1;1;1;1;1;1;1;1;1;2;1;3;1;2;2;1;1;1;1;1;1;1;1;1;1;1;1;1;1;1;1;1;1;1;1;1;1;1;1;1;1;1;1;1;1;1;1;1;2;2;1;1;1;2;1;2;3;1;1;1;2;2;3;3;3;1;1;1;2;1;2;2;2;1;1;2;1;2;2;2;2;1;1;2;2;1;2;1;1;1;1;1;1;1;1;1;3;2;2;1;2;2;1;1;1;1;1;1;1;1;1;1;1;1;1;1;1;1;1;1;3;3;3;1;1;1;1;2;2;1;1;2;1;1;1;1;1;1;1;3;3;2;3;3;3;2;2;1;2;2;2;2;1;1;1;1;1;1;1;1;1;2;1;1;1;1;1;1;2;2;2;2;2;2;2;2;1;1;1;1;1;1;1;1;1;1;1;1;1;1;1;1;2;1;1;1;1;1;1;1;1;1;1;1;1;1;1;1;2;1;1;1;1;1;1;1;2;1;2;3;2;1;3;3;2;1;1;1;1;1;1;1;1;1;3;1;1;2;1;1;1;1;1;1;1;1;1;1;1;1;1;1;1;1;1;1;2;2;1;1;2;2;1;2;3;2;1;1;4;3;3;1;2;1;1;1;1;1;1;2;1;1;2;1;1;1;1;1;2;1;2;1;1;1;2;1;1;1;1;1;2;1;2;2;2;1;1;1;2;1;2;1;3;1;1;1;1;1;1;1;1;1;1;1;1;1;1;2;1;1;1;1;1;1;1;1;1;1;1;1;1;1;1;4;4;4;3;4;2;3;3;2;2;1;1;1;1;1;1;1;1;1;1;1;1;1;1;1;1;1;1;1;1;1;1;1;1;1;1;;50;Portugal;Portugal;Toda a vida;Sim;Norte;Novais (VILA NOVA DE FAMALICÃO);Urbano;Branca;;;;;;;Cisgénero (identifica-se com o sexo atribuído à nascença);Masculino;3º Ciclo concluído (7º, 8º e 9º ano);Empregado/a;Médio;2 801 - 4 000 €;Casado/a ou em União de Facto;3;Sim, tenho 2 filhos/as;Mais ou menos Importante;Não, nunca tive;0;Não;;;;;;;Sim;Tenho seguro de saúde que cobre despesas relacionadas com saúde mental;Não;Não, nunca ou raramente.;;;;;;;;;;;;;;Não experienciei nenhuma destas situações;5 ou mais pessoas;Uso diário ou quase diário;Nunca;Nunca;Nunca;Nunca;Nunca;Nunca;Nunca;Uso quase diário ou diário;Nunca;Nunca;Nunca;Nunca
1;1;1;1;1;1;1;1;1;1;1;1;1;1;1;1;2;2;2;2;2;2;1;2;1;2;2;2;2;2;3;2;3;3;1;1;1;1;1;2;2;2;2;2;1;1;1;1;1;1;1;2;2;4;2;2;1;1;1;2;1;1;1;1;1;4;1;1;1;2;2;3;4;1;1;1;1;1;1;1;1;2;2;1;1;1;1;1;3;2;1;1;2;2;2;1;1;1;1;1;1;1;2;2;2;2;1;1;1;1;2;1;2;3;1;2;2;1;1;2;2;1;1;1;2;1;1;1;2;1;1;2;2;1;1;2;2;2;2;2;1;3;1;1;1;1;1;1;1;1;1;1;1;2;2;2;1;1;3;1;2;2;2;2;1;1;1;1;1;1;1;1;1;1;2;2;2;1;1;3;1;1;1;3;2;3;1;1;3;1;1;1;1;1;1;1;3;3;2;1;2;1;1;1;1;2;2;1;2;1;1;1;1;1;1;1;1;1;1;1;2;1;1;1;1;1;1;1;2;1;2;2;1;4;3;3;2;1;1;1;1;2;1;2;2;2;2;2;2;2;1;1;1;1;1;1;1;1;1;1;1;1;1;1;1;2;1;1;1;1;1;1;1;1;1;2;3;2;2;3;2;4;1;1;1;1;1;1;1;1;1;1;1;1;1;1;1;1;1;1;1;1;3;1;2;1;1;2;1;2;1;1;1;1;1;1;1;1;3;2;2;1;2;2;2;2;2;1;1;4;1;1;1;1;1;2;1;1;1;1;1;1;1;1;2;2;2;3;1;1;1;2;1;1;1;1;1;3;1;2;2;1;2;2;2;1;1;2;2;1;2;2;1;1;1;1;1;1;1;1;1;2;1;1;1;2;2;1;1;1;1;1;1;1;1;1;1;1;1;1;3;4;3;3;3;2;2;1;2;1;1;2;1;1;1;1;1;2;1;1;1;1;2;1;1;1;1;1;1;1;1;1;1;1;1;1;;25;Portugal;Portugal;Toda a vida;Sim;Algarve;Quarteira (LOULÉ);Urbano;Branca;;;;;;;Cisgénero (identifica-se com o sexo atribuído à nascença);Masculino;Ensino Superior concluído (Licenciatura/bacharelato, mestrado, doutoramento);Empregado/a;Médio-baixo;Até 1 050€;Solteiro/a;3;Não;Pouco Importante;Não, nunca tive;0;Não;;;;;;;Sim;Não tenho a certeza;Não;Não, nunca ou raramente.;;;;;;;;;;;;;;Não experienciei nenhuma destas situações;5 ou mais pessoas;Uso mensal (pelo menos 1 vez por mês);Nunca;Uso diário ou quase diário, várias vezes por dia;Nunca;Nunca;Nunca;Nunca;Nunca;Uso mensal (em média 1 vez por mês);Prefiro não responder;Prefiro não responder;Nunca;Nunca
4;1;4;1;1;1;1;1;1;1;1;1;1;2;1;2;1;1;1;2;2;1;3;1;4;4;2;2;2;2;1;3;4;4;1;2;2;2;1;1;2;2;2;2;1;2;2;1;3;3;3;1;2;3;2;1;1;1;1;1;1;1;1;2;1;2;1;2;2;2;1;2;2;4;1;3;1;1;1;1;2;2;2;1;1;2;1;3;1;1;1;1;2;1;2;1;1;1;1;1;1;1;1;1;2;2;3;2;1;2;2;1;3;3;2;3;2;1;1;1;1;2;1;1;1;2;1;2;1;1;3;2;2;2;1;2;1;1;2;2;1;3;1;1;2;1;1;1;2;2;1;1;1;1;1;1;1;1;1;1;1;1;1;1;1;2;2;3;1;1;1;1;1;1;1;1;1;2;1;3;1;1;1;4;1;4;2;2;2;1;1;1;1;4;2;4;3;3;2;2;3;1;1;3;3;2;3;1;2;4;2;4;2;1;2;1;2;2;1;1;2;1;2;1;2;2;2;2;2;1;1;2;2;4;2;2;2;1;2;3;3;1;2;2;1;2;2;2;2;3;1;1;1;1;1;1;1;1;1;1;2;1;1;1;2;3;1;1;1;1;1;1;1;2;2;1;3;3;1;1;1;1;4;4;2;1;1;1;1;1;1;1;1;4;1;1;1;1;1;1;1;1;1;1;1;1;1;2;1;1;1;1;3;2;2;1;1;1;2;2;1;4;1;4;2;1;4;1;1;1;1;1;4;2;2;1;1;1;1;1;1;1;1;1;1;2;1;1;2;2;1;2;1;2;1;1;1;2;1;2;2;2;2;2;1;3;2;3;1;1;1;2;3;4;2;2;1;2;1;2;3;2;2;2;1;1;1;1;1;1;1;1;2;4;1;1;1;1;1;2;3;4;1;4;3;1;2;1;4;3;1;1;1;1;1;1;1;1;1;1;1;1;1;1;1;1;1;1;1;1;1;1;1;1;1;1;;19;Portugal;Portugal;Toda a vida;Sim;Algarve;Quarteira (LOULÉ);Urbano;Branca;;;;;;;Cisgénero (identifica-se com o sexo atribuído à nascença);Feminino;Ensino Secundário concluído (10º, 11º, 12º ano);Empregado/a;Médio-baixo;1 051 - 1 201 €;Solteiro/a;3;Não;Muito Importante;Não, nunca tive;0;Não;;;;;;;Não procurei ajuda porque não precisei;Não tenho seguro de saúde;Não;Não, nunca ou raramente.;;;Insegurança laboral (salários em atraso, contratos precários ou temporários, sem proteção social em caso de despedimento, ou outros);Insegurança física (nos trajetos do dia-a-dia e locais que costuma frequentar);Desemprego;;;;;Separação/divórcio;;;;;2-4 pessoas;Nunca;Nunca;Nunca;Nunca;Nunca;Nunca;Nunca;Nunca;Só para experimentar (1-3 vezes na vida);Nunca;Só para experimentar (1-3 vezes na vida);Nunca;Nunca
1;1;1;1;1;1;1;1;1;1;1;1;1;2;1;2;1;1;1;2;2;1;1;2;1;1;3;3;2;2;2;2;2;2;1;1;1;1;1;1;2;2;1;1;1;1;1;1;2;1;1;1;1;1;1;2;1;1;1;1;1;1;1;1;1;1;1;1;4;3;2;3;3;1;1;1;1;1;1;1;1;1;1;2;1;1;2;2;1;2;1;1;2;1;2;1;1;1;1;1;1;1;1;1;2;2;3;1;1;2;2;2;1;4;1;2;1;2;1;2;2;2;2;1;1;1;1;1;2;1;2;2;2;2;1;2;3;3;2;2;1;2;1;1;1;1;1;1;2;3;1;1;1;2;1;1;2;2;1;1;1;1;1;1;1;1;1;1;1;1;1;1;1;1;1;1;1;2;2;2;1;1;1;3;2;2;1;2;2;1;2;1;1;2;1;2;2;4;1;2;2;3;1;2;1;2;2;2;1;1;1;1;1;2;2;2;2;1;2;3;1;2;1;1;2;2;2;1;2;1;2;2;2;4;4;2;2;2;1;1;1;1;1;1;1;1;2;2;2;2;2;1;1;1;1;1;1;1;1;2;2;1;1;1;1;2;1;1;1;1;1;1;1;2;1;3;4;4;2;2;2;2;2;2;1;1;1;1;1;1;1;1;1;2;1;1;1;1;1;1;1;1;1;1;1;1;1;2;2;2;1;1;1;3;2;1;2;1;3;3;2;3;3;2;2;2;2;2;1;1;1;1;1;1;1;1;1;1;2;1;1;1;1;1;2;3;2;2;1;1;1;1;1;1;1;1;1;1;1;2;2;1;2;1;1;2;2;1;3;2;3;3;1;1;1;1;1;1;1;2;1;2;1;1;1;1;1;1;2;1;1;1;1;1;1;1;1;1;1;1;3;3;3;3;3;2;4;2;2;3;1;1;1;1;1;1;1;1;1;1;1;1;1;1;1;1;1;1;1;1;1;1;1;1;1;1;;51;Portugal;Portugal;Toda a vida;Sim;Norte;Mafamude (VILA NOVA DE GAIA);Urbano;Branca;;;;;;;Cisgénero (identifica-se com o sexo atribuído à nascença);Masculino;Ensino Superior concluído (Licenciatura/bacharelato, mestrado, doutoramento);Empregado/a;Médio;2 801 - 4 000 €;Casado/a ou em União de Facto;2;Sim, tenho 2 filhos/as;Muito Importante;Não, nunca tive;0;Não;;;;;;;Sim;Tenho seguro de saúde que cobre despesas relacionadas com saúde mental;Não;Por vezes;;;;;;;;;Luto;;;;;;5 ou mais pessoas;Nunca;Nunca;Nunca;Nunca;Nunca;Nunca;Nunca;Nunca;Só para experimentar (1-3 vezes na vida);Nunca;Nunca;Nunca;Nunca
2;1;1;1;1;1;1;1;1;1;1;1;1;1;1;1;2;2;1;1;1;1;1;1;3;1;1;1;1;1;3;4;3;4;1;1;3;3;3;1;1;1;2;3;1;2;1;1;1;3;1;2;2;3;1;4;1;1;1;1;1;1;1;1;1;1;1;1;3;1;1;3;1;1;1;1;1;1;1;1;1;1;1;1;1;1;1;3;3;3;1;1;4;2;1;1;1;1;1;3;1;1;1;1;1;3;4;3;1;1;1;1;3;4;1;1;1;1;2;1;4;1;1;2;1;3;3;1;3;4;1;3;4;1;2;3;2;3;3;3;1;2;2;1;1;1;1;1;1;1;1;1;1;3;1;1;1;3;1;1;1;1;3;1;2;2;3;3;1;1;1;1;1;1;1;1;1;3;1;1;1;1;1;4;2;1;3;2;2;3;4;4;1;3;1;4;4;2;3;1;1;4;1;1;3;2;2;2;3;2;3;3;1;1;1;1;3;1;1;3;1;1;1;1;1;3;2;2;3;2;1;2;2;1;1;1;1;1;1;1;1;1;3;3;2;3;1;2;3;1;1;3;1;1;1;1;1;1;3;1;1;1;1;1;1;2;3;1;1;1;1;1;1;3;2;3;3;4;1;1;1;3;1;1;3;3;1;1;1;1;1;1;1;3;1;1;1;1;1;1;3;1;1;1;1;2;1;1;3;3;3;3;1;1;1;1;3;1;1;3;2;3;2;2;1;3;3;1;3;1;1;1;1;1;1;1;1;1;1;1;1;1;1;1;1;1;1;1;1;1;1;1;1;1;1;1;1;1;3;1;1;3;1;1;1;3;1;1;1;1;1;2;4;1;1;1;2;1;1;1;1;1;1;1;1;1;1;1;1;1;1;1;1;3;1;1;1;1;1;1;3;1;4;4;1;3;4;4;3;4;1;1;1;1;1;1;1;1;1;1;1;1;1;1;1;1;1;1;1;1;1;1;1;1;1;1;;56;Angola;Portugal;A maior parte da minha vida;Sim;Norte;Moreira (MAIA);Urbano;Branca;;;;;;;Cisgénero (identifica-se com o sexo atribuído à nascença);Feminino;3º Ciclo concluído (7º, 8º e 9º ano);Empregado/a;Médio;1 201 - 1 500 €;Casado/a ou em União de Facto;4;Sim, tenho 3 filhos/as;Muito Importante;Não, nunca tive;0;Não;;;;;;;Não procurei ajuda porque não precisei;Tenho seguro de saúde que cobre despesas relacionadas com saúde mental;Não;Por vezes;;;;;;;;;;;;;;Não experienciei nenhuma destas situações;2-4 pessoas;Nunca;Nunca;Nunca;Nunca;Nunca;Nunca;Nunca;Nunca;Nunca;Nunca;Nunca;Nunca;Nunca
2;1;1;1;1;1;1;1;1;1;1;1;1;2;1;2;1;2;3;2;2;1;2;3;2;3;3;3;3;3;4;3;3;3;1;1;1;1;1;1;3;3;3;2;1;1;1;1;1;1;1;3;2;2;2;2;1;1;2;1;1;1;1;1;2;1;2;1;3;2;3;3;3;1;2;2;1;2;1;1;2;3;2;2;1;1;1;2;3;4;2;2;3;2;2;1;1;2;1;2;2;1;1;1;1;3;3;3;3;1;3;2;4;2;2;3;2;1;1;1;1;1;1;1;1;1;1;1;1;2;3;3;1;1;1;3;2;3;3;1;2;2;1;2;3;1;1;1;1;1;1;1;1;2;3;2;3;1;4;3;3;4;4;4;1;2;1;1;1;1;1;1;1;1;1;2;1;3;2;3;1;1;1;3;1;2;1;1;2;1;3;4;2;3;1;3;3;2;3;2;4;3;1;1;3;2;2;1;4;1;1;1;1;1;1;2;1;1;1;1;2;1;1;1;1;2;2;1;2;1;2;1;3;2;3;4;2;1;1;1;2;1;2;1;3;2;1;2;2;2;2;2;1;1;1;1;1;1;1;1;1;1;1;3;2;3;1;1;1;1;1;1;1;2;2;3;2;2;1;1;1;2;2;3;1;1;1;1;1;1;3;2;1;2;1;1;1;1;1;2;2;1;1;1;1;1;2;2;1;1;1;2;4;4;4;4;1;1;2;1;2;2;2;2;2;2;2;2;1;2;2;3;1;1;1;3;2;3;2;2;1;2;1;1;4;1;2;2;3;1;2;2;1;1;1;1;1;2;1;2;2;1;3;4;1;2;3;2;1;2;1;2;1;1;1;1;2;1;1;1;2;1;2;2;2;2;2;2;2;1;1;1;1;2;1;1;1;1;1;1;3;3;3;3;3;1;1;1;4;1;2;3;1;2;1;1;2;1;1;1;1;1;1;1;1;1;1;1;1;1;1;1;1;1;1;1;;20;Ucrânia;Portugal;A maior parte da minha vida;Sim;Algarve;Lumiar (LISBOA);Urbano;Branca;;;;;;;Cisgénero (identifica-se com o sexo atribuído à nascença);Feminino;Ensino Secundário concluído (10º, 11º, 12º ano);Estudante;Médio;1 501 - 1 800 €;Solteiro/a;3;Não;Pouco Importante;Não, nunca tive;0;Não;;;;;;;Não procurei ajuda, apesar de ter precisado;Prefiro não responder;Sim, 1-5 dias;Bastantes vezes;;;;;;;;;;;;;;Não experienciei nenhuma destas situações;5 ou mais pessoas;Uso semanal (pelo menos 1 vez por semana);Nunca;Nunca;Nunca;Nunca;Nunca;Nunca;Nunca;Uso semanal (pelo menos 1 vez por semana);Nunca;Nunca;Nunca;Nunca
1;2;1;1;1;1;1;1;1;1;1;1;2;1;1;1;1;1;3;2;2;2;2;2;2;3;3;3;2;4;2;3;2;3;2;2;1;2;1;1;3;3;2;3;1;3;2;2;2;2;1;2;3;3;3;2;1;1;1;2;1;1;1;1;1;2;3;1;3;2;2;3;4;1;1;1;2;2;1;2;1;1;1;1;1;1;1;2;1;1;1;2;2;1;2;1;1;1;2;1;2;1;1;1;2;2;2;3;2;2;3;3;2;2;3;2;3;2;2;2;2;3;2;1;2;2;1;2;1;2;2;2;2;1;1;1;2;2;2;1;1;2;2;2;1;1;2;2;3;2;1;1;1;2;2;1;1;1;2;3;3;4;4;4;2;3;2;1;2;1;1;2;1;1;3;2;2;2;2;3;1;1;1;3;2;1;1;2;3;2;3;2;1;1;1;3;3;3;2;3;4;3;2;2;1;4;4;2;1;1;2;1;1;1;1;1;1;1;2;2;2;1;2;2;2;2;2;2;3;2;3;2;2;4;4;4;4;2;2;2;2;1;2;1;2;1;1;2;3;2;2;1;1;1;1;1;1;1;4;2;1;2;2;2;1;3;2;1;1;2;2;1;1;1;1;1;1;2;1;4;2;1;1;1;3;1;1;1;1;2;1;2;1;3;1;1;1;1;2;1;1;1;1;1;1;2;1;3;3;1;1;3;1;1;1;1;2;2;3;3;1;2;2;3;3;2;2;2;2;2;3;1;3;3;2;1;1;1;1;2;1;1;1;1;1;4;1;1;1;1;1;3;1;2;1;1;2;2;1;2;2;4;2;2;1;1;3;3;2;3;2;1;1;1;3;1;1;1;1;1;1;2;1;1;2;1;2;1;4;1;1;1;1;1;1;1;1;1;1;1;3;3;2;3;3;1;2;1;3;1;1;1;1;1;1;1;1;1;1;1;1;1;1;1;1;1;1;1;1;1;1;1;1;1;1;1;;21;Portugal;Portugal;Toda a vida;Sim;Norte;Nogueira e Ermida (VILA REAL);Urbano;Branca;;;;;;;Cisgénero (identifica-se com o sexo atribuído à nascença);Masculino;Ensino Secundário concluído (10º, 11º, 12º ano);Empregado/a;Médio;2 801 - 4 000 €;Solteiro/a;3;Não;Pouco Importante;Não, nunca tive;0;Não;;;;;;;Não procurei ajuda, apesar de ter precisado;Tenho seguro de saúde que cobre despesas relacionadas com saúde mental;Não;Bastantes vezes;;;;;;;Conflitos familiares ou relacionais persistentes;;;;;;;;5 ou mais pessoas;Nunca;Nunca;Nunca;Nunca;Nunca;Nunca;Nunca;Nunca;Ocasionalmente (menos de 1 vez por mês);Só para experimentar (1-3 vezes na vida);Só para experimentar (1-3 vezes na vida);Nunca;Nunca
1;1;1;1;1;1;1;1;1;1;1;1;1;1;1;1;1;2;1;1;1;1;1;1;2;1;2;1;2;2;3;3;3;2;1;1;1;1;1;1;3;3;2;2;2;1;1;2;1;1;1;2;4;3;1;4;1;1;1;1;1;1;1;1;1;1;1;1;2;2;1;2;1;2;2;2;2;1;1;2;2;3;2;1;1;1;1;1;3;2;1;2;3;1;3;1;2;1;3;2;1;2;1;2;3;3;3;2;2;1;3;1;2;3;2;2;2;3;3;4;2;3;3;1;2;1;1;2;2;2;2;3;1;2;2;3;3;3;3;2;2;4;2;2;2;1;1;1;1;2;2;1;1;3;4;3;1;2;3;1;2;3;2;1;1;2;2;1;1;1;1;1;1;1;1;1;1;3;1;3;1;0;1;4;1;3;2;3;2;3;2;2;1;2;2;2;3;2;2;1;4;3;2;3;1;2;2;2;1;1;1;1;2;2;2;1;1;2;1;1;2;1;1;1;1;4;2;2;3;1;2;3;2;3;2;4;2;1;2;2;3;2;2;2;2;2;1;1;1;2;2;1;1;2;1;1;1;1;3;1;1;1;1;1;1;2;1;2;1;1;1;1;1;2;4;3;2;4;2;2;1;3;2;2;1;2;1;1;1;1;1;1;1;1;1;1;1;1;1;1;1;1;2;3;2;2;1;1;1;2;1;1;1;2;2;1;2;1;4;2;2;2;3;3;3;2;2;3;1;1;1;1;3;1;2;2;1;1;2;2;1;1;1;1;1;3;1;2;1;1;1;3;1;1;1;1;2;1;1;1;2;3;2;1;2;1;1;2;2;2;2;1;2;1;3;1;3;1;1;1;1;2;1;1;2;2;2;1;2;1;1;1;1;2;1;1;2;1;1;1;3;3;2;3;3;1;2;2;3;2;2;1;1;1;1;1;1;1;1;1;1;1;1;1;1;1;1;1;1;1;1;1;1;1;1;1;1;19;Portugal;Portugal;Toda a vida;Sim;Grande Lisboa;Ajuda (LISBOA);Urbano;Branca;Negra;Asiática;Cigana;;;;Cisgénero (identifica-se com o sexo atribuído à nascença);Feminino;Ensino Superior concluído (Licenciatura/bacharelato, mestrado, doutoramento);Estudante;Médio;Não sei/prefiro não responder;Solteiro/a;4;Não;Mais ou menos Importante;Não, nunca tive;0;Não;;;;;;;Sim;Tenho seguro de saúde que cobre despesas relacionadas com saúde mental;Sim, 1-5 dias;Frequentemente ou Sempre;;;;;;;Conflitos familiares ou relacionais persistentes;;;;;;;;5 ou mais pessoas;Ocasionalmente (1 - 10 vezes em todo o ano);Ocasionalmente (1 - 10 vezes em todo o ano);Ocasionalmente (1 - 10 vezes em todo o ano);Nunca;Nunca;Nunca;Nunca;Nunca;Ocasionalmente (menos de 1 vez por mês);Só para experimentar (1-3 vezes na vida);Só para experimentar (1-3 vezes na vida);Nunca;Nunca
1;1;1;1;1;1;1;1;1;1;1;1;1;2;1;2;1;2;1;2;2;2;2;1;2;2;2;2;2;1;1;2;2;2;1;1;1;1;2;1;1;2;2;3;2;1;2;1;1;1;1;1;2;1;2;1;1;1;1;1;1;1;1;1;1;1;1;1;2;1;1;1;2;1;1;1;1;1;1;1;1;2;1;1;1;1;1;1;2;1;2;1;2;1;2;1;1;1;1;1;1;1;1;1;2;3;3;2;1;2;2;1;2;4;1;2;1;1;1;1;1;4;2;1;1;1;1;1;2;2;1;3;3;1;1;2;2;2;2;1;2;1;1;1;1;1;1;1;1;1;1;1;1;1;1;1;1;1;1;1;1;1;1;1;1;1;1;2;1;1;1;1;1;1;1;1;1;3;3;2;1;1;1;2;1;3;1;1;2;1;2;1;1;1;1;2;1;1;1;2;4;2;1;3;1;1;1;1;2;1;1;1;1;1;1;1;2;1;1;1;2;1;1;2;2;4;2;1;4;1;4;1;2;1;1;1;1;1;1;1;1;1;1;1;1;1;2;2;2;1;2;1;1;1;1;1;1;1;2;1;1;1;1;2;1;2;1;1;1;1;1;1;1;1;2;1;2;1;2;1;1;1;1;1;1;1;1;1;1;1;1;1;1;1;1;0;1;1;1;1;1;1;1;1;1;1;1;2;2;2;1;3;1;1;1;1;2;1;2;2;2;1;2;1;1;1;1;1;1;1;2;1;4;1;1;1;1;1;1;1;1;1;1;1;1;1;1;1;1;1;1;1;1;1;1;1;1;2;1;2;1;1;1;1;2;1;1;2;2;2;1;3;1;1;1;2;1;1;1;1;1;1;1;1;1;1;1;2;1;1;1;1;1;1;1;1;1;1;1;1;3;3;4;3;2;2;1;2;3;3;1;1;1;1;1;1;1;1;1;1;1;1;1;1;1;1;1;1;1;1;1;1;1;1;1;1;1;53;Portugal;Portugal;Toda a vida;Sim;Norte;Abragão (PENAFIEL);Rural;;;;;;;Prefiro não responder;Cisgénero (identifica-se com o sexo atribuído à nascença);Feminino;2º Ciclo concluído (5º e 6º ano);Empregado/a;Médio;1 051 - 1 201 €;Casado/a ou em União de Facto;4;Sim, tenho 2 filhos/as;Mais ou menos Importante;Não, nunca tive;0;Não;;;;;;;Sim;Não tenho seguro de saúde;Não;Por vezes;Dificuldades económicas recorrentes para pagar despesas essenciais (contas de luz, água, aquecimento, alimentação, etc);Insegurança habitacional (atraso no pagamento de renda ou conta, risco de perda, sobrelotação, ou outros);;;;;;;;;;;;;5 ou mais pessoas;Nunca;Nunca;Nunca;Nunca;Nunca;Nunca;Nunca;Nunca;Nunca;Nunca;Nunca;Nunca;Nunca
2;1;2;1;1;1;1;1;1;1;1;1;1;1;1;1;1;1;1;1;1;2;1;3;1;1;2;2;1;1;2;1;4;2;1;1;1;1;1;1;1;3;1;2;1;2;1;1;1;2;1;1;2;2;2;1;1;1;1;1;1;1;1;1;1;1;1;1;3;3;1;4;1;2;1;2;1;1;1;1;2;2;2;1;1;1;1;2;1;1;1;1;1;1;1;1;1;1;1;1;1;1;1;1;2;3;3;1;1;1;1;1;1;3;1;2;1;1;1;1;1;1;1;1;1;2;1;1;1;2;3;2;1;1;1;2;2;1;2;1;1;3;1;1;1;1;1;1;1;2;1;1;1;1;1;2;1;1;1;1;1;1;1;1;1;1;2;1;1;1;1;1;1;1;1;1;1;3;3;3;1;1;1;4;2;2;1;2;2;2;1;1;1;1;2;1;3;3;1;2;3;3;1;2;1;2;1;1;1;1;1;1;1;2;1;1;2;2;1;1;1;1;1;1;1;2;2;2;1;1;3;1;1;1;3;2;2;1;1;1;1;1;1;1;2;1;1;2;2;1;1;1;1;1;1;1;1;1;1;1;1;1;1;2;1;3;1;1;1;1;1;1;1;1;1;1;1;1;1;1;1;1;1;2;1;1;1;1;1;1;1;1;1;1;1;1;1;1;1;1;1;1;1;1;1;2;1;1;1;1;1;1;1;1;1;1;1;2;2;2;1;2;2;3;1;1;1;2;2;1;2;1;3;1;3;1;1;1;1;1;1;1;1;1;2;2;1;1;2;1;1;1;1;1;1;2;1;2;1;1;2;2;2;1;1;2;1;1;1;1;1;1;1;2;2;2;1;1;1;1;3;1;1;1;1;1;1;1;2;1;1;1;2;2;2;1;1;1;1;1;3;4;3;4;3;1;2;2;3;2;1;1;1;1;1;1;1;1;1;1;1;1;1;1;1;1;1;1;1;1;1;1;1;1;1;1;;19;Portugal;Portugal;Toda a vida;Sim;Norte;Abragão (PENAFIEL);Rural;;;;;;;Prefiro não responder;Cisgénero (identifica-se com o sexo atribuído à nascença);Feminino;Ensino Secundário concluído (10º, 11º, 12º ano);Estudante;Médio;1 051 - 1 201 €;Solteiro/a;4;Não;Nada Importante;Não, nunca tive;0;;Sim, por um psicólogo;;;;;;Sim;Não tenho seguro de saúde;Não;Por vezes;;;;;;;;;Luto;;;Estigmatização (raça, género, idade, orientação sexual, condição social ou outra característica pessoal);;;5 ou mais pessoas;Nunca;Nunca;Nunca;Nunca;Nunca;Nunca;Nunca;Nunca;Só para experimentar (1-3 vezes na vida);Nunca;Só para experimentar (1-3 vezes na vida);Nunca;Nunca
1;1;1;1;1;1;1;1;1;1;1;1;1;1;1;1;1;1;1;1;1;1;1;1;1;1;2;2;1;1;2;2;2;2;1;1;1;1;1;1;2;1;1;1;1;1;1;1;2;2;1;2;2;2;2;2;1;1;1;1;1;1;1;1;1;1;1;1;3;3;1;2;2;1;1;1;1;1;1;1;1;1;1;2;1;1;1;1;1;1;1;1;2;1;2;1;1;1;1;1;1;1;1;1;2;2;2;2;1;1;2;1;1;2;1;2;1;1;1;1;1;1;1;1;2;1;1;1;2;2;1;2;1;1;1;2;3;2;3;1;1;1;1;1;1;1;1;1;1;1;1;1;1;1;1;1;1;1;1;1;1;1;1;1;1;1;1;1;1;1;1;1;1;1;1;1;1;2;1;3;1;1;1;2;2;2;1;1;2;1;1;1;1;1;1;1;2;2;1;2;2;2;1;1;1;2;2;2;2;2;2;3;1;1;1;1;1;1;1;1;1;1;1;1;1;1;1;1;2;1;1;1;1;1;1;2;1;1;2;2;2;1;1;1;2;2;1;2;1;1;1;1;1;1;1;1;1;1;1;1;1;1;1;1;2;2;1;1;1;1;1;1;1;1;1;1;1;1;1;1;1;1;1;1;1;1;1;1;1;1;1;1;1;1;1;1;1;1;1;1;1;1;1;2;2;2;2;2;2;1;1;2;1;1;1;1;1;1;2;1;2;2;2;2;1;2;1;1;1;1;1;1;1;1;1;1;1;1;1;2;1;1;1;1;1;1;1;1;1;1;1;1;1;1;1;1;1;1;1;2;1;2;2;1;1;1;1;2;1;1;2;1;1;1;1;1;2;1;1;1;1;1;1;1;1;1;1;1;1;1;1;1;1;1;2;1;2;1;1;1;2;3;2;3;3;1;1;1;2;1;1;1;1;1;1;1;1;1;1;1;1;1;1;1;1;1;1;1;1;1;1;1;1;1;1;1;;19;Portugal;Portugal;Toda a vida;Sim;Norte;Pedroso (VILA NOVA DE GAIA);Semiurbano;Branca;;;;;;;Cisgénero (identifica-se com o sexo atribuído à nascença);Feminino;Ensino Secundário concluído (10º, 11º, 12º ano);Estudante;Médio;1 501 - 1 800 €;Solteiro/a;3;Não;Mais ou menos Importante;Não, nunca tive;0;Não;;;;;;;Sim;Não tenho seguro de saúde;Não;Por vezes;;;;;;;;;;;;;;Não experienciei nenhuma destas situações;2-4 pessoas;Ocasionalmente (1 - 10 vezes em todo o ano);Nunca;Nunca;Nunca;Nunca;Nunca;Nunca;Nunca;Só para experimentar (1-3 vezes na vida);Nunca;Nunca;Nunca;Nunca
4;2;2;2;2;1;1;1;1;1;1;1;1;2;1;2;1;2;2;2;1;2;2;2;2;2;1;2;2;1;2;2;2;2;2;2;3;3;2;2;2;3;2;4;2;2;1;1;2;2;1;4;2;2;3;2;1;1;1;2;2;1;2;2;3;2;2;1;4;3;2;3;1;2;1;2;2;2;1;1;1;1;1;1;1;1;1;1;2;1;1;2;2;1;1;2;2;1;2;2;1;2;2;2;3;2;3;2;2;3;3;2;3;4;2;2;2;1;2;2;2;2;1;2;2;2;2;2;1;2;1;3;2;2;2;3;3;4;2;2;4;1;2;3;2;1;1;1;1;1;1;1;1;1;2;1;2;1;2;1;1;4;2;1;1;2;2;1;1;1;1;1;1;1;1;1;1;2;2;2;1;1;1;2;4;1;2;4;2;2;2;2;1;2;2;2;2;3;4;2;3;2;2;2;2;3;2;4;2;2;2;3;1;3;2;1;1;2;2;1;2;3;1;2;3;3;4;2;4;4;3;2;4;1;1;1;1;1;2;2;2;2;2;1;2;2;2;2;3;2;1;1;1;1;1;1;1;1;2;1;1;1;1;1;1;2;1;2;1;1;1;1;1;3;2;2;3;4;1;1;1;1;3;3;2;3;1;1;1;1;2;3;1;2;2;1;1;1;1;1;1;1;3;1;1;2;3;2;2;3;2;4;2;2;1;1;2;2;2;1;2;4;4;3;2;1;3;1;1;1;1;1;1;1;1;2;1;2;1;2;1;1;1;1;1;1;2;2;2;2;1;1;1;1;1;1;1;2;2;3;2;2;3;4;2;2;3;1;2;2;2;2;2;2;2;1;2;4;1;3;1;4;2;2;2;2;2;3;2;1;1;1;4;3;2;2;2;1;2;1;2;2;2;3;2;2;3;2;2;4;1;1;1;1;1;1;1;1;1;1;1;1;1;1;1;1;1;1;1;1;1;1;1;1;1;1;;59;Portugal;Portugal;Toda a vida;Sim;Grande Lisboa;Não Aplicável;Urbano;Branca;;;;;;;Cisgénero (identifica-se com o sexo atribuído à nascença);Feminino;Ensino pós-secundário não superior (cursos técnico-profissionais, cursos de especialização, formação técnica);Empregado/a;Médio;2 801 - 4 000 €;Separado/a ou Divorciado/a;1, sou só eu;Sim, tenho 2 filhos/as;Muito Importante;Não, nunca tive;0;Não;;;;;;;Sim;Tenho seguro de saúde, mas não cobre despesas relacionadas com saúde mental;Não;Bastantes vezes;;;;;;;;;Luto;;;;;;5 ou mais pessoas;Nunca;Nunca;Nunca;Nunca;Nunca;Nunca;Nunca;Nunca;Uso mensal (em média 1 vez por mês);Nunca;Só para experimentar (1-3 vezes na vida);Nunca;Ocasionalmente (menos de 1 vez por mês)
1;1;1;1;1;1;1;1;1;1;1;1;1;1;1;1;2;3;2;4;2;2;2;2;1;1;1;1;1;1;2;2;2;2;1;1;2;1;1;2;1;2;1;2;1;2;1;1;3;2;1;2;2;2;2;2;1;1;1;1;1;2;1;1;1;2;2;1;2;1;2;2;2;1;2;2;1;1;1;1;4;1;1;1;1;1;1;1;1;1;1;3;2;1;1;1;1;2;1;2;2;1;1;1;2;2;1;1;1;2;2;1;4;2;1;2;1;1;2;1;1;3;1;1;2;1;1;1;2;2;1;2;2;1;1;2;2;2;3;2;1;2;1;1;1;1;1;1;1;1;1;1;1;2;2;1;2;1;2;2;1;1;3;1;1;1;1;1;1;1;1;2;1;1;1;1;1;2;1;4;1;1;1;1;1;3;1;4;2;2;2;1;2;2;1;2;3;4;2;4;3;2;1;1;1;2;2;2;3;4;4;4;1;2;1;1;2;1;1;1;1;1;1;1;1;3;3;2;4;2;3;2;2;1;1;1;1;1;1;1;4;1;2;1;2;1;1;2;2;2;1;1;1;1;1;1;1;2;1;1;1;1;1;2;1;2;1;1;1;1;1;1;1;1;1;2;4;2;2;2;1;2;2;2;2;2;1;1;1;1;1;1;1;2;1;1;1;1;1;1;1;1;1;1;2;1;2;3;2;1;1;2;1;1;1;2;1;1;3;1;1;2;3;3;2;3;2;1;1;1;1;1;1;1;1;1;1;1;1;1;1;1;1;1;2;1;1;2;1;1;1;1;1;1;1;1;1;2;2;4;2;2;2;1;1;3;4;1;1;4;2;1;2;4;2;1;1;1;2;1;1;3;2;2;2;1;3;2;1;1;1;1;1;1;1;1;1;1;1;1;3;3;3;4;3;1;2;2;1;2;1;1;2;1;1;1;1;2;1;1;2;1;2;1;2;1;1;1;1;1;1;1;1;1;1;1;;58;Portugal;Portugal;Toda a vida;Sim;Alentejo;Landeira (VENDAS NOVAS);Urbano;Branca;;;;;;;Cisgénero (identifica-se com o sexo atribuído à nascença);Masculino;3º Ciclo concluído (7º, 8º e 9º ano);Desempregado/a;Médio-baixo;Até 1 050€;Casado/a ou em União de Facto;2;Sim, tenho 2 filhos/as;Nada Importante;Não, nunca tive;0;Não;;;;;;;Não procurei ajuda porque não precisei;Não tenho seguro de saúde;Não;Não, nunca ou raramente.;;;;;Desemprego;;;;Luto;;;;;;2-4 pessoas;Ocasionalmente (1 - 10 vezes em todo o ano);Nunca;Nunca;Nunca;Nunca;Nunca;Nunca;Nunca;Ocasionalmente (menos de 1 vez por mês);Nunca;Nunca;Nunca;Nunca
1;1;1;1;1;1;1;1;1;1;1;1;1;1;1;1;1;1;1;1;1;1;1;1;1;1;1;1;1;1;1;1;1;1;2;1;1;1;1;1;1;2;1;2;1;1;1;1;1;1;1;1;1;1;1;1;1;1;1;1;1;1;1;1;1;1;1;1;1;1;1;1;1;1;1;1;1;2;1;1;1;1;1;1;1;1;1;1;1;1;1;1;1;1;1;1;1;1;1;1;1;1;1;1;1;1;1;1;1;1;1;1;1;1;1;1;1;1;3;1;1;1;1;1;1;1;1;1;1;1;1;1;1;1;1;1;1;1;1;1;1;1;1;1;1;1;1;1;1;1;1;1;1;1;1;1;1;1;1;1;1;1;1;1;1;1;1;1;1;1;1;1;1;1;1;1;1;2;2;2;1;1;1;3;1;2;1;1;3;1;1;1;1;1;1;1;2;2;2;2;2;2;1;1;1;1;2;1;1;2;2;2;1;1;1;1;1;1;1;1;1;1;1;1;1;2;1;2;2;1;1;1;1;1;1;1;1;1;1;1;1;1;1;1;1;1;1;2;2;1;1;1;1;1;1;1;1;1;1;1;1;1;1;1;1;1;1;1;1;1;1;1;1;1;1;1;1;1;1;1;1;1;1;1;1;1;1;1;1;1;1;1;1;1;1;1;1;1;1;1;1;1;1;1;1;1;1;1;1;1;1;1;1;1;1;1;1;1;1;1;1;2;2;2;1;2;2;1;1;1;1;1;1;1;1;1;1;1;1;1;1;1;1;1;1;2;1;1;1;1;1;1;1;1;1;1;1;1;1;1;1;3;1;1;1;1;1;2;1;3;2;2;1;1;1;1;1;1;1;1;1;1;1;1;1;1;1;1;1;1;1;1;2;2;1;1;1;1;1;1;3;4;3;3;3;2;1;1;2;1;1;1;1;1;1;1;1;1;1;1;1;1;1;1;1;1;1;1;1;1;1;1;1;1;1;1;;72;Portugal;Portugal;Toda a vida;Sim;Norte;Pinheiro da Bemposta, Travanca e Palmaz (OLIVEIRA DE AZEMÉIS);Urbano;Branca;;;;;;;Cisgénero (identifica-se com o sexo atribuído à nascença);Masculino;1º Ciclo concluído (1º, 2º, 3º e 4º ano);Reformado/a;Médio;Até 1 050€;Casado/a ou em União de Facto;2;Sim, tenho 3 filhos/as;Mais ou menos Importante;Não, nunca tive;0;Não;;;;;;;Sim;Não tenho seguro de saúde;Não;Não, nunca ou raramente.;;;;;;;;;;;;;;Não experienciei nenhuma destas situações;2-4 pessoas;Nunca;Nunca;Nunca;Nunca;Nunca;Nunca;Nunca;Nunca;Nunca;Nunca;Nunca;Nunca;Nunca
2;3;3;1;1;1;1;1;1;1;1;1;1;1;1;1;2;2;3;2;2;3;3;1;3;4;4;4;4;1;4;1;3;2;2;2;3;1;2;2;3;4;3;4;1;4;3;1;4;2;3;1;3;4;3;4;1;1;1;1;1;1;1;1;4;1;4;1;1;1;3;2;2;1;1;4;1;1;1;1;2;3;4;1;2;3;1;1;3;2;2;2;4;1;2;1;1;1;1;1;2;2;4;2;1;2;2;2;2;2;3;3;2;3;1;3;2;3;2;3;3;2;2;1;4;4;2;1;3;4;4;4;3;3;2;4;3;2;3;2;1;4;1;1;1;1;1;1;1;1;1;1;1;2;3;2;1;1;4;2;4;2;3;2;1;4;4;2;1;1;1;1;1;4;1;3;2;2;1;3;1;1;1;1;1;2;2;1;2;4;2;1;1;1;2;3;4;3;4;3;3;3;1;1;1;3;3;2;3;1;2;3;2;1;1;1;2;1;1;2;3;1;1;1;2;2;1;1;4;1;2;2;1;1;1;1;1;1;1;1;1;2;3;3;4;4;2;3;2;1;3;1;1;1;1;1;1;1;3;1;3;1;1;1;1;2;1;1;1;1;1;2;1;1;1;1;2;3;1;1;1;1;1;1;4;1;1;1;1;1;3;1;2;1;1;1;1;2;1;1;1;1;3;3;3;1;3;4;2;3;2;1;1;1;2;1;2;1;3;3;3;4;3;4;4;4;4;2;1;1;1;1;1;1;1;3;3;3;2;1;1;1;1;1;1;4;1;4;1;1;1;4;3;4;4;4;4;2;4;2;2;1;2;4;2;1;3;3;2;3;1;3;2;2;1;3;4;1;1;1;4;4;1;1;1;1;4;1;2;1;1;1;1;1;1;1;2;1;1;1;2;3;2;3;2;1;1;1;2;1;2;3;2;1;2;2;3;1;2;1;3;1;3;1;1;3;1;3;1;1;2;2;1;1;1;1;;20;Portugal;Portugal;Toda a vida;Sim;Norte;Pedroso (VILA NOVA DE GAIA);Semiurbano;Branca;;;;;;;Cisgénero (identifica-se com o sexo atribuído à nascença);Masculino;Ensino Secundário concluído (10º, 11º, 12º ano);Estudante;Médio-baixo;1 051 - 1 201 €;Solteiro/a;2;Não;Nada Importante;Não, nunca tive;0;Não;;;;;;;Não procurei ajuda porque não precisei;Não tenho a certeza;Não;Não, nunca ou raramente.;;;;;;;;;;;;;;Não experienciei nenhuma destas situações;2-4 pessoas;Uso semanal (pelo menos 1 vez por semana);Ocasionalmente (1 - 10 vezes em todo o ano);Uso diário ou quase diário;Nunca;Nunca;Nunca;Nunca;Nunca;Uso semanal (pelo menos 1 vez por semana);Só para experimentar (1-3 vezes na vida);Uso quase diário ou diário;Nunca;Nunca
1;1;1;1;1;1;1;1;1;1;1;1;1;1;1;1;3;4;3;2;4;4;1;1;2;3;2;3;4;2;1;1;1;2;1;3;1;2;1;2;2;3;3;3;1;1;1;1;1;1;1;1;1;1;2;1;1;1;1;1;1;1;1;3;1;4;1;1;2;2;2;2;2;1;1;1;1;1;1;1;1;2;1;1;1;1;2;3;1;2;1;1;3;1;2;1;1;1;1;1;1;2;2;2;1;2;2;1;1;1;1;3;4;3;1;2;1;4;3;3;3;3;2;1;1;2;2;1;1;1;1;1;1;1;2;1;2;1;1;1;3;1;2;1;1;1;1;1;1;1;1;1;1;2;2;1;1;2;2;2;1;1;1;1;1;1;2;1;1;1;1;1;1;1;1;1;1;3;3;2;1;1;1;2;3;3;1;1;1;1;1;1;2;1;1;1;2;4;1;4;4;4;1;3;1;1;1;1;1;2;3;1;3;2;3;3;3;1;1;1;1;1;1;2;1;1;2;3;3;1;4;3;1;3;2;2;3;1;1;1;1;2;1;2;2;1;1;1;3;1;1;1;1;1;1;1;1;1;1;1;1;1;1;2;1;1;1;1;1;3;1;1;1;2;2;4;3;3;3;3;1;2;3;2;1;1;1;1;1;2;1;1;1;1;1;1;1;1;1;1;1;1;1;1;1;2;1;1;3;1;2;1;1;2;3;1;1;2;4;3;1;4;4;4;1;4;4;3;1;1;1;2;1;1;1;2;2;1;3;1;1;1;1;1;2;1;1;2;1;1;1;1;1;1;1;1;1;4;1;4;1;4;1;1;1;3;1;2;2;3;2;2;1;1;1;1;1;1;1;1;1;2;1;1;1;1;1;1;1;1;1;1;1;1;1;1;1;1;1;1;3;3;3;3;3;1;2;1;1;1;1;1;1;1;1;1;1;1;1;1;1;1;1;1;1;1;1;1;1;1;1;1;1;1;1;1;;51;Portugal;Portugal;Toda a vida;Sim;Norte;Brito (GUIMARÃES);Rural;Branca;;;;;;;Cisgénero (identifica-se com o sexo atribuído à nascença);Feminino;Ensino Secundário concluído (10º, 11º, 12º ano);Empregado/a;Médio;1 801 - 2800 €;Casado/a ou em União de Facto;4;Sim, tenho 2 filhos/as;Mais ou menos Importante;Não, nunca tive;0;Não;;;;;;;Não procurei ajuda porque não precisei;Tenho seguro de saúde que cobre despesas relacionadas com saúde mental;Não;Não, nunca ou raramente.;;;;;;;;;;;;;;Não experienciei nenhuma destas situações;2-4 pessoas;Nunca;Nunca;Nunca;Nunca;Nunca;Nunca;Nunca;Ocasionalmente (1 - 10 vezes em todo o ano);Nunca;Nunca;Nunca;Nunca;Nunca
1;1;1;1;1;1;2;1;1;1;1;1;1;1;1;1;2;1;2;1;2;1;1;1;1;3;1;3;4;2;1;1;1;1;1;1;1;2;1;1;1;3;1;2;1;1;1;1;1;1;1;1;1;2;1;1;1;1;1;1;1;1;1;1;1;3;1;3;2;2;2;2;2;1;1;1;1;1;1;1;1;1;1;1;1;1;1;2;1;1;1;1;2;1;2;1;1;1;1;1;1;1;1;1;1;1;1;1;1;1;1;1;2;3;1;1;1;3;3;3;3;2;2;1;1;1;1;1;1;1;1;1;1;1;2;1;1;1;1;1;3;1;1;3;1;1;1;1;1;2;1;1;1;2;2;1;1;1;1;1;1;1;1;1;1;1;1;1;1;1;1;1;1;1;1;1;1;2;2;3;1;1;1;1;2;1;1;1;1;1;1;1;1;1;1;1;1;4;2;3;4;4;1;1;1;1;1;1;1;1;1;1;1;1;1;1;1;1;1;1;1;1;1;1;1;2;2;1;3;1;1;2;1;2;2;2;2;1;1;1;1;1;1;2;2;1;1;2;1;1;1;1;1;1;1;1;1;1;1;1;1;1;1;1;1;1;1;1;1;3;1;1;1;3;2;3;4;4;1;1;1;1;1;2;1;1;1;1;1;1;1;1;1;1;1;1;1;1;1;1;1;1;1;1;1;1;1;3;2;1;2;2;1;1;1;1;1;1;3;1;1;4;4;1;1;1;4;1;1;1;1;2;1;1;1;1;1;1;1;1;1;1;1;1;2;1;1;1;1;1;1;1;1;1;1;1;1;4;1;4;1;4;1;1;1;1;1;1;2;1;2;1;1;1;1;1;1;1;1;1;1;2;1;1;1;1;1;1;1;1;1;1;1;1;1;1;1;1;1;1;2;2;2;2;2;1;1;1;2;1;1;1;1;1;1;1;1;1;1;1;1;1;1;1;1;1;1;1;1;1;1;1;1;1;1;1;;51;Portugal;Portugal;Toda a vida;Sim;Norte;Brito (GUIMARÃES);Rural;Branca;;;;;;;Cisgénero (identifica-se com o sexo atribuído à nascença);Feminino;Ensino Secundário concluído (10º, 11º, 12º ano);Empregado/a;Médio;1 801 - 2800 €;Casado/a ou em União de Facto;4;Sim, tenho 2 filhos/as;Mais ou menos Importante;Não, nunca tive;0;Não;;;;;;;Não procurei ajuda porque não precisei;Não tenho seguro de saúde;Não;Prefiro não responder;;;;;;;;;;;;;;Não experienciei nenhuma destas situações;2-4 pessoas;Nunca;Nunca;Nunca;Nunca;Nunca;Nunca;Nunca;Ocasionalmente (1 - 10 vezes em todo o ano);Nunca;Nunca;Nunca;Nunca;Nunca
4;2;1;2;2;1;1;1;1;1;2;1;1;1;1;1;2;2;1;4;4;2;4;4;4;2;3;4;4;1;4;2;2;1;2;1;3;1;2;2;2;4;4;1;1;2;2;4;2;4;1;4;2;4;2;1;1;1;2;1;4;1;1;3;1;1;1;2;1;1;1;1;1;4;1;4;1;1;1;1;1;2;2;1;1;1;1;1;1;2;2;3;4;1;1;1;4;1;1;1;1;2;2;4;4;4;4;4;4;4;4;2;4;4;2;4;4;1;1;1;1;1;1;3;2;2;1;3;1;3;1;2;2;2;1;2;4;3;4;1;2;1;2;4;2;1;1;1;1;1;1;1;1;1;1;2;1;1;3;1;1;4;4;1;1;1;2;1;1;1;1;1;1;1;3;1;1;1;2;1;1;1;1;1;1;1;1;2;2;2;3;2;3;2;1;2;4;2;2;2;2;3;4;4;2;2;4;4;4;4;4;4;4;2;4;4;4;4;1;1;1;1;1;1;1;2;4;3;3;4;2;2;1;2;2;1;1;1;2;1;1;4;2;4;4;1;1;2;1;1;2;1;1;1;1;1;1;1;1;1;4;1;1;2;2;4;3;2;1;1;1;1;1;1;2;1;4;2;3;2;1;3;1;2;1;1;1;1;1;1;1;1;1;1;1;1;1;1;1;1;1;1;2;1;2;4;2;4;4;3;1;4;1;1;1;1;2;3;4;4;1;4;4;4;4;4;4;1;1;1;1;1;3;1;1;4;1;4;4;4;1;1;1;1;4;4;4;4;2;3;4;1;1;1;1;2;1;4;1;4;2;4;3;4;4;3;4;2;2;2;2;2;1;1;1;3;3;1;1;1;1;4;2;2;4;4;4;3;2;1;1;1;1;1;1;1;1;1;1;1;2;1;2;1;2;2;4;2;2;1;1;1;1;1;1;1;1;1;1;1;1;1;4;1;1;1;1;1;1;1;1;1;1;1;1;1;;50;Portugal;Portugal;Toda a vida;Sim;Centro;Abraveses (VISEU);Urbano;Branca;;;;;;;Cisgénero (identifica-se com o sexo atribuído à nascença);Feminino;Ensino Superior concluído (Licenciatura/bacharelato, mestrado, doutoramento);Empregado/a;Médio-alto;4001 - 6000 €;Casado/a ou em União de Facto;3;Sim, tenho 2 filhos/as;Pouco Importante;Não, nunca tive;0;Não;;;;;;;Não procurei ajuda, apesar de ter precisado;Não tenho seguro de saúde;Não;Frequentemente ou Sempre;;;;;;;Conflitos familiares ou relacionais persistentes;;;;;;;;2-4 pessoas;Nunca;Nunca;Nunca;Nunca;Nunca;Nunca;Nunca;Nunca;Nunca;Nunca;Nunca;Nunca;Nunca
1;1;1;1;2;1;1;1;1;1;1;1;1;1;1;1;1;2;2;3;2;2;1;2;2;1;2;2;3;1;1;1;1;1;1;1;2;1;1;1;2;4;2;3;2;2;1;1;4;1;1;2;4;4;2;3;1;1;1;2;1;2;1;2;1;1;3;2;3;2;2;2;2;1;1;1;1;1;1;1;2;2;2;2;1;1;1;1;2;2;1;2;2;2;2;1;2;1;1;1;2;3;2;4;3;4;4;2;2;4;4;3;4;4;1;2;1;1;1;1;1;2;1;1;2;1;1;1;2;2;2;3;2;2;1;3;4;3;3;1;1;1;1;3;2;1;1;1;1;1;1;1;1;1;2;1;1;1;2;2;1;3;2;1;2;2;2;2;1;1;1;1;1;1;1;1;1;1;2;2;1;1;1;2;1;1;2;3;2;2;2;2;1;2;1;2;4;4;2;2;4;3;2;1;2;3;3;2;4;3;2;4;1;1;1;1;1;1;1;1;1;1;2;1;1;1;2;2;2;2;3;2;2;2;2;2;1;1;2;2;2;2;2;2;2;3;1;2;2;2;2;1;1;1;1;1;1;1;1;2;1;1;2;1;3;3;2;1;1;1;1;1;1;1;3;1;1;1;2;2;2;1;2;2;1;1;1;1;1;1;1;1;1;1;1;1;1;1;1;1;1;3;4;2;3;2;2;2;1;2;1;2;1;1;1;1;2;2;2;1;1;2;3;2;2;3;4;1;1;1;1;1;1;1;1;1;1;1;1;2;1;1;1;1;1;2;1;1;1;1;1;1;1;1;1;1;1;2;2;2;1;2;2;2;1;4;1;2;2;2;1;2;1;1;1;1;2;2;4;4;2;3;1;1;1;2;4;2;2;1;1;1;2;2;3;1;2;1;1;1;1;2;1;1;1;2;4;2;2;2;1;1;1;1;1;1;1;1;1;1;1;1;1;1;1;1;1;1;1;1;1;1;1;1;1;1;;54;Portugal;Portugal;Toda a vida;Sim;Grande Lisboa;Agualva e Mira-Sintra (SINTRA);Urbano;Branca;;;;;;;Cisgénero (identifica-se com o sexo atribuído à nascença);Masculino;Ensino Secundário concluído (10º, 11º, 12º ano);Empregado/a;Médio;1 801 - 2800 €;Casado/a ou em União de Facto;2;Sim, tenho 1 filho/a;Pouco Importante;Não, nunca tive;0;Não;;;;;;;Sim;Tenho seguro de saúde, mas não cobre despesas relacionadas com saúde mental;Não;Bastantes vezes;;;;;;;;;;;;;;Não experienciei nenhuma destas situações;2-4 pessoas;Nunca;Nunca;Nunca;Nunca;Nunca;Nunca;Nunca;Nunca;Nunca;Nunca;Nunca;Nunca;Nunca
1;1;1;1;1;1;1;1;1;1;1;1;1;1;1;2;1;2;1;2;2;1;1;1;1;1;1;2;2;1;3;1;2;1;1;1;2;1;2;1;1;2;1;1;1;2;1;1;2;1;1;1;1;2;1;2;1;1;1;1;1;1;1;1;1;1;1;1;3;3;2;3;2;1;1;1;2;1;2;2;1;2;1;1;1;1;2;2;2;2;1;1;3;2;2;1;1;1;1;1;1;2;3;1;1;2;2;1;1;1;2;1;1;2;1;2;1;2;1;1;2;2;1;1;1;1;1;1;3;1;1;1;2;1;1;2;1;2;2;1;1;1;1;2;1;2;2;1;2;2;1;1;1;1;2;1;1;1;1;3;1;3;1;1;1;1;1;1;1;1;1;1;1;1;1;1;1;2;1;2;1;1;1;2;2;3;2;3;2;2;1;2;2;2;2;2;2;2;1;3;3;2;1;2;1;2;2;4;4;4;4;4;1;1;1;1;1;1;2;2;2;2;2;3;2;4;4;4;4;2;4;2;2;3;2;2;1;1;1;1;1;1;1;1;1;1;3;2;2;2;1;1;1;1;1;1;1;1;2;1;1;2;1;1;1;2;1;1;1;4;2;2;1;2;1;1;2;1;3;2;3;2;1;2;1;1;1;1;1;1;1;2;1;1;1;1;1;2;1;1;1;1;2;2;2;2;3;1;1;1;1;1;1;1;1;1;2;1;3;3;1;4;2;2;2;2;2;1;2;1;1;1;1;1;1;1;1;1;1;1;1;1;1;1;1;1;1;1;1;1;1;1;1;1;1;1;1;1;3;2;1;1;2;1;1;1;2;3;2;3;2;2;1;2;1;2;1;1;4;1;1;1;1;1;2;1;1;2;1;1;1;1;1;3;1;1;1;1;1;1;2;4;4;3;4;2;2;2;2;4;1;1;1;1;1;1;1;1;1;1;1;1;1;1;1;1;1;1;1;1;1;1;1;1;1;1;;48;Portugal;Portugal;Toda a vida;Sim;Norte;Brito (GUIMARÃES);Semiurbano;Branca;;;;;;;Cisgénero (identifica-se com o sexo atribuído à nascença);Masculino;3º Ciclo concluído (7º, 8º e 9º ano);Empregado/a;Médio;1 801 - 2800 €;Casado/a ou em União de Facto;4;Sim, tenho 2 filhos/as;Mais ou menos Importante;Não, nunca tive;0;Não;;;;;;;Não procurei ajuda porque não precisei;Não tenho seguro de saúde;Não;Não, nunca ou raramente.;;;;;;;;;;;;;;Não experienciei nenhuma destas situações;2-4 pessoas;Nunca;Nunca;Nunca;Nunca;Nunca;Nunca;Nunca;Ocasionalmente (1 - 10 vezes em todo o ano);Nunca;Nunca;Nunca;Nunca;Nunca
1;1;2;1;1;1;1;1;1;1;1;1;1;2;1;2;1;1;1;3;2;2;2;1;2;1;1;2;3;2;2;1;3;1;3;3;3;1;3;1;1;3;2;2;1;1;2;1;1;1;1;1;2;1;1;1;1;1;1;1;1;2;1;1;1;1;2;1;3;2;1;2;3;1;1;1;1;2;1;3;1;1;1;1;1;1;1;3;1;1;2;1;1;1;1;1;1;1;1;1;1;1;2;1;1;2;2;2;1;2;2;1;3;4;1;2;1;1;4;1;3;2;1;1;1;1;1;1;4;2;2;2;2;1;2;2;2;2;3;1;2;2;1;1;1;1;1;1;1;1;1;1;1;1;3;1;2;1;1;1;1;1;1;1;1;3;1;1;1;1;1;1;1;1;1;1;1;4;2;3;1;1;1;3;3;4;1;2;3;3;1;1;1;1;2;2;2;3;1;3;3;2;2;2;2;3;3;2;2;2;2;2;1;1;2;3;2;1;1;2;2;1;1;2;2;3;3;2;3;2;2;2;2;2;1;2;1;1;1;2;1;1;1;1;1;1;2;2;2;1;1;1;1;1;1;1;1;1;3;1;1;4;1;3;1;2;2;1;1;1;1;1;1;1;1;3;3;3;2;1;2;2;1;1;1;1;1;2;1;1;1;1;2;2;1;1;1;1;1;1;1;2;1;1;1;1;2;1;1;3;1;2;1;2;1;1;3;1;3;3;1;3;4;4;1;3;3;1;1;1;1;1;1;1;1;2;2;2;3;4;1;1;1;1;1;3;1;1;1;1;1;1;1;1;1;1;1;2;4;2;3;2;1;1;1;1;1;2;2;3;2;2;1;4;2;3;2;1;1;1;2;2;2;1;2;1;1;2;1;1;1;1;1;1;2;1;1;1;1;1;4;3;3;1;3;2;2;3;4;2;1;2;2;1;2;1;1;1;1;1;1;2;1;1;1;2;1;3;1;1;1;2;1;3;1;1;;54;Portugal;Portugal;Toda a vida;Sim;Norte;Cedofeita, Ildefonso, Sé, Miragaia, Nicolau, Vitória (PORTO);Urbano;Branca;;;;;;;Cisgénero (identifica-se com o sexo atribuído à nascença);Feminino;3º Ciclo concluído (7º, 8º e 9º ano);Empregado/a;Médio;Até 1 050€;Separado/a ou Divorciado/a;3;Sim, tenho 2 filhos/as;Muito Importante;Não, nunca tive;0;Não;;;;;;;Sim;Não tenho seguro de saúde;Não;Não, nunca ou raramente.;Dificuldades económicas recorrentes para pagar despesas essenciais (contas de luz, água, aquecimento, alimentação, etc);Insegurança habitacional (atraso no pagamento de renda ou conta, risco de perda, sobrelotação, ou outros);;;;;Conflitos familiares ou relacionais persistentes;;;;;;;;2-4 pessoas;Ocasionalmente (1 - 10 vezes em todo o ano);Nunca;Uso diário ou quase diário, várias vezes por dia;Nunca;Nunca;Nunca;Nunca;Nunca;Ocasionalmente (menos de 1 vez por mês);Nunca;Uso diário ou quase diário, várias vezes ao dia;Nunca;Nunca
1;1;1;1;1;1;1;1;1;1;1;1;1;1;1;1;1;2;1;2;1;1;1;2;1;1;1;1;3;1;1;2;3;2;1;1;1;1;1;1;2;2;2;2;1;1;1;1;1;2;1;1;1;1;1;1;1;1;1;1;1;1;1;1;1;1;1;1;3;3;2;4;1;1;1;1;1;1;1;1;2;2;2;2;1;1;1;1;1;1;1;1;1;1;2;1;1;1;1;1;1;1;1;1;1;2;1;1;1;1;1;1;1;2;1;1;1;2;2;2;2;3;2;1;1;1;1;1;1;1;1;2;1;1;1;1;1;1;1;1;2;2;1;1;2;1;1;1;1;1;1;1;1;2;3;2;1;2;1;1;1;1;1;1;1;1;1;1;1;1;1;1;1;1;1;1;1;3;2;3;1;1;1;3;2;3;1;1;4;1;1;1;1;1;1;1;3;3;1;3;3;2;1;1;2;1;2;1;1;1;1;2;2;1;1;2;2;1;3;1;1;2;1;2;1;1;2;1;2;1;1;1;2;1;1;1;1;1;1;2;1;1;1;1;2;1;1;2;2;1;1;1;1;1;1;1;1;1;1;1;1;1;1;1;1;2;2;1;1;1;1;1;1;1;1;1;1;1;1;1;1;1;1;2;1;1;1;1;1;1;1;1;1;1;1;1;1;1;1;1;1;1;2;2;2;2;2;1;1;1;1;1;1;1;1;1;3;1;2;2;1;2;2;4;2;3;3;1;1;3;1;1;1;1;1;1;1;1;1;1;1;1;1;1;1;1;1;1;1;1;1;1;1;2;1;1;1;1;1;1;1;2;1;1;1;1;1;1;2;1;2;1;2;2;1;1;1;2;1;1;2;3;2;1;1;2;2;1;2;1;1;1;1;1;1;1;1;1;1;1;3;4;3;3;3;1;1;1;1;1;1;1;1;1;1;1;1;1;1;1;1;1;1;1;1;1;1;1;1;1;1;1;1;1;1;1;;70;Portugal;Portugal;Toda a vida;Sim;Norte;Brito (GUIMARÃES);Semiurbano;Branca;;;;;;;Cisgénero (identifica-se com o sexo atribuído à nascença);Feminino;1º Ciclo concluído (1º, 2º, 3º e 4º ano);Reformado/a;Médio;Até 1 050€;Casado/a ou em União de Facto;2;Sim, tenho 2 filhos/as;Muito Importante;Não, nunca tive;0;Não;;;;;;;Sim;Tenho seguro de saúde que cobre despesas relacionadas com saúde mental;Não;Não, nunca ou raramente.;;;;;;;;;;;;;;Não experienciei nenhuma destas situações;5 ou mais pessoas;Nunca;Nunca;Nunca;Nunca;Nunca;Nunca;Nunca;Nunca;Uso quase diário ou diário;Nunca;Nunca;Nunca;Nunca